building_id,region,building_type,climate_zone,year,mean,lower_80,upper_80,lower_95,upper_95,split
MEF-0001,Rabat-Salé-Kénitra,ministry_hq,coastal,2005,1.92,,,,,historical
MEF-0001,Rabat-Salé-Kénitra,ministry_hq,coastal,2006,1.88,,,,,historical
MEF-0001,Rabat-Salé-Kénitra,ministry_hq,coastal,2007,2.01,,,,,historical
MEF-0001,Rabat-Salé-Kénitra,ministry_hq,coastal,2008,1.95,,,,,historical
MEF-0001,Rabat-Salé-Kénitra,ministry_hq,coastal,2009,2.14,,,,,historical
MEF-0001,Rabat-Salé-Kénitra,ministry_hq,coastal,2010,2.21,,,,,historical
MEF-0001,Rabat-Salé-Kénitra,ministry_hq,coastal,2011,2.41,,,,,historical
MEF-0001,Rabat-Salé-Kénitra,ministry_hq,coastal,2012,2.59,,,,,historical
MEF-0001,Rabat-Salé-Kénitra,ministry_hq,coastal,2013,2.65,,,,,historical
MEF-0001,Rabat-Salé-Kénitra,ministry_hq,coastal,2014,2.72,,,,,historical
MEF-0001,Rabat-Salé-Kénitra,ministry_hq,coastal,2015,2.66,,,,,historical
MEF-0001,Rabat-Salé-Kénitra,ministry_hq,coastal,2016,2.85,,,,,historical
MEF-0001,Rabat-Salé-Kénitra,ministry_hq,coastal,2017,3.03,,,,,historical
MEF-0001,Rabat-Salé-Kénitra,ministry_hq,coastal,2018,3.24,,,,,historical
MEF-0001,Rabat-Salé-Kénitra,ministry_hq,coastal,2019,3.5,,,,,historical
MEF-0001,Rabat-Salé-Kénitra,ministry_hq,coastal,2020,3.02,,,,,historical
MEF-0001,Rabat-Salé-Kénitra,ministry_hq,coastal,2021,3.44,,,,,historical
MEF-0001,Rabat-Salé-Kénitra,ministry_hq,coastal,2022,3.36,,,,,historical
MEF-0001,Rabat-Salé-Kénitra,ministry_hq,coastal,2023,3.82,,,,,historical
MEF-0001,Rabat-Salé-Kénitra,ministry_hq,coastal,2024,3.72,,,,,historical
MEF-0002,Rabat-Salé-Kénitra,annex,coastal,2005,0.5,,,,,historical
MEF-0002,Rabat-Salé-Kénitra,annex,coastal,2006,0.5,,,,,historical
MEF-0002,Rabat-Salé-Kénitra,annex,coastal,2007,0.5,,,,,historical
MEF-0002,Rabat-Salé-Kénitra,annex,coastal,2008,0.5,,,,,historical
MEF-0002,Rabat-Salé-Kénitra,annex,coastal,2009,0.5,,,,,historical
MEF-0002,Rabat-Salé-Kénitra,annex,coastal,2010,0.5,,,,,historical
MEF-0002,Rabat-Salé-Kénitra,annex,coastal,2011,0.5,,,,,historical
MEF-0002,Rabat-Salé-Kénitra,annex,coastal,2012,0.55,,,,,historical
MEF-0002,Rabat-Salé-Kénitra,annex,coastal,2013,0.52,,,,,historical
MEF-0002,Rabat-Salé-Kénitra,annex,coastal,2014,0.63,,,,,historical
MEF-0002,Rabat-Salé-Kénitra,annex,coastal,2015,0.6,,,,,historical
MEF-0002,Rabat-Salé-Kénitra,annex,coastal,2016,0.61,,,,,historical
MEF-0002,Rabat-Salé-Kénitra,annex,coastal,2017,0.66,,,,,historical
MEF-0002,Rabat-Salé-Kénitra,annex,coastal,2018,0.63,,,,,historical
MEF-0002,Rabat-Salé-Kénitra,annex,coastal,2019,0.6,,,,,historical
MEF-0002,Rabat-Salé-Kénitra,annex,coastal,2020,0.5,,,,,historical
MEF-0002,Rabat-Salé-Kénitra,annex,coastal,2021,0.67,,,,,historical
MEF-0002,Rabat-Salé-Kénitra,annex,coastal,2022,0.7,,,,,historical
MEF-0002,Rabat-Salé-Kénitra,annex,coastal,2023,0.69,,,,,historical
MEF-0002,Rabat-Salé-Kénitra,annex,coastal,2024,0.76,,,,,historical
MEF-0003,Rabat-Salé-Kénitra,annex,coastal,2005,0.5,,,,,historical
MEF-0003,Rabat-Salé-Kénitra,annex,coastal,2006,0.5,,,,,historical
MEF-0003,Rabat-Salé-Kénitra,annex,coastal,2007,0.5,,,,,historical
MEF-0003,Rabat-Salé-Kénitra,annex,coastal,2008,0.5,,,,,historical
MEF-0003,Rabat-Salé-Kénitra,annex,coastal,2009,0.5,,,,,historical
MEF-0003,Rabat-Salé-Kénitra,annex,coastal,2010,0.5,,,,,historical
MEF-0003,Rabat-Salé-Kénitra,annex,coastal,2011,0.5,,,,,historical
MEF-0003,Rabat-Salé-Kénitra,annex,coastal,2012,0.5,,,,,historical
MEF-0003,Rabat-Salé-Kénitra,annex,coastal,2013,0.5,,,,,historical
MEF-0003,Rabat-Salé-Kénitra,annex,coastal,2014,0.5,,,,,historical
MEF-0003,Rabat-Salé-Kénitra,annex,coastal,2015,0.5,,,,,historical
MEF-0003,Rabat-Salé-Kénitra,annex,coastal,2016,0.5,,,,,historical
MEF-0003,Rabat-Salé-Kénitra,annex,coastal,2017,0.5,,,,,historical
MEF-0003,Rabat-Salé-Kénitra,annex,coastal,2018,0.5,,,,,historical
MEF-0003,Rabat-Salé-Kénitra,annex,coastal,2019,0.5,,,,,historical
MEF-0003,Rabat-Salé-Kénitra,annex,coastal,2020,0.5,,,,,historical
MEF-0003,Rabat-Salé-Kénitra,annex,coastal,2021,0.5,,,,,historical
MEF-0003,Rabat-Salé-Kénitra,annex,coastal,2022,0.5,,,,,historical
MEF-0003,Rabat-Salé-Kénitra,annex,coastal,2023,0.5,,,,,historical
MEF-0003,Rabat-Salé-Kénitra,annex,coastal,2024,0.5,,,,,historical
MEF-0004,Rabat-Salé-Kénitra,ministry_hq,coastal,2005,6.73,,,,,historical
MEF-0004,Rabat-Salé-Kénitra,ministry_hq,coastal,2006,7.96,,,,,historical
MEF-0004,Rabat-Salé-Kénitra,ministry_hq,coastal,2007,8.1,,,,,historical
MEF-0004,Rabat-Salé-Kénitra,ministry_hq,coastal,2008,8.31,,,,,historical
MEF-0004,Rabat-Salé-Kénitra,ministry_hq,coastal,2009,8.48,,,,,historical
MEF-0004,Rabat-Salé-Kénitra,ministry_hq,coastal,2010,9.33,,,,,historical
MEF-0004,Rabat-Salé-Kénitra,ministry_hq,coastal,2011,9.64,,,,,historical
MEF-0004,Rabat-Salé-Kénitra,ministry_hq,coastal,2012,9.88,,,,,historical
MEF-0004,Rabat-Salé-Kénitra,ministry_hq,coastal,2013,9.86,,,,,historical
MEF-0004,Rabat-Salé-Kénitra,ministry_hq,coastal,2014,11.24,,,,,historical
MEF-0004,Rabat-Salé-Kénitra,ministry_hq,coastal,2015,12.04,,,,,historical
MEF-0004,Rabat-Salé-Kénitra,ministry_hq,coastal,2016,12.07,,,,,historical
MEF-0004,Rabat-Salé-Kénitra,ministry_hq,coastal,2017,11.82,,,,,historical
MEF-0004,Rabat-Salé-Kénitra,ministry_hq,coastal,2018,12.76,,,,,historical
MEF-0004,Rabat-Salé-Kénitra,ministry_hq,coastal,2019,12.87,,,,,historical
MEF-0004,Rabat-Salé-Kénitra,ministry_hq,coastal,2020,11.62,,,,,historical
MEF-0004,Rabat-Salé-Kénitra,ministry_hq,coastal,2021,13.24,,,,,historical
MEF-0004,Rabat-Salé-Kénitra,ministry_hq,coastal,2022,15.12,,,,,historical
MEF-0004,Rabat-Salé-Kénitra,ministry_hq,coastal,2023,14.37,,,,,historical
MEF-0004,Rabat-Salé-Kénitra,ministry_hq,coastal,2024,14.99,,,,,historical
MEF-0005,Rabat-Salé-Kénitra,regional_office,coastal,2005,1.27,,,,,historical
MEF-0005,Rabat-Salé-Kénitra,regional_office,coastal,2006,1.32,,,,,historical
MEF-0005,Rabat-Salé-Kénitra,regional_office,coastal,2007,1.4,,,,,historical
MEF-0005,Rabat-Salé-Kénitra,regional_office,coastal,2008,1.45,,,,,historical
MEF-0005,Rabat-Salé-Kénitra,regional_office,coastal,2009,1.51,,,,,historical
MEF-0005,Rabat-Salé-Kénitra,regional_office,coastal,2010,1.54,,,,,historical
MEF-0005,Rabat-Salé-Kénitra,regional_office,coastal,2011,1.61,,,,,historical
MEF-0005,Rabat-Salé-Kénitra,regional_office,coastal,2012,1.81,,,,,historical
MEF-0005,Rabat-Salé-Kénitra,regional_office,coastal,2013,1.89,,,,,historical
MEF-0005,Rabat-Salé-Kénitra,regional_office,coastal,2014,1.87,,,,,historical
MEF-0005,Rabat-Salé-Kénitra,regional_office,coastal,2015,2.11,,,,,historical
MEF-0005,Rabat-Salé-Kénitra,regional_office,coastal,2016,2.02,,,,,historical
MEF-0005,Rabat-Salé-Kénitra,regional_office,coastal,2017,2.07,,,,,historical
MEF-0005,Rabat-Salé-Kénitra,regional_office,coastal,2018,2.22,,,,,historical
MEF-0005,Rabat-Salé-Kénitra,regional_office,coastal,2019,2.18,,,,,historical
MEF-0005,Rabat-Salé-Kénitra,regional_office,coastal,2020,1.91,,,,,historical
MEF-0005,Rabat-Salé-Kénitra,regional_office,coastal,2021,2.36,,,,,historical
MEF-0005,Rabat-Salé-Kénitra,regional_office,coastal,2022,2.28,,,,,historical
MEF-0005,Rabat-Salé-Kénitra,regional_office,coastal,2023,2.31,,,,,historical
MEF-0005,Rabat-Salé-Kénitra,regional_office,coastal,2024,2.51,,,,,historical
MEF-0006,Rabat-Salé-Kénitra,regional_office,coastal,2005,1.33,,,,,historical
MEF-0006,Rabat-Salé-Kénitra,regional_office,coastal,2006,1.32,,,,,historical
MEF-0006,Rabat-Salé-Kénitra,regional_office,coastal,2007,1.34,,,,,historical
MEF-0006,Rabat-Salé-Kénitra,regional_office,coastal,2008,1.45,,,,,historical
MEF-0006,Rabat-Salé-Kénitra,regional_office,coastal,2009,1.47,,,,,historical
MEF-0006,Rabat-Salé-Kénitra,regional_office,coastal,2010,1.65,,,,,historical
MEF-0006,Rabat-Salé-Kénitra,regional_office,coastal,2011,1.61,,,,,historical
MEF-0006,Rabat-Salé-Kénitra,regional_office,coastal,2012,1.77,,,,,historical
MEF-0006,Rabat-Salé-Kénitra,regional_office,coastal,2013,1.94,,,,,historical
MEF-0006,Rabat-Salé-Kénitra,regional_office,coastal,2014,1.95,,,,,historical
MEF-0006,Rabat-Salé-Kénitra,regional_office,coastal,2015,2.23,,,,,historical
MEF-0006,Rabat-Salé-Kénitra,regional_office,coastal,2016,2.32,,,,,historical
MEF-0006,Rabat-Salé-Kénitra,regional_office,coastal,2017,2.45,,,,,historical
MEF-0006,Rabat-Salé-Kénitra,regional_office,coastal,2018,2.48,,,,,historical
MEF-0006,Rabat-Salé-Kénitra,regional_office,coastal,2019,2.74,,,,,historical
MEF-0006,Rabat-Salé-Kénitra,regional_office,coastal,2020,2.17,,,,,historical
MEF-0006,Rabat-Salé-Kénitra,regional_office,coastal,2021,2.41,,,,,historical
MEF-0006,Rabat-Salé-Kénitra,regional_office,coastal,2022,2.61,,,,,historical
MEF-0006,Rabat-Salé-Kénitra,regional_office,coastal,2023,2.37,,,,,historical
MEF-0006,Rabat-Salé-Kénitra,regional_office,coastal,2024,2.88,,,,,historical
MEF-0007,Rabat-Salé-Kénitra,regional_office,coastal,2005,0.86,,,,,historical
MEF-0007,Rabat-Salé-Kénitra,regional_office,coastal,2006,0.9,,,,,historical
MEF-0007,Rabat-Salé-Kénitra,regional_office,coastal,2007,0.88,,,,,historical
MEF-0007,Rabat-Salé-Kénitra,regional_office,coastal,2008,0.81,,,,,historical
MEF-0007,Rabat-Salé-Kénitra,regional_office,coastal,2009,0.9,,,,,historical
MEF-0007,Rabat-Salé-Kénitra,regional_office,coastal,2010,0.96,,,,,historical
MEF-0007,Rabat-Salé-Kénitra,regional_office,coastal,2011,0.97,,,,,historical
MEF-0007,Rabat-Salé-Kénitra,regional_office,coastal,2012,1.09,,,,,historical
MEF-0007,Rabat-Salé-Kénitra,regional_office,coastal,2013,1.15,,,,,historical
MEF-0007,Rabat-Salé-Kénitra,regional_office,coastal,2014,1.25,,,,,historical
MEF-0007,Rabat-Salé-Kénitra,regional_office,coastal,2015,1.4,,,,,historical
MEF-0007,Rabat-Salé-Kénitra,regional_office,coastal,2016,1.51,,,,,historical
MEF-0007,Rabat-Salé-Kénitra,regional_office,coastal,2017,1.48,,,,,historical
MEF-0007,Rabat-Salé-Kénitra,regional_office,coastal,2018,1.67,,,,,historical
MEF-0007,Rabat-Salé-Kénitra,regional_office,coastal,2019,1.69,,,,,historical
MEF-0007,Rabat-Salé-Kénitra,regional_office,coastal,2020,1.41,,,,,historical
MEF-0007,Rabat-Salé-Kénitra,regional_office,coastal,2021,1.74,,,,,historical
MEF-0007,Rabat-Salé-Kénitra,regional_office,coastal,2022,1.8,,,,,historical
MEF-0007,Rabat-Salé-Kénitra,regional_office,coastal,2023,1.97,,,,,historical
MEF-0007,Rabat-Salé-Kénitra,regional_office,coastal,2024,1.73,,,,,historical
MEF-0008,Rabat-Salé-Kénitra,ministry_hq,coastal,2005,7.83,,,,,historical
MEF-0008,Rabat-Salé-Kénitra,ministry_hq,coastal,2006,8.64,,,,,historical
MEF-0008,Rabat-Salé-Kénitra,ministry_hq,coastal,2007,8.68,,,,,historical
MEF-0008,Rabat-Salé-Kénitra,ministry_hq,coastal,2008,8.81,,,,,historical
MEF-0008,Rabat-Salé-Kénitra,ministry_hq,coastal,2009,9.04,,,,,historical
MEF-0008,Rabat-Salé-Kénitra,ministry_hq,coastal,2010,9.33,,,,,historical
MEF-0008,Rabat-Salé-Kénitra,ministry_hq,coastal,2011,9.73,,,,,historical
MEF-0008,Rabat-Salé-Kénitra,ministry_hq,coastal,2012,10.04,,,,,historical
MEF-0008,Rabat-Salé-Kénitra,ministry_hq,coastal,2013,10.61,,,,,historical
MEF-0008,Rabat-Salé-Kénitra,ministry_hq,coastal,2014,10.9,,,,,historical
MEF-0008,Rabat-Salé-Kénitra,ministry_hq,coastal,2015,12.29,,,,,historical
MEF-0008,Rabat-Salé-Kénitra,ministry_hq,coastal,2016,11.85,,,,,historical
MEF-0008,Rabat-Salé-Kénitra,ministry_hq,coastal,2017,13.62,,,,,historical
MEF-0008,Rabat-Salé-Kénitra,ministry_hq,coastal,2018,14.17,,,,,historical
MEF-0008,Rabat-Salé-Kénitra,ministry_hq,coastal,2019,15.01,,,,,historical
MEF-0008,Rabat-Salé-Kénitra,ministry_hq,coastal,2020,12.7,,,,,historical
MEF-0008,Rabat-Salé-Kénitra,ministry_hq,coastal,2021,13.44,,,,,historical
MEF-0008,Rabat-Salé-Kénitra,ministry_hq,coastal,2022,14.94,,,,,historical
MEF-0008,Rabat-Salé-Kénitra,ministry_hq,coastal,2023,15.48,,,,,historical
MEF-0008,Rabat-Salé-Kénitra,ministry_hq,coastal,2024,15.43,,,,,historical
MEF-0009,Rabat-Salé-Kénitra,annex,coastal,2005,0.5,,,,,historical
MEF-0009,Rabat-Salé-Kénitra,annex,coastal,2006,0.5,,,,,historical
MEF-0009,Rabat-Salé-Kénitra,annex,coastal,2007,0.5,,,,,historical
MEF-0009,Rabat-Salé-Kénitra,annex,coastal,2008,0.5,,,,,historical
MEF-0009,Rabat-Salé-Kénitra,annex,coastal,2009,0.5,,,,,historical
MEF-0009,Rabat-Salé-Kénitra,annex,coastal,2010,0.5,,,,,historical
MEF-0009,Rabat-Salé-Kénitra,annex,coastal,2011,0.5,,,,,historical
MEF-0009,Rabat-Salé-Kénitra,annex,coastal,2012,0.53,,,,,historical
MEF-0009,Rabat-Salé-Kénitra,annex,coastal,2013,0.54,,,,,historical
MEF-0009,Rabat-Salé-Kénitra,annex,coastal,2014,0.53,,,,,historical
MEF-0009,Rabat-Salé-Kénitra,annex,coastal,2015,0.6,,,,,historical
MEF-0009,Rabat-Salé-Kénitra,annex,coastal,2016,0.65,,,,,historical
MEF-0009,Rabat-Salé-Kénitra,annex,coastal,2017,0.64,,,,,historical
MEF-0009,Rabat-Salé-Kénitra,annex,coastal,2018,0.63,,,,,historical
MEF-0009,Rabat-Salé-Kénitra,annex,coastal,2019,0.71,,,,,historical
MEF-0009,Rabat-Salé-Kénitra,annex,coastal,2020,0.5,,,,,historical
MEF-0009,Rabat-Salé-Kénitra,annex,coastal,2021,0.79,,,,,historical
MEF-0009,Rabat-Salé-Kénitra,annex,coastal,2022,0.8,,,,,historical
MEF-0009,Rabat-Salé-Kénitra,annex,coastal,2023,0.71,,,,,historical
MEF-0009,Rabat-Salé-Kénitra,annex,coastal,2024,0.74,,,,,historical
MEF-0010,Rabat-Salé-Kénitra,annex,coastal,2005,0.5,,,,,historical
MEF-0010,Rabat-Salé-Kénitra,annex,coastal,2006,0.5,,,,,historical
MEF-0010,Rabat-Salé-Kénitra,annex,coastal,2007,0.5,,,,,historical
MEF-0010,Rabat-Salé-Kénitra,annex,coastal,2008,0.5,,,,,historical
MEF-0010,Rabat-Salé-Kénitra,annex,coastal,2009,0.5,,,,,historical
MEF-0010,Rabat-Salé-Kénitra,annex,coastal,2010,0.5,,,,,historical
MEF-0010,Rabat-Salé-Kénitra,annex,coastal,2011,0.5,,,,,historical
MEF-0010,Rabat-Salé-Kénitra,annex,coastal,2012,0.5,,,,,historical
MEF-0010,Rabat-Salé-Kénitra,annex,coastal,2013,0.5,,,,,historical
MEF-0010,Rabat-Salé-Kénitra,annex,coastal,2014,0.5,,,,,historical
MEF-0010,Rabat-Salé-Kénitra,annex,coastal,2015,0.5,,,,,historical
MEF-0010,Rabat-Salé-Kénitra,annex,coastal,2016,0.5,,,,,historical
MEF-0010,Rabat-Salé-Kénitra,annex,coastal,2017,0.5,,,,,historical
MEF-0010,Rabat-Salé-Kénitra,annex,coastal,2018,0.5,,,,,historical
MEF-0010,Rabat-Salé-Kénitra,annex,coastal,2019,0.53,,,,,historical
MEF-0010,Rabat-Salé-Kénitra,annex,coastal,2020,0.5,,,,,historical
MEF-0010,Rabat-Salé-Kénitra,annex,coastal,2021,0.5,,,,,historical
MEF-0010,Rabat-Salé-Kénitra,annex,coastal,2022,0.58,,,,,historical
MEF-0010,Rabat-Salé-Kénitra,annex,coastal,2023,0.59,,,,,historical
MEF-0010,Rabat-Salé-Kénitra,annex,coastal,2024,0.57,,,,,historical
MEF-0011,Rabat-Salé-Kénitra,regional_office,coastal,2005,2.13,,,,,historical
MEF-0011,Rabat-Salé-Kénitra,regional_office,coastal,2006,2.08,,,,,historical
MEF-0011,Rabat-Salé-Kénitra,regional_office,coastal,2007,2.21,,,,,historical
MEF-0011,Rabat-Salé-Kénitra,regional_office,coastal,2008,2.07,,,,,historical
MEF-0011,Rabat-Salé-Kénitra,regional_office,coastal,2009,2.1,,,,,historical
MEF-0011,Rabat-Salé-Kénitra,regional_office,coastal,2010,2.37,,,,,historical
MEF-0011,Rabat-Salé-Kénitra,regional_office,coastal,2011,2.35,,,,,historical
MEF-0011,Rabat-Salé-Kénitra,regional_office,coastal,2012,2.48,,,,,historical
MEF-0011,Rabat-Salé-Kénitra,regional_office,coastal,2013,2.4,,,,,historical
MEF-0011,Rabat-Salé-Kénitra,regional_office,coastal,2014,2.84,,,,,historical
MEF-0011,Rabat-Salé-Kénitra,regional_office,coastal,2015,2.66,,,,,historical
MEF-0011,Rabat-Salé-Kénitra,regional_office,coastal,2016,2.71,,,,,historical
MEF-0011,Rabat-Salé-Kénitra,regional_office,coastal,2017,3.2,,,,,historical
MEF-0011,Rabat-Salé-Kénitra,regional_office,coastal,2018,2.84,,,,,historical
MEF-0011,Rabat-Salé-Kénitra,regional_office,coastal,2019,3.53,,,,,historical
MEF-0011,Rabat-Salé-Kénitra,regional_office,coastal,2020,3.06,,,,,historical
MEF-0011,Rabat-Salé-Kénitra,regional_office,coastal,2021,3.25,,,,,historical
MEF-0011,Rabat-Salé-Kénitra,regional_office,coastal,2022,3.56,,,,,historical
MEF-0011,Rabat-Salé-Kénitra,regional_office,coastal,2023,3.76,,,,,historical
MEF-0011,Rabat-Salé-Kénitra,regional_office,coastal,2024,4.38,,,,,historical
MEF-0012,Rabat-Salé-Kénitra,ministry_hq,coastal,2005,13.86,,,,,historical
MEF-0012,Rabat-Salé-Kénitra,ministry_hq,coastal,2006,15.36,,,,,historical
MEF-0012,Rabat-Salé-Kénitra,ministry_hq,coastal,2007,15.3,,,,,historical
MEF-0012,Rabat-Salé-Kénitra,ministry_hq,coastal,2008,14.76,,,,,historical
MEF-0012,Rabat-Salé-Kénitra,ministry_hq,coastal,2009,17.34,,,,,historical
MEF-0012,Rabat-Salé-Kénitra,ministry_hq,coastal,2010,16.68,,,,,historical
MEF-0012,Rabat-Salé-Kénitra,ministry_hq,coastal,2011,19.27,,,,,historical
MEF-0012,Rabat-Salé-Kénitra,ministry_hq,coastal,2012,21.44,,,,,historical
MEF-0012,Rabat-Salé-Kénitra,ministry_hq,coastal,2013,22.4,,,,,historical
MEF-0012,Rabat-Salé-Kénitra,ministry_hq,coastal,2014,20.48,,,,,historical
MEF-0012,Rabat-Salé-Kénitra,ministry_hq,coastal,2015,24.14,,,,,historical
MEF-0012,Rabat-Salé-Kénitra,ministry_hq,coastal,2016,26.38,,,,,historical
MEF-0012,Rabat-Salé-Kénitra,ministry_hq,coastal,2017,24.69,,,,,historical
MEF-0012,Rabat-Salé-Kénitra,ministry_hq,coastal,2018,25.68,,,,,historical
MEF-0012,Rabat-Salé-Kénitra,ministry_hq,coastal,2019,25.25,,,,,historical
MEF-0012,Rabat-Salé-Kénitra,ministry_hq,coastal,2020,25.14,,,,,historical
MEF-0012,Rabat-Salé-Kénitra,ministry_hq,coastal,2021,29.4,,,,,historical
MEF-0012,Rabat-Salé-Kénitra,ministry_hq,coastal,2022,29.67,,,,,historical
MEF-0012,Rabat-Salé-Kénitra,ministry_hq,coastal,2023,32.09,,,,,historical
MEF-0012,Rabat-Salé-Kénitra,ministry_hq,coastal,2024,28.72,,,,,historical
MEF-0013,Rabat-Salé-Kénitra,regional_office,coastal,2005,1.49,,,,,historical
MEF-0013,Rabat-Salé-Kénitra,regional_office,coastal,2006,1.44,,,,,historical
MEF-0013,Rabat-Salé-Kénitra,regional_office,coastal,2007,1.55,,,,,historical
MEF-0013,Rabat-Salé-Kénitra,regional_office,coastal,2008,1.79,,,,,historical
MEF-0013,Rabat-Salé-Kénitra,regional_office,coastal,2009,1.77,,,,,historical
MEF-0013,Rabat-Salé-Kénitra,regional_office,coastal,2010,2.11,,,,,historical
MEF-0013,Rabat-Salé-Kénitra,regional_office,coastal,2011,2.09,,,,,historical
MEF-0013,Rabat-Salé-Kénitra,regional_office,coastal,2012,2.13,,,,,historical
MEF-0013,Rabat-Salé-Kénitra,regional_office,coastal,2013,2.3,,,,,historical
MEF-0013,Rabat-Salé-Kénitra,regional_office,coastal,2014,2.25,,,,,historical
MEF-0013,Rabat-Salé-Kénitra,regional_office,coastal,2015,2.56,,,,,historical
MEF-0013,Rabat-Salé-Kénitra,regional_office,coastal,2016,2.85,,,,,historical
MEF-0013,Rabat-Salé-Kénitra,regional_office,coastal,2017,2.84,,,,,historical
MEF-0013,Rabat-Salé-Kénitra,regional_office,coastal,2018,2.86,,,,,historical
MEF-0013,Rabat-Salé-Kénitra,regional_office,coastal,2019,2.89,,,,,historical
MEF-0013,Rabat-Salé-Kénitra,regional_office,coastal,2020,2.53,,,,,historical
MEF-0013,Rabat-Salé-Kénitra,regional_office,coastal,2021,2.79,,,,,historical
MEF-0013,Rabat-Salé-Kénitra,regional_office,coastal,2022,3.06,,,,,historical
MEF-0013,Rabat-Salé-Kénitra,regional_office,coastal,2023,3.17,,,,,historical
MEF-0013,Rabat-Salé-Kénitra,regional_office,coastal,2024,3.5,,,,,historical
MEF-0014,Rabat-Salé-Kénitra,annex,coastal,2005,0.5,,,,,historical
MEF-0014,Rabat-Salé-Kénitra,annex,coastal,2006,0.5,,,,,historical
MEF-0014,Rabat-Salé-Kénitra,annex,coastal,2007,0.5,,,,,historical
MEF-0014,Rabat-Salé-Kénitra,annex,coastal,2008,0.5,,,,,historical
MEF-0014,Rabat-Salé-Kénitra,annex,coastal,2009,0.5,,,,,historical
MEF-0014,Rabat-Salé-Kénitra,annex,coastal,2010,0.5,,,,,historical
MEF-0014,Rabat-Salé-Kénitra,annex,coastal,2011,0.5,,,,,historical
MEF-0014,Rabat-Salé-Kénitra,annex,coastal,2012,0.5,,,,,historical
MEF-0014,Rabat-Salé-Kénitra,annex,coastal,2013,0.5,,,,,historical
MEF-0014,Rabat-Salé-Kénitra,annex,coastal,2014,0.5,,,,,historical
MEF-0014,Rabat-Salé-Kénitra,annex,coastal,2015,0.5,,,,,historical
MEF-0014,Rabat-Salé-Kénitra,annex,coastal,2016,0.5,,,,,historical
MEF-0014,Rabat-Salé-Kénitra,annex,coastal,2017,0.5,,,,,historical
MEF-0014,Rabat-Salé-Kénitra,annex,coastal,2018,0.5,,,,,historical
MEF-0014,Rabat-Salé-Kénitra,annex,coastal,2019,0.5,,,,,historical
MEF-0014,Rabat-Salé-Kénitra,annex,coastal,2020,0.5,,,,,historical
MEF-0014,Rabat-Salé-Kénitra,annex,coastal,2021,0.5,,,,,historical
MEF-0014,Rabat-Salé-Kénitra,annex,coastal,2022,0.5,,,,,historical
MEF-0014,Rabat-Salé-Kénitra,annex,coastal,2023,0.5,,,,,historical
MEF-0014,Rabat-Salé-Kénitra,annex,coastal,2024,0.5,,,,,historical
MEF-0015,Rabat-Salé-Kénitra,regional_office,coastal,2005,1.13,,,,,historical
MEF-0015,Rabat-Salé-Kénitra,regional_office,coastal,2006,1.24,,,,,historical
MEF-0015,Rabat-Salé-Kénitra,regional_office,coastal,2007,1.37,,,,,historical
MEF-0015,Rabat-Salé-Kénitra,regional_office,coastal,2008,1.48,,,,,historical
MEF-0015,Rabat-Salé-Kénitra,regional_office,coastal,2009,1.53,,,,,historical
MEF-0015,Rabat-Salé-Kénitra,regional_office,coastal,2010,1.6,,,,,historical
MEF-0015,Rabat-Salé-Kénitra,regional_office,coastal,2011,1.83,,,,,historical
MEF-0015,Rabat-Salé-Kénitra,regional_office,coastal,2012,1.69,,,,,historical
MEF-0015,Rabat-Salé-Kénitra,regional_office,coastal,2013,1.94,,,,,historical
MEF-0015,Rabat-Salé-Kénitra,regional_office,coastal,2014,1.9,,,,,historical
MEF-0015,Rabat-Salé-Kénitra,regional_office,coastal,2015,2.1,,,,,historical
MEF-0015,Rabat-Salé-Kénitra,regional_office,coastal,2016,2.28,,,,,historical
MEF-0015,Rabat-Salé-Kénitra,regional_office,coastal,2017,2.25,,,,,historical
MEF-0015,Rabat-Salé-Kénitra,regional_office,coastal,2018,2.39,,,,,historical
MEF-0015,Rabat-Salé-Kénitra,regional_office,coastal,2019,2.55,,,,,historical
MEF-0015,Rabat-Salé-Kénitra,regional_office,coastal,2020,2.05,,,,,historical
MEF-0015,Rabat-Salé-Kénitra,regional_office,coastal,2021,2.17,,,,,historical
MEF-0015,Rabat-Salé-Kénitra,regional_office,coastal,2022,2.35,,,,,historical
MEF-0015,Rabat-Salé-Kénitra,regional_office,coastal,2023,2.32,,,,,historical
MEF-0015,Rabat-Salé-Kénitra,regional_office,coastal,2024,2.53,,,,,historical
MEF-0016,Rabat-Salé-Kénitra,regional_office,coastal,2005,2.29,,,,,historical
MEF-0016,Rabat-Salé-Kénitra,regional_office,coastal,2006,2.29,,,,,historical
MEF-0016,Rabat-Salé-Kénitra,regional_office,coastal,2007,2.54,,,,,historical
MEF-0016,Rabat-Salé-Kénitra,regional_office,coastal,2008,2.78,,,,,historical
MEF-0016,Rabat-Salé-Kénitra,regional_office,coastal,2009,3.0,,,,,historical
MEF-0016,Rabat-Salé-Kénitra,regional_office,coastal,2010,2.94,,,,,historical
MEF-0016,Rabat-Salé-Kénitra,regional_office,coastal,2011,3.02,,,,,historical
MEF-0016,Rabat-Salé-Kénitra,regional_office,coastal,2012,3.18,,,,,historical
MEF-0016,Rabat-Salé-Kénitra,regional_office,coastal,2013,3.52,,,,,historical
MEF-0016,Rabat-Salé-Kénitra,regional_office,coastal,2014,3.47,,,,,historical
MEF-0016,Rabat-Salé-Kénitra,regional_office,coastal,2015,4.21,,,,,historical
MEF-0016,Rabat-Salé-Kénitra,regional_office,coastal,2016,4.33,,,,,historical
MEF-0016,Rabat-Salé-Kénitra,regional_office,coastal,2017,4.78,,,,,historical
MEF-0016,Rabat-Salé-Kénitra,regional_office,coastal,2018,5.21,,,,,historical
MEF-0016,Rabat-Salé-Kénitra,regional_office,coastal,2019,5.24,,,,,historical
MEF-0016,Rabat-Salé-Kénitra,regional_office,coastal,2020,4.68,,,,,historical
MEF-0016,Rabat-Salé-Kénitra,regional_office,coastal,2021,5.23,,,,,historical
MEF-0016,Rabat-Salé-Kénitra,regional_office,coastal,2022,5.35,,,,,historical
MEF-0016,Rabat-Salé-Kénitra,regional_office,coastal,2023,5.82,,,,,historical
MEF-0016,Rabat-Salé-Kénitra,regional_office,coastal,2024,6.06,,,,,historical
MEF-0017,Rabat-Salé-Kénitra,regional_office,coastal,2005,2.52,,,,,historical
MEF-0017,Rabat-Salé-Kénitra,regional_office,coastal,2006,2.58,,,,,historical
MEF-0017,Rabat-Salé-Kénitra,regional_office,coastal,2007,2.7,,,,,historical
MEF-0017,Rabat-Salé-Kénitra,regional_office,coastal,2008,2.91,,,,,historical
MEF-0017,Rabat-Salé-Kénitra,regional_office,coastal,2009,3.28,,,,,historical
MEF-0017,Rabat-Salé-Kénitra,regional_office,coastal,2010,3.35,,,,,historical
MEF-0017,Rabat-Salé-Kénitra,regional_office,coastal,2011,3.66,,,,,historical
MEF-0017,Rabat-Salé-Kénitra,regional_office,coastal,2012,3.9,,,,,historical
MEF-0017,Rabat-Salé-Kénitra,regional_office,coastal,2013,3.43,,,,,historical
MEF-0017,Rabat-Salé-Kénitra,regional_office,coastal,2014,3.81,,,,,historical
MEF-0017,Rabat-Salé-Kénitra,regional_office,coastal,2015,3.77,,,,,historical
MEF-0017,Rabat-Salé-Kénitra,regional_office,coastal,2016,4.23,,,,,historical
MEF-0017,Rabat-Salé-Kénitra,regional_office,coastal,2017,4.13,,,,,historical
MEF-0017,Rabat-Salé-Kénitra,regional_office,coastal,2018,4.34,,,,,historical
MEF-0017,Rabat-Salé-Kénitra,regional_office,coastal,2019,4.34,,,,,historical
MEF-0017,Rabat-Salé-Kénitra,regional_office,coastal,2020,4.09,,,,,historical
MEF-0017,Rabat-Salé-Kénitra,regional_office,coastal,2021,4.86,,,,,historical
MEF-0017,Rabat-Salé-Kénitra,regional_office,coastal,2022,4.99,,,,,historical
MEF-0017,Rabat-Salé-Kénitra,regional_office,coastal,2023,4.81,,,,,historical
MEF-0017,Rabat-Salé-Kénitra,regional_office,coastal,2024,5.27,,,,,historical
MEF-0018,Rabat-Salé-Kénitra,regional_office,coastal,2005,1.06,,,,,historical
MEF-0018,Rabat-Salé-Kénitra,regional_office,coastal,2006,1.12,,,,,historical
MEF-0018,Rabat-Salé-Kénitra,regional_office,coastal,2007,1.17,,,,,historical
MEF-0018,Rabat-Salé-Kénitra,regional_office,coastal,2008,1.17,,,,,historical
MEF-0018,Rabat-Salé-Kénitra,regional_office,coastal,2009,1.27,,,,,historical
MEF-0018,Rabat-Salé-Kénitra,regional_office,coastal,2010,1.32,,,,,historical
MEF-0018,Rabat-Salé-Kénitra,regional_office,coastal,2011,1.43,,,,,historical
MEF-0018,Rabat-Salé-Kénitra,regional_office,coastal,2012,1.41,,,,,historical
MEF-0018,Rabat-Salé-Kénitra,regional_office,coastal,2013,1.59,,,,,historical
MEF-0018,Rabat-Salé-Kénitra,regional_office,coastal,2014,1.69,,,,,historical
MEF-0018,Rabat-Salé-Kénitra,regional_office,coastal,2015,1.63,,,,,historical
MEF-0018,Rabat-Salé-Kénitra,regional_office,coastal,2016,1.79,,,,,historical
MEF-0018,Rabat-Salé-Kénitra,regional_office,coastal,2017,1.83,,,,,historical
MEF-0018,Rabat-Salé-Kénitra,regional_office,coastal,2018,2.08,,,,,historical
MEF-0018,Rabat-Salé-Kénitra,regional_office,coastal,2019,1.94,,,,,historical
MEF-0018,Rabat-Salé-Kénitra,regional_office,coastal,2020,1.71,,,,,historical
MEF-0018,Rabat-Salé-Kénitra,regional_office,coastal,2021,1.8,,,,,historical
MEF-0018,Rabat-Salé-Kénitra,regional_office,coastal,2022,1.9,,,,,historical
MEF-0018,Rabat-Salé-Kénitra,regional_office,coastal,2023,2.18,,,,,historical
MEF-0018,Rabat-Salé-Kénitra,regional_office,coastal,2024,2.47,,,,,historical
MEF-0019,Rabat-Salé-Kénitra,annex,coastal,2005,0.5,,,,,historical
MEF-0019,Rabat-Salé-Kénitra,annex,coastal,2006,0.5,,,,,historical
MEF-0019,Rabat-Salé-Kénitra,annex,coastal,2007,0.5,,,,,historical
MEF-0019,Rabat-Salé-Kénitra,annex,coastal,2008,0.5,,,,,historical
MEF-0019,Rabat-Salé-Kénitra,annex,coastal,2009,0.5,,,,,historical
MEF-0019,Rabat-Salé-Kénitra,annex,coastal,2010,0.5,,,,,historical
MEF-0019,Rabat-Salé-Kénitra,annex,coastal,2011,0.5,,,,,historical
MEF-0019,Rabat-Salé-Kénitra,annex,coastal,2012,0.5,,,,,historical
MEF-0019,Rabat-Salé-Kénitra,annex,coastal,2013,0.5,,,,,historical
MEF-0019,Rabat-Salé-Kénitra,annex,coastal,2014,0.5,,,,,historical
MEF-0019,Rabat-Salé-Kénitra,annex,coastal,2015,0.5,,,,,historical
MEF-0019,Rabat-Salé-Kénitra,annex,coastal,2016,0.5,,,,,historical
MEF-0019,Rabat-Salé-Kénitra,annex,coastal,2017,0.5,,,,,historical
MEF-0019,Rabat-Salé-Kénitra,annex,coastal,2018,0.5,,,,,historical
MEF-0019,Rabat-Salé-Kénitra,annex,coastal,2019,0.5,,,,,historical
MEF-0019,Rabat-Salé-Kénitra,annex,coastal,2020,0.5,,,,,historical
MEF-0019,Rabat-Salé-Kénitra,annex,coastal,2021,0.5,,,,,historical
MEF-0019,Rabat-Salé-Kénitra,annex,coastal,2022,0.5,,,,,historical
MEF-0019,Rabat-Salé-Kénitra,annex,coastal,2023,0.5,,,,,historical
MEF-0019,Rabat-Salé-Kénitra,annex,coastal,2024,0.5,,,,,historical
MEF-0020,Rabat-Salé-Kénitra,regional_office,coastal,2005,1.64,,,,,historical
MEF-0020,Rabat-Salé-Kénitra,regional_office,coastal,2006,1.76,,,,,historical
MEF-0020,Rabat-Salé-Kénitra,regional_office,coastal,2007,1.82,,,,,historical
MEF-0020,Rabat-Salé-Kénitra,regional_office,coastal,2008,1.94,,,,,historical
MEF-0020,Rabat-Salé-Kénitra,regional_office,coastal,2009,1.9,,,,,historical
MEF-0020,Rabat-Salé-Kénitra,regional_office,coastal,2010,2.05,,,,,historical
MEF-0020,Rabat-Salé-Kénitra,regional_office,coastal,2011,2.19,,,,,historical
MEF-0020,Rabat-Salé-Kénitra,regional_office,coastal,2012,2.3,,,,,historical
MEF-0020,Rabat-Salé-Kénitra,regional_office,coastal,2013,2.25,,,,,historical
MEF-0020,Rabat-Salé-Kénitra,regional_office,coastal,2014,2.64,,,,,historical
MEF-0020,Rabat-Salé-Kénitra,regional_office,coastal,2015,3.28,,,,,historical
MEF-0020,Rabat-Salé-Kénitra,regional_office,coastal,2016,2.88,,,,,historical
MEF-0020,Rabat-Salé-Kénitra,regional_office,coastal,2017,2.96,,,,,historical
MEF-0020,Rabat-Salé-Kénitra,regional_office,coastal,2018,3.43,,,,,historical
MEF-0020,Rabat-Salé-Kénitra,regional_office,coastal,2019,3.29,,,,,historical
MEF-0020,Rabat-Salé-Kénitra,regional_office,coastal,2020,2.69,,,,,historical
MEF-0020,Rabat-Salé-Kénitra,regional_office,coastal,2021,3.16,,,,,historical
MEF-0020,Rabat-Salé-Kénitra,regional_office,coastal,2022,2.92,,,,,historical
MEF-0020,Rabat-Salé-Kénitra,regional_office,coastal,2023,3.13,,,,,historical
MEF-0020,Rabat-Salé-Kénitra,regional_office,coastal,2024,3.36,,,,,historical
MEF-0021,Casablanca-Settat,regional_office,coastal,2005,2.22,,,,,historical
MEF-0021,Casablanca-Settat,regional_office,coastal,2006,2.25,,,,,historical
MEF-0021,Casablanca-Settat,regional_office,coastal,2007,2.3,,,,,historical
MEF-0021,Casablanca-Settat,regional_office,coastal,2008,2.4,,,,,historical
MEF-0021,Casablanca-Settat,regional_office,coastal,2009,2.61,,,,,historical
MEF-0021,Casablanca-Settat,regional_office,coastal,2010,2.84,,,,,historical
MEF-0021,Casablanca-Settat,regional_office,coastal,2011,2.86,,,,,historical
MEF-0021,Casablanca-Settat,regional_office,coastal,2012,3.06,,,,,historical
MEF-0021,Casablanca-Settat,regional_office,coastal,2013,3.26,,,,,historical
MEF-0021,Casablanca-Settat,regional_office,coastal,2014,3.34,,,,,historical
MEF-0021,Casablanca-Settat,regional_office,coastal,2015,3.56,,,,,historical
MEF-0021,Casablanca-Settat,regional_office,coastal,2016,3.69,,,,,historical
MEF-0021,Casablanca-Settat,regional_office,coastal,2017,4.04,,,,,historical
MEF-0021,Casablanca-Settat,regional_office,coastal,2018,4.04,,,,,historical
MEF-0021,Casablanca-Settat,regional_office,coastal,2019,4.13,,,,,historical
MEF-0021,Casablanca-Settat,regional_office,coastal,2020,3.66,,,,,historical
MEF-0021,Casablanca-Settat,regional_office,coastal,2021,3.89,,,,,historical
MEF-0021,Casablanca-Settat,regional_office,coastal,2022,4.11,,,,,historical
MEF-0021,Casablanca-Settat,regional_office,coastal,2023,3.98,,,,,historical
MEF-0021,Casablanca-Settat,regional_office,coastal,2024,4.23,,,,,historical
MEF-0022,Casablanca-Settat,annex,coastal,2005,0.5,,,,,historical
MEF-0022,Casablanca-Settat,annex,coastal,2006,0.5,,,,,historical
MEF-0022,Casablanca-Settat,annex,coastal,2007,0.5,,,,,historical
MEF-0022,Casablanca-Settat,annex,coastal,2008,0.5,,,,,historical
MEF-0022,Casablanca-Settat,annex,coastal,2009,0.5,,,,,historical
MEF-0022,Casablanca-Settat,annex,coastal,2010,0.5,,,,,historical
MEF-0022,Casablanca-Settat,annex,coastal,2011,0.5,,,,,historical
MEF-0022,Casablanca-Settat,annex,coastal,2012,0.5,,,,,historical
MEF-0022,Casablanca-Settat,annex,coastal,2013,0.5,,,,,historical
MEF-0022,Casablanca-Settat,annex,coastal,2014,0.5,,,,,historical
MEF-0022,Casablanca-Settat,annex,coastal,2015,0.53,,,,,historical
MEF-0022,Casablanca-Settat,annex,coastal,2016,0.53,,,,,historical
MEF-0022,Casablanca-Settat,annex,coastal,2017,0.54,,,,,historical
MEF-0022,Casablanca-Settat,annex,coastal,2018,0.59,,,,,historical
MEF-0022,Casablanca-Settat,annex,coastal,2019,0.66,,,,,historical
MEF-0022,Casablanca-Settat,annex,coastal,2020,0.54,,,,,historical
MEF-0022,Casablanca-Settat,annex,coastal,2021,0.63,,,,,historical
MEF-0022,Casablanca-Settat,annex,coastal,2022,0.72,,,,,historical
MEF-0022,Casablanca-Settat,annex,coastal,2023,0.7,,,,,historical
MEF-0022,Casablanca-Settat,annex,coastal,2024,0.71,,,,,historical
MEF-0023,Casablanca-Settat,regional_office,coastal,2005,2.04,,,,,historical
MEF-0023,Casablanca-Settat,regional_office,coastal,2006,2.14,,,,,historical
MEF-0023,Casablanca-Settat,regional_office,coastal,2007,2.1,,,,,historical
MEF-0023,Casablanca-Settat,regional_office,coastal,2008,2.27,,,,,historical
MEF-0023,Casablanca-Settat,regional_office,coastal,2009,2.44,,,,,historical
MEF-0023,Casablanca-Settat,regional_office,coastal,2010,2.49,,,,,historical
MEF-0023,Casablanca-Settat,regional_office,coastal,2011,2.63,,,,,historical
MEF-0023,Casablanca-Settat,regional_office,coastal,2012,2.47,,,,,historical
MEF-0023,Casablanca-Settat,regional_office,coastal,2013,2.91,,,,,historical
MEF-0023,Casablanca-Settat,regional_office,coastal,2014,2.77,,,,,historical
MEF-0023,Casablanca-Settat,regional_office,coastal,2015,3.1,,,,,historical
MEF-0023,Casablanca-Settat,regional_office,coastal,2016,3.23,,,,,historical
MEF-0023,Casablanca-Settat,regional_office,coastal,2017,3.24,,,,,historical
MEF-0023,Casablanca-Settat,regional_office,coastal,2018,3.08,,,,,historical
MEF-0023,Casablanca-Settat,regional_office,coastal,2019,3.54,,,,,historical
MEF-0023,Casablanca-Settat,regional_office,coastal,2020,2.99,,,,,historical
MEF-0023,Casablanca-Settat,regional_office,coastal,2021,3.68,,,,,historical
MEF-0023,Casablanca-Settat,regional_office,coastal,2022,3.94,,,,,historical
MEF-0023,Casablanca-Settat,regional_office,coastal,2023,3.83,,,,,historical
MEF-0023,Casablanca-Settat,regional_office,coastal,2024,4.11,,,,,historical
MEF-0024,Casablanca-Settat,regional_office,coastal,2005,0.79,,,,,historical
MEF-0024,Casablanca-Settat,regional_office,coastal,2006,0.8,,,,,historical
MEF-0024,Casablanca-Settat,regional_office,coastal,2007,0.86,,,,,historical
MEF-0024,Casablanca-Settat,regional_office,coastal,2008,0.93,,,,,historical
MEF-0024,Casablanca-Settat,regional_office,coastal,2009,0.93,,,,,historical
MEF-0024,Casablanca-Settat,regional_office,coastal,2010,1.01,,,,,historical
MEF-0024,Casablanca-Settat,regional_office,coastal,2011,1.04,,,,,historical
MEF-0024,Casablanca-Settat,regional_office,coastal,2012,1.16,,,,,historical
MEF-0024,Casablanca-Settat,regional_office,coastal,2013,1.08,,,,,historical
MEF-0024,Casablanca-Settat,regional_office,coastal,2014,1.07,,,,,historical
MEF-0024,Casablanca-Settat,regional_office,coastal,2015,1.11,,,,,historical
MEF-0024,Casablanca-Settat,regional_office,coastal,2016,1.21,,,,,historical
MEF-0024,Casablanca-Settat,regional_office,coastal,2017,1.4,,,,,historical
MEF-0024,Casablanca-Settat,regional_office,coastal,2018,1.33,,,,,historical
MEF-0024,Casablanca-Settat,regional_office,coastal,2019,1.52,,,,,historical
MEF-0024,Casablanca-Settat,regional_office,coastal,2020,1.22,,,,,historical
MEF-0024,Casablanca-Settat,regional_office,coastal,2021,1.4,,,,,historical
MEF-0024,Casablanca-Settat,regional_office,coastal,2022,1.42,,,,,historical
MEF-0024,Casablanca-Settat,regional_office,coastal,2023,1.49,,,,,historical
MEF-0024,Casablanca-Settat,regional_office,coastal,2024,1.7,,,,,historical
MEF-0025,Casablanca-Settat,regional_office,coastal,2005,2.8,,,,,historical
MEF-0025,Casablanca-Settat,regional_office,coastal,2006,2.61,,,,,historical
MEF-0025,Casablanca-Settat,regional_office,coastal,2007,2.68,,,,,historical
MEF-0025,Casablanca-Settat,regional_office,coastal,2008,2.77,,,,,historical
MEF-0025,Casablanca-Settat,regional_office,coastal,2009,2.88,,,,,historical
MEF-0025,Casablanca-Settat,regional_office,coastal,2010,2.81,,,,,historical
MEF-0025,Casablanca-Settat,regional_office,coastal,2011,2.91,,,,,historical
MEF-0025,Casablanca-Settat,regional_office,coastal,2012,2.9,,,,,historical
MEF-0025,Casablanca-Settat,regional_office,coastal,2013,2.84,,,,,historical
MEF-0025,Casablanca-Settat,regional_office,coastal,2014,3.23,,,,,historical
MEF-0025,Casablanca-Settat,regional_office,coastal,2015,3.28,,,,,historical
MEF-0025,Casablanca-Settat,regional_office,coastal,2016,3.23,,,,,historical
MEF-0025,Casablanca-Settat,regional_office,coastal,2017,3.4,,,,,historical
MEF-0025,Casablanca-Settat,regional_office,coastal,2018,3.6,,,,,historical
MEF-0025,Casablanca-Settat,regional_office,coastal,2019,3.87,,,,,historical
MEF-0025,Casablanca-Settat,regional_office,coastal,2020,3.41,,,,,historical
MEF-0025,Casablanca-Settat,regional_office,coastal,2021,3.99,,,,,historical
MEF-0025,Casablanca-Settat,regional_office,coastal,2022,3.81,,,,,historical
MEF-0025,Casablanca-Settat,regional_office,coastal,2023,4.01,,,,,historical
MEF-0025,Casablanca-Settat,regional_office,coastal,2024,4.28,,,,,historical
MEF-0026,Casablanca-Settat,annex,coastal,2005,0.5,,,,,historical
MEF-0026,Casablanca-Settat,annex,coastal,2006,0.5,,,,,historical
MEF-0026,Casablanca-Settat,annex,coastal,2007,0.51,,,,,historical
MEF-0026,Casablanca-Settat,annex,coastal,2008,0.57,,,,,historical
MEF-0026,Casablanca-Settat,annex,coastal,2009,0.56,,,,,historical
MEF-0026,Casablanca-Settat,annex,coastal,2010,0.54,,,,,historical
MEF-0026,Casablanca-Settat,annex,coastal,2011,0.58,,,,,historical
MEF-0026,Casablanca-Settat,annex,coastal,2012,0.58,,,,,historical
MEF-0026,Casablanca-Settat,annex,coastal,2013,0.61,,,,,historical
MEF-0026,Casablanca-Settat,annex,coastal,2014,0.61,,,,,historical
MEF-0026,Casablanca-Settat,annex,coastal,2015,0.6,,,,,historical
MEF-0026,Casablanca-Settat,annex,coastal,2016,0.56,,,,,historical
MEF-0026,Casablanca-Settat,annex,coastal,2017,0.62,,,,,historical
MEF-0026,Casablanca-Settat,annex,coastal,2018,0.69,,,,,historical
MEF-0026,Casablanca-Settat,annex,coastal,2019,0.62,,,,,historical
MEF-0026,Casablanca-Settat,annex,coastal,2020,0.52,,,,,historical
MEF-0026,Casablanca-Settat,annex,coastal,2021,0.65,,,,,historical
MEF-0026,Casablanca-Settat,annex,coastal,2022,0.62,,,,,historical
MEF-0026,Casablanca-Settat,annex,coastal,2023,0.67,,,,,historical
MEF-0026,Casablanca-Settat,annex,coastal,2024,0.7,,,,,historical
MEF-0027,Casablanca-Settat,annex,coastal,2005,0.5,,,,,historical
MEF-0027,Casablanca-Settat,annex,coastal,2006,0.5,,,,,historical
MEF-0027,Casablanca-Settat,annex,coastal,2007,0.5,,,,,historical
MEF-0027,Casablanca-Settat,annex,coastal,2008,0.5,,,,,historical
MEF-0027,Casablanca-Settat,annex,coastal,2009,0.5,,,,,historical
MEF-0027,Casablanca-Settat,annex,coastal,2010,0.5,,,,,historical
MEF-0027,Casablanca-Settat,annex,coastal,2011,0.5,,,,,historical
MEF-0027,Casablanca-Settat,annex,coastal,2012,0.5,,,,,historical
MEF-0027,Casablanca-Settat,annex,coastal,2013,0.5,,,,,historical
MEF-0027,Casablanca-Settat,annex,coastal,2014,0.5,,,,,historical
MEF-0027,Casablanca-Settat,annex,coastal,2015,0.5,,,,,historical
MEF-0027,Casablanca-Settat,annex,coastal,2016,0.5,,,,,historical
MEF-0027,Casablanca-Settat,annex,coastal,2017,0.5,,,,,historical
MEF-0027,Casablanca-Settat,annex,coastal,2018,0.5,,,,,historical
MEF-0027,Casablanca-Settat,annex,coastal,2019,0.5,,,,,historical
MEF-0027,Casablanca-Settat,annex,coastal,2020,0.5,,,,,historical
MEF-0027,Casablanca-Settat,annex,coastal,2021,0.5,,,,,historical
MEF-0027,Casablanca-Settat,annex,coastal,2022,0.5,,,,,historical
MEF-0027,Casablanca-Settat,annex,coastal,2023,0.5,,,,,historical
MEF-0027,Casablanca-Settat,annex,coastal,2024,0.5,,,,,historical
MEF-0028,Casablanca-Settat,ministry_hq,coastal,2005,9.61,,,,,historical
MEF-0028,Casablanca-Settat,ministry_hq,coastal,2006,10.51,,,,,historical
MEF-0028,Casablanca-Settat,ministry_hq,coastal,2007,10.96,,,,,historical
MEF-0028,Casablanca-Settat,ministry_hq,coastal,2008,11.34,,,,,historical
MEF-0028,Casablanca-Settat,ministry_hq,coastal,2009,12.41,,,,,historical
MEF-0028,Casablanca-Settat,ministry_hq,coastal,2010,13.4,,,,,historical
MEF-0028,Casablanca-Settat,ministry_hq,coastal,2011,13.44,,,,,historical
MEF-0028,Casablanca-Settat,ministry_hq,coastal,2012,15.6,,,,,historical
MEF-0028,Casablanca-Settat,ministry_hq,coastal,2013,16.35,,,,,historical
MEF-0028,Casablanca-Settat,ministry_hq,coastal,2014,16.99,,,,,historical
MEF-0028,Casablanca-Settat,ministry_hq,coastal,2015,18.5,,,,,historical
MEF-0028,Casablanca-Settat,ministry_hq,coastal,2016,18.2,,,,,historical
MEF-0028,Casablanca-Settat,ministry_hq,coastal,2017,18.74,,,,,historical
MEF-0028,Casablanca-Settat,ministry_hq,coastal,2018,19.55,,,,,historical
MEF-0028,Casablanca-Settat,ministry_hq,coastal,2019,21.13,,,,,historical
MEF-0028,Casablanca-Settat,ministry_hq,coastal,2020,19.21,,,,,historical
MEF-0028,Casablanca-Settat,ministry_hq,coastal,2021,20.61,,,,,historical
MEF-0028,Casablanca-Settat,ministry_hq,coastal,2022,21.28,,,,,historical
MEF-0028,Casablanca-Settat,ministry_hq,coastal,2023,21.82,,,,,historical
MEF-0028,Casablanca-Settat,ministry_hq,coastal,2024,23.22,,,,,historical
MEF-0029,Casablanca-Settat,ministry_hq,coastal,2005,13.0,,,,,historical
MEF-0029,Casablanca-Settat,ministry_hq,coastal,2006,13.81,,,,,historical
MEF-0029,Casablanca-Settat,ministry_hq,coastal,2007,13.63,,,,,historical
MEF-0029,Casablanca-Settat,ministry_hq,coastal,2008,13.51,,,,,historical
MEF-0029,Casablanca-Settat,ministry_hq,coastal,2009,14.24,,,,,historical
MEF-0029,Casablanca-Settat,ministry_hq,coastal,2010,15.81,,,,,historical
MEF-0029,Casablanca-Settat,ministry_hq,coastal,2011,15.93,,,,,historical
MEF-0029,Casablanca-Settat,ministry_hq,coastal,2012,17.18,,,,,historical
MEF-0029,Casablanca-Settat,ministry_hq,coastal,2013,18.8,,,,,historical
MEF-0029,Casablanca-Settat,ministry_hq,coastal,2014,17.96,,,,,historical
MEF-0029,Casablanca-Settat,ministry_hq,coastal,2015,20.07,,,,,historical
MEF-0029,Casablanca-Settat,ministry_hq,coastal,2016,19.85,,,,,historical
MEF-0029,Casablanca-Settat,ministry_hq,coastal,2017,20.07,,,,,historical
MEF-0029,Casablanca-Settat,ministry_hq,coastal,2018,20.06,,,,,historical
MEF-0029,Casablanca-Settat,ministry_hq,coastal,2019,21.34,,,,,historical
MEF-0029,Casablanca-Settat,ministry_hq,coastal,2020,19.46,,,,,historical
MEF-0029,Casablanca-Settat,ministry_hq,coastal,2021,22.46,,,,,historical
MEF-0029,Casablanca-Settat,ministry_hq,coastal,2022,21.38,,,,,historical
MEF-0029,Casablanca-Settat,ministry_hq,coastal,2023,24.4,,,,,historical
MEF-0029,Casablanca-Settat,ministry_hq,coastal,2024,22.7,,,,,historical
MEF-0030,Casablanca-Settat,regional_office,coastal,2005,0.55,,,,,historical
MEF-0030,Casablanca-Settat,regional_office,coastal,2006,0.61,,,,,historical
MEF-0030,Casablanca-Settat,regional_office,coastal,2007,0.71,,,,,historical
MEF-0030,Casablanca-Settat,regional_office,coastal,2008,0.66,,,,,historical
MEF-0030,Casablanca-Settat,regional_office,coastal,2009,0.72,,,,,historical
MEF-0030,Casablanca-Settat,regional_office,coastal,2010,0.75,,,,,historical
MEF-0030,Casablanca-Settat,regional_office,coastal,2011,0.77,,,,,historical
MEF-0030,Casablanca-Settat,regional_office,coastal,2012,0.81,,,,,historical
MEF-0030,Casablanca-Settat,regional_office,coastal,2013,0.85,,,,,historical
MEF-0030,Casablanca-Settat,regional_office,coastal,2014,0.85,,,,,historical
MEF-0030,Casablanca-Settat,regional_office,coastal,2015,0.88,,,,,historical
MEF-0030,Casablanca-Settat,regional_office,coastal,2016,0.86,,,,,historical
MEF-0030,Casablanca-Settat,regional_office,coastal,2017,0.85,,,,,historical
MEF-0030,Casablanca-Settat,regional_office,coastal,2018,0.87,,,,,historical
MEF-0030,Casablanca-Settat,regional_office,coastal,2019,0.94,,,,,historical
MEF-0030,Casablanca-Settat,regional_office,coastal,2020,0.85,,,,,historical
MEF-0030,Casablanca-Settat,regional_office,coastal,2021,0.9,,,,,historical
MEF-0030,Casablanca-Settat,regional_office,coastal,2022,1.06,,,,,historical
MEF-0030,Casablanca-Settat,regional_office,coastal,2023,1.03,,,,,historical
MEF-0030,Casablanca-Settat,regional_office,coastal,2024,1.08,,,,,historical
MEF-0031,Casablanca-Settat,annex,coastal,2005,0.5,,,,,historical
MEF-0031,Casablanca-Settat,annex,coastal,2006,0.5,,,,,historical
MEF-0031,Casablanca-Settat,annex,coastal,2007,0.5,,,,,historical
MEF-0031,Casablanca-Settat,annex,coastal,2008,0.5,,,,,historical
MEF-0031,Casablanca-Settat,annex,coastal,2009,0.5,,,,,historical
MEF-0031,Casablanca-Settat,annex,coastal,2010,0.5,,,,,historical
MEF-0031,Casablanca-Settat,annex,coastal,2011,0.5,,,,,historical
MEF-0031,Casablanca-Settat,annex,coastal,2012,0.53,,,,,historical
MEF-0031,Casablanca-Settat,annex,coastal,2013,0.5,,,,,historical
MEF-0031,Casablanca-Settat,annex,coastal,2014,0.51,,,,,historical
MEF-0031,Casablanca-Settat,annex,coastal,2015,0.56,,,,,historical
MEF-0031,Casablanca-Settat,annex,coastal,2016,0.53,,,,,historical
MEF-0031,Casablanca-Settat,annex,coastal,2017,0.57,,,,,historical
MEF-0031,Casablanca-Settat,annex,coastal,2018,0.61,,,,,historical
MEF-0031,Casablanca-Settat,annex,coastal,2019,0.58,,,,,historical
MEF-0031,Casablanca-Settat,annex,coastal,2020,0.5,,,,,historical
MEF-0031,Casablanca-Settat,annex,coastal,2021,0.51,,,,,historical
MEF-0031,Casablanca-Settat,annex,coastal,2022,0.56,,,,,historical
MEF-0031,Casablanca-Settat,annex,coastal,2023,0.64,,,,,historical
MEF-0031,Casablanca-Settat,annex,coastal,2024,0.67,,,,,historical
MEF-0032,Casablanca-Settat,regional_office,coastal,2005,2.43,,,,,historical
MEF-0032,Casablanca-Settat,regional_office,coastal,2006,2.46,,,,,historical
MEF-0032,Casablanca-Settat,regional_office,coastal,2007,2.3,,,,,historical
MEF-0032,Casablanca-Settat,regional_office,coastal,2008,2.53,,,,,historical
MEF-0032,Casablanca-Settat,regional_office,coastal,2009,2.77,,,,,historical
MEF-0032,Casablanca-Settat,regional_office,coastal,2010,2.84,,,,,historical
MEF-0032,Casablanca-Settat,regional_office,coastal,2011,2.99,,,,,historical
MEF-0032,Casablanca-Settat,regional_office,coastal,2012,3.15,,,,,historical
MEF-0032,Casablanca-Settat,regional_office,coastal,2013,3.02,,,,,historical
MEF-0032,Casablanca-Settat,regional_office,coastal,2014,3.44,,,,,historical
MEF-0032,Casablanca-Settat,regional_office,coastal,2015,3.74,,,,,historical
MEF-0032,Casablanca-Settat,regional_office,coastal,2016,3.44,,,,,historical
MEF-0032,Casablanca-Settat,regional_office,coastal,2017,3.97,,,,,historical
MEF-0032,Casablanca-Settat,regional_office,coastal,2018,4.04,,,,,historical
MEF-0032,Casablanca-Settat,regional_office,coastal,2019,4.66,,,,,historical
MEF-0032,Casablanca-Settat,regional_office,coastal,2020,4.09,,,,,historical
MEF-0032,Casablanca-Settat,regional_office,coastal,2021,4.32,,,,,historical
MEF-0032,Casablanca-Settat,regional_office,coastal,2022,4.41,,,,,historical
MEF-0032,Casablanca-Settat,regional_office,coastal,2023,4.34,,,,,historical
MEF-0032,Casablanca-Settat,regional_office,coastal,2024,4.12,,,,,historical
MEF-0033,Casablanca-Settat,regional_office,coastal,2005,0.65,,,,,historical
MEF-0033,Casablanca-Settat,regional_office,coastal,2006,0.78,,,,,historical
MEF-0033,Casablanca-Settat,regional_office,coastal,2007,0.8,,,,,historical
MEF-0033,Casablanca-Settat,regional_office,coastal,2008,0.86,,,,,historical
MEF-0033,Casablanca-Settat,regional_office,coastal,2009,0.96,,,,,historical
MEF-0033,Casablanca-Settat,regional_office,coastal,2010,0.96,,,,,historical
MEF-0033,Casablanca-Settat,regional_office,coastal,2011,0.96,,,,,historical
MEF-0033,Casablanca-Settat,regional_office,coastal,2012,0.91,,,,,historical
MEF-0033,Casablanca-Settat,regional_office,coastal,2013,0.98,,,,,historical
MEF-0033,Casablanca-Settat,regional_office,coastal,2014,1.04,,,,,historical
MEF-0033,Casablanca-Settat,regional_office,coastal,2015,1.09,,,,,historical
MEF-0033,Casablanca-Settat,regional_office,coastal,2016,1.07,,,,,historical
MEF-0033,Casablanca-Settat,regional_office,coastal,2017,1.14,,,,,historical
MEF-0033,Casablanca-Settat,regional_office,coastal,2018,1.16,,,,,historical
MEF-0033,Casablanca-Settat,regional_office,coastal,2019,1.32,,,,,historical
MEF-0033,Casablanca-Settat,regional_office,coastal,2020,1.15,,,,,historical
MEF-0033,Casablanca-Settat,regional_office,coastal,2021,1.34,,,,,historical
MEF-0033,Casablanca-Settat,regional_office,coastal,2022,1.22,,,,,historical
MEF-0033,Casablanca-Settat,regional_office,coastal,2023,1.27,,,,,historical
MEF-0033,Casablanca-Settat,regional_office,coastal,2024,1.39,,,,,historical
MEF-0034,Casablanca-Settat,ministry_hq,coastal,2005,6.17,,,,,historical
MEF-0034,Casablanca-Settat,ministry_hq,coastal,2006,6.12,,,,,historical
MEF-0034,Casablanca-Settat,ministry_hq,coastal,2007,6.66,,,,,historical
MEF-0034,Casablanca-Settat,ministry_hq,coastal,2008,7.23,,,,,historical
MEF-0034,Casablanca-Settat,ministry_hq,coastal,2009,7.39,,,,,historical
MEF-0034,Casablanca-Settat,ministry_hq,coastal,2010,7.52,,,,,historical
MEF-0034,Casablanca-Settat,ministry_hq,coastal,2011,7.76,,,,,historical
MEF-0034,Casablanca-Settat,ministry_hq,coastal,2012,8.37,,,,,historical
MEF-0034,Casablanca-Settat,ministry_hq,coastal,2013,7.71,,,,,historical
MEF-0034,Casablanca-Settat,ministry_hq,coastal,2014,8.75,,,,,historical
MEF-0034,Casablanca-Settat,ministry_hq,coastal,2015,9.26,,,,,historical
MEF-0034,Casablanca-Settat,ministry_hq,coastal,2016,9.76,,,,,historical
MEF-0034,Casablanca-Settat,ministry_hq,coastal,2017,10.09,,,,,historical
MEF-0034,Casablanca-Settat,ministry_hq,coastal,2018,10.79,,,,,historical
MEF-0034,Casablanca-Settat,ministry_hq,coastal,2019,11.6,,,,,historical
MEF-0034,Casablanca-Settat,ministry_hq,coastal,2020,9.65,,,,,historical
MEF-0034,Casablanca-Settat,ministry_hq,coastal,2021,12.37,,,,,historical
MEF-0034,Casablanca-Settat,ministry_hq,coastal,2022,11.85,,,,,historical
MEF-0034,Casablanca-Settat,ministry_hq,coastal,2023,13.07,,,,,historical
MEF-0034,Casablanca-Settat,ministry_hq,coastal,2024,13.8,,,,,historical
MEF-0035,Fès-Meknès,annex,mountain,2005,0.5,,,,,historical
MEF-0035,Fès-Meknès,annex,mountain,2006,0.5,,,,,historical
MEF-0035,Fès-Meknès,annex,mountain,2007,0.5,,,,,historical
MEF-0035,Fès-Meknès,annex,mountain,2008,0.5,,,,,historical
MEF-0035,Fès-Meknès,annex,mountain,2009,0.5,,,,,historical
MEF-0035,Fès-Meknès,annex,mountain,2010,0.5,,,,,historical
MEF-0035,Fès-Meknès,annex,mountain,2011,0.5,,,,,historical
MEF-0035,Fès-Meknès,annex,mountain,2012,0.5,,,,,historical
MEF-0035,Fès-Meknès,annex,mountain,2013,0.5,,,,,historical
MEF-0035,Fès-Meknès,annex,mountain,2014,0.5,,,,,historical
MEF-0035,Fès-Meknès,annex,mountain,2015,0.5,,,,,historical
MEF-0035,Fès-Meknès,annex,mountain,2016,0.5,,,,,historical
MEF-0035,Fès-Meknès,annex,mountain,2017,0.5,,,,,historical
MEF-0035,Fès-Meknès,annex,mountain,2018,0.55,,,,,historical
MEF-0035,Fès-Meknès,annex,mountain,2019,0.59,,,,,historical
MEF-0035,Fès-Meknès,annex,mountain,2020,0.5,,,,,historical
MEF-0035,Fès-Meknès,annex,mountain,2021,0.5,,,,,historical
MEF-0035,Fès-Meknès,annex,mountain,2022,0.54,,,,,historical
MEF-0035,Fès-Meknès,annex,mountain,2023,0.56,,,,,historical
MEF-0035,Fès-Meknès,annex,mountain,2024,0.58,,,,,historical
MEF-0036,Fès-Meknès,ministry_hq,mountain,2005,3.92,,,,,historical
MEF-0036,Fès-Meknès,ministry_hq,mountain,2006,4.28,,,,,historical
MEF-0036,Fès-Meknès,ministry_hq,mountain,2007,4.71,,,,,historical
MEF-0036,Fès-Meknès,ministry_hq,mountain,2008,4.65,,,,,historical
MEF-0036,Fès-Meknès,ministry_hq,mountain,2009,4.97,,,,,historical
MEF-0036,Fès-Meknès,ministry_hq,mountain,2010,5.08,,,,,historical
MEF-0036,Fès-Meknès,ministry_hq,mountain,2011,5.74,,,,,historical
MEF-0036,Fès-Meknès,ministry_hq,mountain,2012,5.78,,,,,historical
MEF-0036,Fès-Meknès,ministry_hq,mountain,2013,6.74,,,,,historical
MEF-0036,Fès-Meknès,ministry_hq,mountain,2014,6.27,,,,,historical
MEF-0036,Fès-Meknès,ministry_hq,mountain,2015,7.19,,,,,historical
MEF-0036,Fès-Meknès,ministry_hq,mountain,2016,7.6,,,,,historical
MEF-0036,Fès-Meknès,ministry_hq,mountain,2017,7.46,,,,,historical
MEF-0036,Fès-Meknès,ministry_hq,mountain,2018,7.71,,,,,historical
MEF-0036,Fès-Meknès,ministry_hq,mountain,2019,8.02,,,,,historical
MEF-0036,Fès-Meknès,ministry_hq,mountain,2020,7.37,,,,,historical
MEF-0036,Fès-Meknès,ministry_hq,mountain,2021,8.69,,,,,historical
MEF-0036,Fès-Meknès,ministry_hq,mountain,2022,9.06,,,,,historical
MEF-0036,Fès-Meknès,ministry_hq,mountain,2023,9.14,,,,,historical
MEF-0036,Fès-Meknès,ministry_hq,mountain,2024,9.4,,,,,historical
MEF-0037,Fès-Meknès,regional_office,mountain,2005,1.83,,,,,historical
MEF-0037,Fès-Meknès,regional_office,mountain,2006,1.98,,,,,historical
MEF-0037,Fès-Meknès,regional_office,mountain,2007,2.01,,,,,historical
MEF-0037,Fès-Meknès,regional_office,mountain,2008,2.06,,,,,historical
MEF-0037,Fès-Meknès,regional_office,mountain,2009,2.22,,,,,historical
MEF-0037,Fès-Meknès,regional_office,mountain,2010,2.3,,,,,historical
MEF-0037,Fès-Meknès,regional_office,mountain,2011,2.37,,,,,historical
MEF-0037,Fès-Meknès,regional_office,mountain,2012,2.32,,,,,historical
MEF-0037,Fès-Meknès,regional_office,mountain,2013,2.48,,,,,historical
MEF-0037,Fès-Meknès,regional_office,mountain,2014,2.58,,,,,historical
MEF-0037,Fès-Meknès,regional_office,mountain,2015,2.6,,,,,historical
MEF-0037,Fès-Meknès,regional_office,mountain,2016,2.9,,,,,historical
MEF-0037,Fès-Meknès,regional_office,mountain,2017,3.05,,,,,historical
MEF-0037,Fès-Meknès,regional_office,mountain,2018,3.13,,,,,historical
MEF-0037,Fès-Meknès,regional_office,mountain,2019,3.23,,,,,historical
MEF-0037,Fès-Meknès,regional_office,mountain,2020,2.87,,,,,historical
MEF-0037,Fès-Meknès,regional_office,mountain,2021,3.32,,,,,historical
MEF-0037,Fès-Meknès,regional_office,mountain,2022,3.1,,,,,historical
MEF-0037,Fès-Meknès,regional_office,mountain,2023,3.73,,,,,historical
MEF-0037,Fès-Meknès,regional_office,mountain,2024,3.36,,,,,historical
MEF-0038,Fès-Meknès,regional_office,mountain,2005,1.95,,,,,historical
MEF-0038,Fès-Meknès,regional_office,mountain,2006,1.85,,,,,historical
MEF-0038,Fès-Meknès,regional_office,mountain,2007,2.06,,,,,historical
MEF-0038,Fès-Meknès,regional_office,mountain,2008,1.99,,,,,historical
MEF-0038,Fès-Meknès,regional_office,mountain,2009,2.1,,,,,historical
MEF-0038,Fès-Meknès,regional_office,mountain,2010,2.26,,,,,historical
MEF-0038,Fès-Meknès,regional_office,mountain,2011,2.23,,,,,historical
MEF-0038,Fès-Meknès,regional_office,mountain,2012,2.41,,,,,historical
MEF-0038,Fès-Meknès,regional_office,mountain,2013,2.49,,,,,historical
MEF-0038,Fès-Meknès,regional_office,mountain,2014,2.49,,,,,historical
MEF-0038,Fès-Meknès,regional_office,mountain,2015,2.56,,,,,historical
MEF-0038,Fès-Meknès,regional_office,mountain,2016,2.42,,,,,historical
MEF-0038,Fès-Meknès,regional_office,mountain,2017,2.43,,,,,historical
MEF-0038,Fès-Meknès,regional_office,mountain,2018,2.42,,,,,historical
MEF-0038,Fès-Meknès,regional_office,mountain,2019,2.71,,,,,historical
MEF-0038,Fès-Meknès,regional_office,mountain,2020,1.88,,,,,historical
MEF-0038,Fès-Meknès,regional_office,mountain,2021,2.18,,,,,historical
MEF-0038,Fès-Meknès,regional_office,mountain,2022,2.22,,,,,historical
MEF-0038,Fès-Meknès,regional_office,mountain,2023,2.64,,,,,historical
MEF-0038,Fès-Meknès,regional_office,mountain,2024,2.86,,,,,historical
MEF-0039,Fès-Meknès,regional_office,mountain,2005,1.49,,,,,historical
MEF-0039,Fès-Meknès,regional_office,mountain,2006,1.53,,,,,historical
MEF-0039,Fès-Meknès,regional_office,mountain,2007,1.64,,,,,historical
MEF-0039,Fès-Meknès,regional_office,mountain,2008,1.92,,,,,historical
MEF-0039,Fès-Meknès,regional_office,mountain,2009,1.92,,,,,historical
MEF-0039,Fès-Meknès,regional_office,mountain,2010,1.99,,,,,historical
MEF-0039,Fès-Meknès,regional_office,mountain,2011,2.36,,,,,historical
MEF-0039,Fès-Meknès,regional_office,mountain,2012,2.24,,,,,historical
MEF-0039,Fès-Meknès,regional_office,mountain,2013,2.49,,,,,historical
MEF-0039,Fès-Meknès,regional_office,mountain,2014,2.33,,,,,historical
MEF-0039,Fès-Meknès,regional_office,mountain,2015,2.65,,,,,historical
MEF-0039,Fès-Meknès,regional_office,mountain,2016,2.77,,,,,historical
MEF-0039,Fès-Meknès,regional_office,mountain,2017,3.18,,,,,historical
MEF-0039,Fès-Meknès,regional_office,mountain,2018,3.19,,,,,historical
MEF-0039,Fès-Meknès,regional_office,mountain,2019,3.14,,,,,historical
MEF-0039,Fès-Meknès,regional_office,mountain,2020,2.66,,,,,historical
MEF-0039,Fès-Meknès,regional_office,mountain,2021,3.01,,,,,historical
MEF-0039,Fès-Meknès,regional_office,mountain,2022,3.47,,,,,historical
MEF-0039,Fès-Meknès,regional_office,mountain,2023,3.52,,,,,historical
MEF-0039,Fès-Meknès,regional_office,mountain,2024,3.24,,,,,historical
MEF-0040,Fès-Meknès,regional_office,mountain,2005,1.66,,,,,historical
MEF-0040,Fès-Meknès,regional_office,mountain,2006,1.63,,,,,historical
MEF-0040,Fès-Meknès,regional_office,mountain,2007,1.69,,,,,historical
MEF-0040,Fès-Meknès,regional_office,mountain,2008,1.55,,,,,historical
MEF-0040,Fès-Meknès,regional_office,mountain,2009,1.75,,,,,historical
MEF-0040,Fès-Meknès,regional_office,mountain,2010,1.86,,,,,historical
MEF-0040,Fès-Meknès,regional_office,mountain,2011,1.97,,,,,historical
MEF-0040,Fès-Meknès,regional_office,mountain,2012,2.07,,,,,historical
MEF-0040,Fès-Meknès,regional_office,mountain,2013,2.14,,,,,historical
MEF-0040,Fès-Meknès,regional_office,mountain,2014,2.45,,,,,historical
MEF-0040,Fès-Meknès,regional_office,mountain,2015,2.4,,,,,historical
MEF-0040,Fès-Meknès,regional_office,mountain,2016,2.29,,,,,historical
MEF-0040,Fès-Meknès,regional_office,mountain,2017,2.62,,,,,historical
MEF-0040,Fès-Meknès,regional_office,mountain,2018,2.6,,,,,historical
MEF-0040,Fès-Meknès,regional_office,mountain,2019,2.66,,,,,historical
MEF-0040,Fès-Meknès,regional_office,mountain,2020,2.13,,,,,historical
MEF-0040,Fès-Meknès,regional_office,mountain,2021,2.66,,,,,historical
MEF-0040,Fès-Meknès,regional_office,mountain,2022,2.9,,,,,historical
MEF-0040,Fès-Meknès,regional_office,mountain,2023,3.21,,,,,historical
MEF-0040,Fès-Meknès,regional_office,mountain,2024,3.24,,,,,historical
MEF-0041,Fès-Meknès,annex,mountain,2005,0.5,,,,,historical
MEF-0041,Fès-Meknès,annex,mountain,2006,0.5,,,,,historical
MEF-0041,Fès-Meknès,annex,mountain,2007,0.51,,,,,historical
MEF-0041,Fès-Meknès,annex,mountain,2008,0.55,,,,,historical
MEF-0041,Fès-Meknès,annex,mountain,2009,0.56,,,,,historical
MEF-0041,Fès-Meknès,annex,mountain,2010,0.6,,,,,historical
MEF-0041,Fès-Meknès,annex,mountain,2011,0.67,,,,,historical
MEF-0041,Fès-Meknès,annex,mountain,2012,0.65,,,,,historical
MEF-0041,Fès-Meknès,annex,mountain,2013,0.68,,,,,historical
MEF-0041,Fès-Meknès,annex,mountain,2014,0.67,,,,,historical
MEF-0041,Fès-Meknès,annex,mountain,2015,0.7,,,,,historical
MEF-0041,Fès-Meknès,annex,mountain,2016,0.73,,,,,historical
MEF-0041,Fès-Meknès,annex,mountain,2017,0.77,,,,,historical
MEF-0041,Fès-Meknès,annex,mountain,2018,0.72,,,,,historical
MEF-0041,Fès-Meknès,annex,mountain,2019,0.75,,,,,historical
MEF-0041,Fès-Meknès,annex,mountain,2020,0.5,,,,,historical
MEF-0041,Fès-Meknès,annex,mountain,2021,0.64,,,,,historical
MEF-0041,Fès-Meknès,annex,mountain,2022,0.69,,,,,historical
MEF-0041,Fès-Meknès,annex,mountain,2023,0.73,,,,,historical
MEF-0041,Fès-Meknès,annex,mountain,2024,0.83,,,,,historical
MEF-0042,Fès-Meknès,regional_office,mountain,2005,0.58,,,,,historical
MEF-0042,Fès-Meknès,regional_office,mountain,2006,0.61,,,,,historical
MEF-0042,Fès-Meknès,regional_office,mountain,2007,0.69,,,,,historical
MEF-0042,Fès-Meknès,regional_office,mountain,2008,0.67,,,,,historical
MEF-0042,Fès-Meknès,regional_office,mountain,2009,0.74,,,,,historical
MEF-0042,Fès-Meknès,regional_office,mountain,2010,0.77,,,,,historical
MEF-0042,Fès-Meknès,regional_office,mountain,2011,0.69,,,,,historical
MEF-0042,Fès-Meknès,regional_office,mountain,2012,0.73,,,,,historical
MEF-0042,Fès-Meknès,regional_office,mountain,2013,0.77,,,,,historical
MEF-0042,Fès-Meknès,regional_office,mountain,2014,0.8,,,,,historical
MEF-0042,Fès-Meknès,regional_office,mountain,2015,0.76,,,,,historical
MEF-0042,Fès-Meknès,regional_office,mountain,2016,0.82,,,,,historical
MEF-0042,Fès-Meknès,regional_office,mountain,2017,0.82,,,,,historical
MEF-0042,Fès-Meknès,regional_office,mountain,2018,0.82,,,,,historical
MEF-0042,Fès-Meknès,regional_office,mountain,2019,0.83,,,,,historical
MEF-0042,Fès-Meknès,regional_office,mountain,2020,0.65,,,,,historical
MEF-0042,Fès-Meknès,regional_office,mountain,2021,0.8,,,,,historical
MEF-0042,Fès-Meknès,regional_office,mountain,2022,0.83,,,,,historical
MEF-0042,Fès-Meknès,regional_office,mountain,2023,0.83,,,,,historical
MEF-0042,Fès-Meknès,regional_office,mountain,2024,0.9,,,,,historical
MEF-0043,Fès-Meknès,ministry_hq,mountain,2005,2.82,,,,,historical
MEF-0043,Fès-Meknès,ministry_hq,mountain,2006,2.94,,,,,historical
MEF-0043,Fès-Meknès,ministry_hq,mountain,2007,3.22,,,,,historical
MEF-0043,Fès-Meknès,ministry_hq,mountain,2008,3.44,,,,,historical
MEF-0043,Fès-Meknès,ministry_hq,mountain,2009,3.79,,,,,historical
MEF-0043,Fès-Meknès,ministry_hq,mountain,2010,4.0,,,,,historical
MEF-0043,Fès-Meknès,ministry_hq,mountain,2011,4.0,,,,,historical
MEF-0043,Fès-Meknès,ministry_hq,mountain,2012,4.1,,,,,historical
MEF-0043,Fès-Meknès,ministry_hq,mountain,2013,4.42,,,,,historical
MEF-0043,Fès-Meknès,ministry_hq,mountain,2014,4.13,,,,,historical
MEF-0043,Fès-Meknès,ministry_hq,mountain,2015,4.19,,,,,historical
MEF-0043,Fès-Meknès,ministry_hq,mountain,2016,4.6,,,,,historical
MEF-0043,Fès-Meknès,ministry_hq,mountain,2017,4.98,,,,,historical
MEF-0043,Fès-Meknès,ministry_hq,mountain,2018,5.34,,,,,historical
MEF-0043,Fès-Meknès,ministry_hq,mountain,2019,5.17,,,,,historical
MEF-0043,Fès-Meknès,ministry_hq,mountain,2020,4.57,,,,,historical
MEF-0043,Fès-Meknès,ministry_hq,mountain,2021,5.63,,,,,historical
MEF-0043,Fès-Meknès,ministry_hq,mountain,2022,5.46,,,,,historical
MEF-0043,Fès-Meknès,ministry_hq,mountain,2023,6.11,,,,,historical
MEF-0043,Fès-Meknès,ministry_hq,mountain,2024,6.32,,,,,historical
MEF-0044,Fès-Meknès,annex,mountain,2005,0.5,,,,,historical
MEF-0044,Fès-Meknès,annex,mountain,2006,0.5,,,,,historical
MEF-0044,Fès-Meknès,annex,mountain,2007,0.5,,,,,historical
MEF-0044,Fès-Meknès,annex,mountain,2008,0.5,,,,,historical
MEF-0044,Fès-Meknès,annex,mountain,2009,0.5,,,,,historical
MEF-0044,Fès-Meknès,annex,mountain,2010,0.5,,,,,historical
MEF-0044,Fès-Meknès,annex,mountain,2011,0.5,,,,,historical
MEF-0044,Fès-Meknès,annex,mountain,2012,0.5,,,,,historical
MEF-0044,Fès-Meknès,annex,mountain,2013,0.5,,,,,historical
MEF-0044,Fès-Meknès,annex,mountain,2014,0.5,,,,,historical
MEF-0044,Fès-Meknès,annex,mountain,2015,0.5,,,,,historical
MEF-0044,Fès-Meknès,annex,mountain,2016,0.5,,,,,historical
MEF-0044,Fès-Meknès,annex,mountain,2017,0.5,,,,,historical
MEF-0044,Fès-Meknès,annex,mountain,2018,0.5,,,,,historical
MEF-0044,Fès-Meknès,annex,mountain,2019,0.5,,,,,historical
MEF-0044,Fès-Meknès,annex,mountain,2020,0.5,,,,,historical
MEF-0044,Fès-Meknès,annex,mountain,2021,0.5,,,,,historical
MEF-0044,Fès-Meknès,annex,mountain,2022,0.5,,,,,historical
MEF-0044,Fès-Meknès,annex,mountain,2023,0.5,,,,,historical
MEF-0044,Fès-Meknès,annex,mountain,2024,0.51,,,,,historical
MEF-0045,Marrakech-Safi,regional_office,arid,2005,2.19,,,,,historical
MEF-0045,Marrakech-Safi,regional_office,arid,2006,2.25,,,,,historical
MEF-0045,Marrakech-Safi,regional_office,arid,2007,2.36,,,,,historical
MEF-0045,Marrakech-Safi,regional_office,arid,2008,2.28,,,,,historical
MEF-0045,Marrakech-Safi,regional_office,arid,2009,2.35,,,,,historical
MEF-0045,Marrakech-Safi,regional_office,arid,2010,2.73,,,,,historical
MEF-0045,Marrakech-Safi,regional_office,arid,2011,2.75,,,,,historical
MEF-0045,Marrakech-Safi,regional_office,arid,2012,2.82,,,,,historical
MEF-0045,Marrakech-Safi,regional_office,arid,2013,2.89,,,,,historical
MEF-0045,Marrakech-Safi,regional_office,arid,2014,2.8,,,,,historical
MEF-0045,Marrakech-Safi,regional_office,arid,2015,3.05,,,,,historical
MEF-0045,Marrakech-Safi,regional_office,arid,2016,3.24,,,,,historical
MEF-0045,Marrakech-Safi,regional_office,arid,2017,3.31,,,,,historical
MEF-0045,Marrakech-Safi,regional_office,arid,2018,3.29,,,,,historical
MEF-0045,Marrakech-Safi,regional_office,arid,2019,3.36,,,,,historical
MEF-0045,Marrakech-Safi,regional_office,arid,2020,2.44,,,,,historical
MEF-0045,Marrakech-Safi,regional_office,arid,2021,3.15,,,,,historical
MEF-0045,Marrakech-Safi,regional_office,arid,2022,2.89,,,,,historical
MEF-0045,Marrakech-Safi,regional_office,arid,2023,3.49,,,,,historical
MEF-0045,Marrakech-Safi,regional_office,arid,2024,3.44,,,,,historical
MEF-0046,Marrakech-Safi,ministry_hq,arid,2005,18.69,,,,,historical
MEF-0046,Marrakech-Safi,ministry_hq,arid,2006,18.17,,,,,historical
MEF-0046,Marrakech-Safi,ministry_hq,arid,2007,21.12,,,,,historical
MEF-0046,Marrakech-Safi,ministry_hq,arid,2008,19.57,,,,,historical
MEF-0046,Marrakech-Safi,ministry_hq,arid,2009,21.45,,,,,historical
MEF-0046,Marrakech-Safi,ministry_hq,arid,2010,23.13,,,,,historical
MEF-0046,Marrakech-Safi,ministry_hq,arid,2011,22.67,,,,,historical
MEF-0046,Marrakech-Safi,ministry_hq,arid,2012,23.46,,,,,historical
MEF-0046,Marrakech-Safi,ministry_hq,arid,2013,25.83,,,,,historical
MEF-0046,Marrakech-Safi,ministry_hq,arid,2014,26.86,,,,,historical
MEF-0046,Marrakech-Safi,ministry_hq,arid,2015,28.17,,,,,historical
MEF-0046,Marrakech-Safi,ministry_hq,arid,2016,29.74,,,,,historical
MEF-0046,Marrakech-Safi,ministry_hq,arid,2017,29.1,,,,,historical
MEF-0046,Marrakech-Safi,ministry_hq,arid,2018,30.81,,,,,historical
MEF-0046,Marrakech-Safi,ministry_hq,arid,2019,30.87,,,,,historical
MEF-0046,Marrakech-Safi,ministry_hq,arid,2020,27.75,,,,,historical
MEF-0046,Marrakech-Safi,ministry_hq,arid,2021,31.56,,,,,historical
MEF-0046,Marrakech-Safi,ministry_hq,arid,2022,31.67,,,,,historical
MEF-0046,Marrakech-Safi,ministry_hq,arid,2023,33.56,,,,,historical
MEF-0046,Marrakech-Safi,ministry_hq,arid,2024,38.59,,,,,historical
MEF-0047,Marrakech-Safi,regional_office,arid,2005,1.34,,,,,historical
MEF-0047,Marrakech-Safi,regional_office,arid,2006,1.48,,,,,historical
MEF-0047,Marrakech-Safi,regional_office,arid,2007,1.46,,,,,historical
MEF-0047,Marrakech-Safi,regional_office,arid,2008,1.73,,,,,historical
MEF-0047,Marrakech-Safi,regional_office,arid,2009,1.7,,,,,historical
MEF-0047,Marrakech-Safi,regional_office,arid,2010,1.82,,,,,historical
MEF-0047,Marrakech-Safi,regional_office,arid,2011,1.89,,,,,historical
MEF-0047,Marrakech-Safi,regional_office,arid,2012,2.12,,,,,historical
MEF-0047,Marrakech-Safi,regional_office,arid,2013,2.22,,,,,historical
MEF-0047,Marrakech-Safi,regional_office,arid,2014,2.35,,,,,historical
MEF-0047,Marrakech-Safi,regional_office,arid,2015,2.61,,,,,historical
MEF-0047,Marrakech-Safi,regional_office,arid,2016,2.45,,,,,historical
MEF-0047,Marrakech-Safi,regional_office,arid,2017,2.63,,,,,historical
MEF-0047,Marrakech-Safi,regional_office,arid,2018,2.84,,,,,historical
MEF-0047,Marrakech-Safi,regional_office,arid,2019,2.74,,,,,historical
MEF-0047,Marrakech-Safi,regional_office,arid,2020,2.56,,,,,historical
MEF-0047,Marrakech-Safi,regional_office,arid,2021,2.71,,,,,historical
MEF-0047,Marrakech-Safi,regional_office,arid,2022,2.89,,,,,historical
MEF-0047,Marrakech-Safi,regional_office,arid,2023,2.92,,,,,historical
MEF-0047,Marrakech-Safi,regional_office,arid,2024,3.21,,,,,historical
MEF-0048,Marrakech-Safi,regional_office,arid,2005,2.25,,,,,historical
MEF-0048,Marrakech-Safi,regional_office,arid,2006,2.22,,,,,historical
MEF-0048,Marrakech-Safi,regional_office,arid,2007,2.52,,,,,historical
MEF-0048,Marrakech-Safi,regional_office,arid,2008,2.35,,,,,historical
MEF-0048,Marrakech-Safi,regional_office,arid,2009,2.65,,,,,historical
MEF-0048,Marrakech-Safi,regional_office,arid,2010,2.64,,,,,historical
MEF-0048,Marrakech-Safi,regional_office,arid,2011,2.95,,,,,historical
MEF-0048,Marrakech-Safi,regional_office,arid,2012,2.83,,,,,historical
MEF-0048,Marrakech-Safi,regional_office,arid,2013,3.21,,,,,historical
MEF-0048,Marrakech-Safi,regional_office,arid,2014,3.44,,,,,historical
MEF-0048,Marrakech-Safi,regional_office,arid,2015,3.47,,,,,historical
MEF-0048,Marrakech-Safi,regional_office,arid,2016,3.49,,,,,historical
MEF-0048,Marrakech-Safi,regional_office,arid,2017,4.02,,,,,historical
MEF-0048,Marrakech-Safi,regional_office,arid,2018,4.02,,,,,historical
MEF-0048,Marrakech-Safi,regional_office,arid,2019,4.33,,,,,historical
MEF-0048,Marrakech-Safi,regional_office,arid,2020,3.95,,,,,historical
MEF-0048,Marrakech-Safi,regional_office,arid,2021,4.57,,,,,historical
MEF-0048,Marrakech-Safi,regional_office,arid,2022,4.47,,,,,historical
MEF-0048,Marrakech-Safi,regional_office,arid,2023,4.76,,,,,historical
MEF-0048,Marrakech-Safi,regional_office,arid,2024,5.12,,,,,historical
MEF-0049,Marrakech-Safi,regional_office,arid,2005,1.92,,,,,historical
MEF-0049,Marrakech-Safi,regional_office,arid,2006,1.79,,,,,historical
MEF-0049,Marrakech-Safi,regional_office,arid,2007,1.76,,,,,historical
MEF-0049,Marrakech-Safi,regional_office,arid,2008,1.82,,,,,historical
MEF-0049,Marrakech-Safi,regional_office,arid,2009,1.91,,,,,historical
MEF-0049,Marrakech-Safi,regional_office,arid,2010,1.96,,,,,historical
MEF-0049,Marrakech-Safi,regional_office,arid,2011,1.93,,,,,historical
MEF-0049,Marrakech-Safi,regional_office,arid,2012,1.98,,,,,historical
MEF-0049,Marrakech-Safi,regional_office,arid,2013,1.99,,,,,historical
MEF-0049,Marrakech-Safi,regional_office,arid,2014,2.08,,,,,historical
MEF-0049,Marrakech-Safi,regional_office,arid,2015,1.98,,,,,historical
MEF-0049,Marrakech-Safi,regional_office,arid,2016,2.28,,,,,historical
MEF-0049,Marrakech-Safi,regional_office,arid,2017,2.47,,,,,historical
MEF-0049,Marrakech-Safi,regional_office,arid,2018,2.55,,,,,historical
MEF-0049,Marrakech-Safi,regional_office,arid,2019,2.66,,,,,historical
MEF-0049,Marrakech-Safi,regional_office,arid,2020,2.32,,,,,historical
MEF-0049,Marrakech-Safi,regional_office,arid,2021,2.61,,,,,historical
MEF-0049,Marrakech-Safi,regional_office,arid,2022,2.38,,,,,historical
MEF-0049,Marrakech-Safi,regional_office,arid,2023,2.67,,,,,historical
MEF-0049,Marrakech-Safi,regional_office,arid,2024,2.66,,,,,historical
MEF-0050,Marrakech-Safi,annex,arid,2005,0.6,,,,,historical
MEF-0050,Marrakech-Safi,annex,arid,2006,0.58,,,,,historical
MEF-0050,Marrakech-Safi,annex,arid,2007,0.52,,,,,historical
MEF-0050,Marrakech-Safi,annex,arid,2008,0.59,,,,,historical
MEF-0050,Marrakech-Safi,annex,arid,2009,0.6,,,,,historical
MEF-0050,Marrakech-Safi,annex,arid,2010,0.58,,,,,historical
MEF-0050,Marrakech-Safi,annex,arid,2011,0.61,,,,,historical
MEF-0050,Marrakech-Safi,annex,arid,2012,0.64,,,,,historical
MEF-0050,Marrakech-Safi,annex,arid,2013,0.7,,,,,historical
MEF-0050,Marrakech-Safi,annex,arid,2014,0.69,,,,,historical
MEF-0050,Marrakech-Safi,annex,arid,2015,0.69,,,,,historical
MEF-0050,Marrakech-Safi,annex,arid,2016,0.73,,,,,historical
MEF-0050,Marrakech-Safi,annex,arid,2017,0.72,,,,,historical
MEF-0050,Marrakech-Safi,annex,arid,2018,0.74,,,,,historical
MEF-0050,Marrakech-Safi,annex,arid,2019,0.76,,,,,historical
MEF-0050,Marrakech-Safi,annex,arid,2020,0.5,,,,,historical
MEF-0050,Marrakech-Safi,annex,arid,2021,0.62,,,,,historical
MEF-0050,Marrakech-Safi,annex,arid,2022,0.64,,,,,historical
MEF-0050,Marrakech-Safi,annex,arid,2023,0.67,,,,,historical
MEF-0050,Marrakech-Safi,annex,arid,2024,0.64,,,,,historical
MEF-0051,Marrakech-Safi,annex,arid,2005,0.5,,,,,historical
MEF-0051,Marrakech-Safi,annex,arid,2006,0.5,,,,,historical
MEF-0051,Marrakech-Safi,annex,arid,2007,0.5,,,,,historical
MEF-0051,Marrakech-Safi,annex,arid,2008,0.5,,,,,historical
MEF-0051,Marrakech-Safi,annex,arid,2009,0.5,,,,,historical
MEF-0051,Marrakech-Safi,annex,arid,2010,0.5,,,,,historical
MEF-0051,Marrakech-Safi,annex,arid,2011,0.5,,,,,historical
MEF-0051,Marrakech-Safi,annex,arid,2012,0.53,,,,,historical
MEF-0051,Marrakech-Safi,annex,arid,2013,0.54,,,,,historical
MEF-0051,Marrakech-Safi,annex,arid,2014,0.56,,,,,historical
MEF-0051,Marrakech-Safi,annex,arid,2015,0.58,,,,,historical
MEF-0051,Marrakech-Safi,annex,arid,2016,0.64,,,,,historical
MEF-0051,Marrakech-Safi,annex,arid,2017,0.69,,,,,historical
MEF-0051,Marrakech-Safi,annex,arid,2018,0.75,,,,,historical
MEF-0051,Marrakech-Safi,annex,arid,2019,0.75,,,,,historical
MEF-0051,Marrakech-Safi,annex,arid,2020,0.61,,,,,historical
MEF-0051,Marrakech-Safi,annex,arid,2021,0.66,,,,,historical
MEF-0051,Marrakech-Safi,annex,arid,2022,0.68,,,,,historical
MEF-0051,Marrakech-Safi,annex,arid,2023,0.77,,,,,historical
MEF-0051,Marrakech-Safi,annex,arid,2024,0.72,,,,,historical
MEF-0052,Souss-Massa,regional_office,arid,2005,1.96,,,,,historical
MEF-0052,Souss-Massa,regional_office,arid,2006,2.11,,,,,historical
MEF-0052,Souss-Massa,regional_office,arid,2007,2.35,,,,,historical
MEF-0052,Souss-Massa,regional_office,arid,2008,2.56,,,,,historical
MEF-0052,Souss-Massa,regional_office,arid,2009,2.76,,,,,historical
MEF-0052,Souss-Massa,regional_office,arid,2010,2.72,,,,,historical
MEF-0052,Souss-Massa,regional_office,arid,2011,2.94,,,,,historical
MEF-0052,Souss-Massa,regional_office,arid,2012,2.82,,,,,historical
MEF-0052,Souss-Massa,regional_office,arid,2013,2.85,,,,,historical
MEF-0052,Souss-Massa,regional_office,arid,2014,2.85,,,,,historical
MEF-0052,Souss-Massa,regional_office,arid,2015,3.24,,,,,historical
MEF-0052,Souss-Massa,regional_office,arid,2016,3.31,,,,,historical
MEF-0052,Souss-Massa,regional_office,arid,2017,3.68,,,,,historical
MEF-0052,Souss-Massa,regional_office,arid,2018,3.49,,,,,historical
MEF-0052,Souss-Massa,regional_office,arid,2019,3.72,,,,,historical
MEF-0052,Souss-Massa,regional_office,arid,2020,2.91,,,,,historical
MEF-0052,Souss-Massa,regional_office,arid,2021,3.31,,,,,historical
MEF-0052,Souss-Massa,regional_office,arid,2022,3.7,,,,,historical
MEF-0052,Souss-Massa,regional_office,arid,2023,3.95,,,,,historical
MEF-0052,Souss-Massa,regional_office,arid,2024,4.61,,,,,historical
MEF-0053,Souss-Massa,annex,arid,2005,0.5,,,,,historical
MEF-0053,Souss-Massa,annex,arid,2006,0.5,,,,,historical
MEF-0053,Souss-Massa,annex,arid,2007,0.5,,,,,historical
MEF-0053,Souss-Massa,annex,arid,2008,0.5,,,,,historical
MEF-0053,Souss-Massa,annex,arid,2009,0.5,,,,,historical
MEF-0053,Souss-Massa,annex,arid,2010,0.5,,,,,historical
MEF-0053,Souss-Massa,annex,arid,2011,0.51,,,,,historical
MEF-0053,Souss-Massa,annex,arid,2012,0.5,,,,,historical
MEF-0053,Souss-Massa,annex,arid,2013,0.53,,,,,historical
MEF-0053,Souss-Massa,annex,arid,2014,0.5,,,,,historical
MEF-0053,Souss-Massa,annex,arid,2015,0.52,,,,,historical
MEF-0053,Souss-Massa,annex,arid,2016,0.6,,,,,historical
MEF-0053,Souss-Massa,annex,arid,2017,0.55,,,,,historical
MEF-0053,Souss-Massa,annex,arid,2018,0.54,,,,,historical
MEF-0053,Souss-Massa,annex,arid,2019,0.6,,,,,historical
MEF-0053,Souss-Massa,annex,arid,2020,0.5,,,,,historical
MEF-0053,Souss-Massa,annex,arid,2021,0.57,,,,,historical
MEF-0053,Souss-Massa,annex,arid,2022,0.56,,,,,historical
MEF-0053,Souss-Massa,annex,arid,2023,0.64,,,,,historical
MEF-0053,Souss-Massa,annex,arid,2024,0.62,,,,,historical
MEF-0054,Souss-Massa,regional_office,arid,2005,0.74,,,,,historical
MEF-0054,Souss-Massa,regional_office,arid,2006,0.84,,,,,historical
MEF-0054,Souss-Massa,regional_office,arid,2007,0.83,,,,,historical
MEF-0054,Souss-Massa,regional_office,arid,2008,0.89,,,,,historical
MEF-0054,Souss-Massa,regional_office,arid,2009,0.88,,,,,historical
MEF-0054,Souss-Massa,regional_office,arid,2010,0.95,,,,,historical
MEF-0054,Souss-Massa,regional_office,arid,2011,1.02,,,,,historical
MEF-0054,Souss-Massa,regional_office,arid,2012,1.2,,,,,historical
MEF-0054,Souss-Massa,regional_office,arid,2013,1.17,,,,,historical
MEF-0054,Souss-Massa,regional_office,arid,2014,1.08,,,,,historical
MEF-0054,Souss-Massa,regional_office,arid,2015,1.11,,,,,historical
MEF-0054,Souss-Massa,regional_office,arid,2016,1.31,,,,,historical
MEF-0054,Souss-Massa,regional_office,arid,2017,1.39,,,,,historical
MEF-0054,Souss-Massa,regional_office,arid,2018,1.44,,,,,historical
MEF-0054,Souss-Massa,regional_office,arid,2019,1.51,,,,,historical
MEF-0054,Souss-Massa,regional_office,arid,2020,1.4,,,,,historical
MEF-0054,Souss-Massa,regional_office,arid,2021,1.49,,,,,historical
MEF-0054,Souss-Massa,regional_office,arid,2022,1.63,,,,,historical
MEF-0054,Souss-Massa,regional_office,arid,2023,1.52,,,,,historical
MEF-0054,Souss-Massa,regional_office,arid,2024,1.67,,,,,historical
MEF-0055,Souss-Massa,regional_office,arid,2005,2.28,,,,,historical
MEF-0055,Souss-Massa,regional_office,arid,2006,2.41,,,,,historical
MEF-0055,Souss-Massa,regional_office,arid,2007,2.77,,,,,historical
MEF-0055,Souss-Massa,regional_office,arid,2008,2.84,,,,,historical
MEF-0055,Souss-Massa,regional_office,arid,2009,2.92,,,,,historical
MEF-0055,Souss-Massa,regional_office,arid,2010,2.72,,,,,historical
MEF-0055,Souss-Massa,regional_office,arid,2011,3.16,,,,,historical
MEF-0055,Souss-Massa,regional_office,arid,2012,3.18,,,,,historical
MEF-0055,Souss-Massa,regional_office,arid,2013,3.33,,,,,historical
MEF-0055,Souss-Massa,regional_office,arid,2014,3.54,,,,,historical
MEF-0055,Souss-Massa,regional_office,arid,2015,3.58,,,,,historical
MEF-0055,Souss-Massa,regional_office,arid,2016,3.85,,,,,historical
MEF-0055,Souss-Massa,regional_office,arid,2017,4.06,,,,,historical
MEF-0055,Souss-Massa,regional_office,arid,2018,4.1,,,,,historical
MEF-0055,Souss-Massa,regional_office,arid,2019,4.01,,,,,historical
MEF-0055,Souss-Massa,regional_office,arid,2020,3.72,,,,,historical
MEF-0055,Souss-Massa,regional_office,arid,2021,4.08,,,,,historical
MEF-0055,Souss-Massa,regional_office,arid,2022,3.88,,,,,historical
MEF-0055,Souss-Massa,regional_office,arid,2023,4.27,,,,,historical
MEF-0055,Souss-Massa,regional_office,arid,2024,4.62,,,,,historical
MEF-0056,Souss-Massa,ministry_hq,arid,2005,2.92,,,,,historical
MEF-0056,Souss-Massa,ministry_hq,arid,2006,3.33,,,,,historical
MEF-0056,Souss-Massa,ministry_hq,arid,2007,3.1,,,,,historical
MEF-0056,Souss-Massa,ministry_hq,arid,2008,3.47,,,,,historical
MEF-0056,Souss-Massa,ministry_hq,arid,2009,3.53,,,,,historical
MEF-0056,Souss-Massa,ministry_hq,arid,2010,4.02,,,,,historical
MEF-0056,Souss-Massa,ministry_hq,arid,2011,4.32,,,,,historical
MEF-0056,Souss-Massa,ministry_hq,arid,2012,4.28,,,,,historical
MEF-0056,Souss-Massa,ministry_hq,arid,2013,4.46,,,,,historical
MEF-0056,Souss-Massa,ministry_hq,arid,2014,4.41,,,,,historical
MEF-0056,Souss-Massa,ministry_hq,arid,2015,4.61,,,,,historical
MEF-0056,Souss-Massa,ministry_hq,arid,2016,4.48,,,,,historical
MEF-0056,Souss-Massa,ministry_hq,arid,2017,5.37,,,,,historical
MEF-0056,Souss-Massa,ministry_hq,arid,2018,5.23,,,,,historical
MEF-0056,Souss-Massa,ministry_hq,arid,2019,5.37,,,,,historical
MEF-0056,Souss-Massa,ministry_hq,arid,2020,5.1,,,,,historical
MEF-0056,Souss-Massa,ministry_hq,arid,2021,5.45,,,,,historical
MEF-0056,Souss-Massa,ministry_hq,arid,2022,6.07,,,,,historical
MEF-0056,Souss-Massa,ministry_hq,arid,2023,6.01,,,,,historical
MEF-0056,Souss-Massa,ministry_hq,arid,2024,6.45,,,,,historical
MEF-0057,Souss-Massa,annex,arid,2005,0.5,,,,,historical
MEF-0057,Souss-Massa,annex,arid,2006,0.5,,,,,historical
MEF-0057,Souss-Massa,annex,arid,2007,0.5,,,,,historical
MEF-0057,Souss-Massa,annex,arid,2008,0.5,,,,,historical
MEF-0057,Souss-Massa,annex,arid,2009,0.5,,,,,historical
MEF-0057,Souss-Massa,annex,arid,2010,0.5,,,,,historical
MEF-0057,Souss-Massa,annex,arid,2011,0.5,,,,,historical
MEF-0057,Souss-Massa,annex,arid,2012,0.5,,,,,historical
MEF-0057,Souss-Massa,annex,arid,2013,0.5,,,,,historical
MEF-0057,Souss-Massa,annex,arid,2014,0.5,,,,,historical
MEF-0057,Souss-Massa,annex,arid,2015,0.5,,,,,historical
MEF-0057,Souss-Massa,annex,arid,2016,0.5,,,,,historical
MEF-0057,Souss-Massa,annex,arid,2017,0.5,,,,,historical
MEF-0057,Souss-Massa,annex,arid,2018,0.5,,,,,historical
MEF-0057,Souss-Massa,annex,arid,2019,0.5,,,,,historical
MEF-0057,Souss-Massa,annex,arid,2020,0.5,,,,,historical
MEF-0057,Souss-Massa,annex,arid,2021,0.5,,,,,historical
MEF-0057,Souss-Massa,annex,arid,2022,0.5,,,,,historical
MEF-0057,Souss-Massa,annex,arid,2023,0.5,,,,,historical
MEF-0057,Souss-Massa,annex,arid,2024,0.5,,,,,historical
MEF-0001,Rabat-Salé-Kénitra,ministry_hq,coastal,2025,7.304,4.156,10.342,2.66,12.122,forecast
MEF-0001,Rabat-Salé-Kénitra,ministry_hq,coastal,2026,7.532,4.481,11.175,2.9,12.77,forecast
MEF-0001,Rabat-Salé-Kénitra,ministry_hq,coastal,2027,7.752,4.65,10.868,3.044,12.477,forecast
MEF-0001,Rabat-Salé-Kénitra,ministry_hq,coastal,2028,7.962,4.793,11.171,3.041,12.681,forecast
MEF-0001,Rabat-Salé-Kénitra,ministry_hq,coastal,2029,8.226,4.854,11.515,3.018,13.388,forecast
MEF-0001,Rabat-Salé-Kénitra,ministry_hq,coastal,2030,8.465,5.042,11.356,3.26,12.752,forecast
MEF-0001,Rabat-Salé-Kénitra,ministry_hq,coastal,2031,8.749,5.543,11.837,3.812,13.883,forecast
MEF-0001,Rabat-Salé-Kénitra,ministry_hq,coastal,2032,9.057,5.628,12.272,4.1,14.248,forecast
MEF-0001,Rabat-Salé-Kénitra,ministry_hq,coastal,2033,9.359,5.829,12.711,4.052,14.287,forecast
MEF-0001,Rabat-Salé-Kénitra,ministry_hq,coastal,2034,9.631,6.585,13.071,4.749,14.872,forecast
MEF-0001,Rabat-Salé-Kénitra,ministry_hq,coastal,2035,9.898,6.557,13.138,4.893,15.141,forecast
MEF-0001,Rabat-Salé-Kénitra,ministry_hq,coastal,2036,10.208,6.954,13.433,5.501,14.868,forecast
MEF-0001,Rabat-Salé-Kénitra,ministry_hq,coastal,2037,10.547,7.463,13.565,5.924,15.166,forecast
MEF-0001,Rabat-Salé-Kénitra,ministry_hq,coastal,2038,10.895,7.62,13.96,6.093,15.378,forecast
MEF-0001,Rabat-Salé-Kénitra,ministry_hq,coastal,2039,11.243,8.081,14.53,6.131,16.293,forecast
MEF-0002,Rabat-Salé-Kénitra,annex,coastal,2025,3.079,0.1,6.346,0.1,7.945,forecast
MEF-0002,Rabat-Salé-Kénitra,annex,coastal,2026,3.299,0.1,6.521,0.1,8.521,forecast
MEF-0002,Rabat-Salé-Kénitra,annex,coastal,2027,3.519,0.544,7.21,0.1,8.693,forecast
MEF-0002,Rabat-Salé-Kénitra,annex,coastal,2028,3.807,0.682,6.984,0.1,8.706,forecast
MEF-0002,Rabat-Salé-Kénitra,annex,coastal,2029,4.165,1.034,7.448,0.1,9.019,forecast
MEF-0002,Rabat-Salé-Kénitra,annex,coastal,2030,4.337,1.016,7.726,0.1,9.186,forecast
MEF-0002,Rabat-Salé-Kénitra,annex,coastal,2031,4.635,1.61,8.065,0.1,9.67,forecast
MEF-0002,Rabat-Salé-Kénitra,annex,coastal,2032,4.894,1.782,8.151,0.1,9.531,forecast
MEF-0002,Rabat-Salé-Kénitra,annex,coastal,2033,5.181,1.971,8.439,0.566,10.404,forecast
MEF-0002,Rabat-Salé-Kénitra,annex,coastal,2034,5.471,2.31,8.676,0.582,10.471,forecast
MEF-0002,Rabat-Salé-Kénitra,annex,coastal,2035,5.801,2.497,9.051,0.567,10.596,forecast
MEF-0002,Rabat-Salé-Kénitra,annex,coastal,2036,6.128,3.105,9.584,1.55,10.975,forecast
MEF-0002,Rabat-Salé-Kénitra,annex,coastal,2037,6.433,3.152,9.568,1.774,10.986,forecast
MEF-0002,Rabat-Salé-Kénitra,annex,coastal,2038,6.733,3.491,9.98,1.536,11.836,forecast
MEF-0002,Rabat-Salé-Kénitra,annex,coastal,2039,7.064,3.911,10.089,2.612,11.762,forecast
MEF-0003,Rabat-Salé-Kénitra,annex,coastal,2025,0.583,0.1,3.428,0.1,4.731,forecast
MEF-0003,Rabat-Salé-Kénitra,annex,coastal,2026,0.724,0.1,4.016,0.1,5.669,forecast
MEF-0003,Rabat-Salé-Kénitra,annex,coastal,2027,1.004,0.1,4.337,0.1,5.942,forecast
MEF-0003,Rabat-Salé-Kénitra,annex,coastal,2028,1.287,0.1,4.317,0.1,6.28,forecast
MEF-0003,Rabat-Salé-Kénitra,annex,coastal,2029,1.493,0.1,4.797,0.1,6.397,forecast
MEF-0003,Rabat-Salé-Kénitra,annex,coastal,2030,1.759,0.1,4.777,0.1,6.546,forecast
MEF-0003,Rabat-Salé-Kénitra,annex,coastal,2031,2.041,0.1,5.038,0.1,6.853,forecast
MEF-0003,Rabat-Salé-Kénitra,annex,coastal,2032,2.33,0.1,5.561,0.1,7.356,forecast
MEF-0003,Rabat-Salé-Kénitra,annex,coastal,2033,2.557,0.1,6.12,0.1,7.999,forecast
MEF-0003,Rabat-Salé-Kénitra,annex,coastal,2034,2.893,0.1,5.877,0.1,7.599,forecast
MEF-0003,Rabat-Salé-Kénitra,annex,coastal,2035,3.125,0.1,6.282,0.1,8.36,forecast
MEF-0003,Rabat-Salé-Kénitra,annex,coastal,2036,3.5,0.404,6.928,0.1,8.626,forecast
MEF-0003,Rabat-Salé-Kénitra,annex,coastal,2037,3.86,0.23,7.174,0.1,8.747,forecast
MEF-0003,Rabat-Salé-Kénitra,annex,coastal,2038,4.172,0.798,7.313,0.1,9.03,forecast
MEF-0003,Rabat-Salé-Kénitra,annex,coastal,2039,4.537,1.201,7.695,0.1,9.347,forecast
MEF-0004,Rabat-Salé-Kénitra,ministry_hq,coastal,2025,14.693,11.571,17.859,10.113,19.858,forecast
MEF-0004,Rabat-Salé-Kénitra,ministry_hq,coastal,2026,14.859,11.753,17.85,9.912,19.295,forecast
MEF-0004,Rabat-Salé-Kénitra,ministry_hq,coastal,2027,15.05,11.739,18.071,10.154,19.318,forecast
MEF-0004,Rabat-Salé-Kénitra,ministry_hq,coastal,2028,15.393,12.467,18.859,10.733,20.693,forecast
MEF-0004,Rabat-Salé-Kénitra,ministry_hq,coastal,2029,15.535,12.407,18.91,10.916,20.427,forecast
MEF-0004,Rabat-Salé-Kénitra,ministry_hq,coastal,2030,15.866,12.737,18.858,10.923,20.805,forecast
MEF-0004,Rabat-Salé-Kénitra,ministry_hq,coastal,2031,16.111,12.916,19.557,11.263,21.064,forecast
MEF-0004,Rabat-Salé-Kénitra,ministry_hq,coastal,2032,16.462,13.185,19.85,11.593,21.367,forecast
MEF-0004,Rabat-Salé-Kénitra,ministry_hq,coastal,2033,16.726,13.389,19.904,11.43,21.769,forecast
MEF-0004,Rabat-Salé-Kénitra,ministry_hq,coastal,2034,17.023,13.934,20.413,12.235,21.642,forecast
MEF-0004,Rabat-Salé-Kénitra,ministry_hq,coastal,2035,17.266,14.271,20.157,12.658,21.686,forecast
MEF-0004,Rabat-Salé-Kénitra,ministry_hq,coastal,2036,17.61,14.371,20.675,12.778,22.357,forecast
MEF-0004,Rabat-Salé-Kénitra,ministry_hq,coastal,2037,17.982,14.953,21.193,13.164,22.933,forecast
MEF-0004,Rabat-Salé-Kénitra,ministry_hq,coastal,2038,18.211,14.732,21.2,12.976,22.946,forecast
MEF-0004,Rabat-Salé-Kénitra,ministry_hq,coastal,2039,18.639,15.335,21.884,13.592,23.48,forecast
MEF-0005,Rabat-Salé-Kénitra,regional_office,coastal,2025,3.067,0.1,6.386,0.1,8.356,forecast
MEF-0005,Rabat-Salé-Kénitra,regional_office,coastal,2026,3.26,0.157,6.634,0.1,8.306,forecast
MEF-0005,Rabat-Salé-Kénitra,regional_office,coastal,2027,3.516,0.312,6.664,0.1,8.268,forecast
MEF-0005,Rabat-Salé-Kénitra,regional_office,coastal,2028,3.812,0.56,6.93,0.1,8.762,forecast
MEF-0005,Rabat-Salé-Kénitra,regional_office,coastal,2029,4.033,0.973,7.258,0.1,8.713,forecast
MEF-0005,Rabat-Salé-Kénitra,regional_office,coastal,2030,4.341,1.224,7.684,0.1,9.041,forecast
MEF-0005,Rabat-Salé-Kénitra,regional_office,coastal,2031,4.644,1.258,8.03,0.1,9.667,forecast
MEF-0005,Rabat-Salé-Kénitra,regional_office,coastal,2032,4.775,1.531,8.016,0.1,9.977,forecast
MEF-0005,Rabat-Salé-Kénitra,regional_office,coastal,2033,5.189,1.852,8.321,0.278,10.128,forecast
MEF-0005,Rabat-Salé-Kénitra,regional_office,coastal,2034,5.401,1.946,8.553,0.188,10.552,forecast
MEF-0005,Rabat-Salé-Kénitra,regional_office,coastal,2035,5.769,2.464,8.948,0.673,10.653,forecast
MEF-0005,Rabat-Salé-Kénitra,regional_office,coastal,2036,5.996,2.695,9.053,0.835,11.033,forecast
MEF-0005,Rabat-Salé-Kénitra,regional_office,coastal,2037,6.384,3.32,9.519,1.503,11.459,forecast
MEF-0005,Rabat-Salé-Kénitra,regional_office,coastal,2038,6.773,3.389,10.215,1.771,11.957,forecast
MEF-0005,Rabat-Salé-Kénitra,regional_office,coastal,2039,7.031,3.948,10.465,2.278,12.098,forecast
MEF-0006,Rabat-Salé-Kénitra,regional_office,coastal,2025,3.554,0.451,6.852,0.1,8.897,forecast
MEF-0006,Rabat-Salé-Kénitra,regional_office,coastal,2026,3.811,0.699,6.889,0.1,8.626,forecast
MEF-0006,Rabat-Salé-Kénitra,regional_office,coastal,2027,3.985,0.942,7.385,0.1,9.016,forecast
MEF-0006,Rabat-Salé-Kénitra,regional_office,coastal,2028,4.302,1.141,7.721,0.1,9.639,forecast
MEF-0006,Rabat-Salé-Kénitra,regional_office,coastal,2029,4.455,1.049,7.727,0.1,9.275,forecast
MEF-0006,Rabat-Salé-Kénitra,regional_office,coastal,2030,4.843,1.805,8.035,0.1,9.745,forecast
MEF-0006,Rabat-Salé-Kénitra,regional_office,coastal,2031,5.01,1.858,8.235,0.176,10.1,forecast
MEF-0006,Rabat-Salé-Kénitra,regional_office,coastal,2032,5.31,2.093,8.409,0.443,10.001,forecast
MEF-0006,Rabat-Salé-Kénitra,regional_office,coastal,2033,5.565,2.071,8.857,0.806,10.274,forecast
MEF-0006,Rabat-Salé-Kénitra,regional_office,coastal,2034,5.896,2.995,8.926,1.136,10.383,forecast
MEF-0006,Rabat-Salé-Kénitra,regional_office,coastal,2035,6.211,3.131,9.271,1.765,10.737,forecast
MEF-0006,Rabat-Salé-Kénitra,regional_office,coastal,2036,6.582,3.327,9.85,1.646,11.65,forecast
MEF-0006,Rabat-Salé-Kénitra,regional_office,coastal,2037,6.909,3.75,10.121,2.06,11.73,forecast
MEF-0006,Rabat-Salé-Kénitra,regional_office,coastal,2038,7.275,4.007,10.411,2.496,12.47,forecast
MEF-0006,Rabat-Salé-Kénitra,regional_office,coastal,2039,7.578,4.458,10.787,2.186,12.256,forecast
MEF-0007,Rabat-Salé-Kénitra,regional_office,coastal,2025,1.595,0.1,4.867,0.1,6.374,forecast
MEF-0007,Rabat-Salé-Kénitra,regional_office,coastal,2026,1.801,0.1,5.273,0.1,6.804,forecast
MEF-0007,Rabat-Salé-Kénitra,regional_office,coastal,2027,2.027,0.1,5.342,0.1,7.039,forecast
MEF-0007,Rabat-Salé-Kénitra,regional_office,coastal,2028,2.242,0.1,5.405,0.1,6.951,forecast
MEF-0007,Rabat-Salé-Kénitra,regional_office,coastal,2029,2.586,0.1,5.96,0.1,7.626,forecast
MEF-0007,Rabat-Salé-Kénitra,regional_office,coastal,2030,2.841,0.1,6.139,0.1,8.374,forecast
MEF-0007,Rabat-Salé-Kénitra,regional_office,coastal,2031,3.05,0.1,6.378,0.1,7.942,forecast
MEF-0007,Rabat-Salé-Kénitra,regional_office,coastal,2032,3.345,0.1,6.446,0.1,7.96,forecast
MEF-0007,Rabat-Salé-Kénitra,regional_office,coastal,2033,3.669,0.43,6.956,0.1,8.933,forecast
MEF-0007,Rabat-Salé-Kénitra,regional_office,coastal,2034,4.005,0.799,7.311,0.1,8.897,forecast
MEF-0007,Rabat-Salé-Kénitra,regional_office,coastal,2035,4.236,0.892,7.381,0.1,9.063,forecast
MEF-0007,Rabat-Salé-Kénitra,regional_office,coastal,2036,4.53,1.581,8.077,0.1,9.732,forecast
MEF-0007,Rabat-Salé-Kénitra,regional_office,coastal,2037,4.881,1.755,8.22,0.1,9.558,forecast
MEF-0007,Rabat-Salé-Kénitra,regional_office,coastal,2038,5.183,1.976,8.406,0.456,10.288,forecast
MEF-0007,Rabat-Salé-Kénitra,regional_office,coastal,2039,5.612,2.231,9.058,0.349,10.793,forecast
MEF-0008,Rabat-Salé-Kénitra,ministry_hq,coastal,2025,15.007,11.591,18.453,9.774,20.079,forecast
MEF-0008,Rabat-Salé-Kénitra,ministry_hq,coastal,2026,15.28,12.231,18.46,10.468,20.243,forecast
MEF-0008,Rabat-Salé-Kénitra,ministry_hq,coastal,2027,15.476,12.101,18.452,10.749,20.235,forecast
MEF-0008,Rabat-Salé-Kénitra,ministry_hq,coastal,2028,15.671,12.658,18.898,10.873,20.776,forecast
MEF-0008,Rabat-Salé-Kénitra,ministry_hq,coastal,2029,15.899,12.69,19.154,11.046,20.682,forecast
MEF-0008,Rabat-Salé-Kénitra,ministry_hq,coastal,2030,16.233,12.684,19.249,11.068,20.776,forecast
MEF-0008,Rabat-Salé-Kénitra,ministry_hq,coastal,2031,16.531,13.638,19.729,11.862,21.638,forecast
MEF-0008,Rabat-Salé-Kénitra,ministry_hq,coastal,2032,16.78,13.502,20.189,11.829,22.02,forecast
MEF-0008,Rabat-Salé-Kénitra,ministry_hq,coastal,2033,17.071,13.849,20.397,12.552,21.914,forecast
MEF-0008,Rabat-Salé-Kénitra,ministry_hq,coastal,2034,17.34,14.262,20.56,12.427,22.09,forecast
MEF-0008,Rabat-Salé-Kénitra,ministry_hq,coastal,2035,17.703,14.526,20.913,13.168,22.783,forecast
MEF-0008,Rabat-Salé-Kénitra,ministry_hq,coastal,2036,18.019,14.812,21.239,13.11,22.88,forecast
MEF-0008,Rabat-Salé-Kénitra,ministry_hq,coastal,2037,18.351,15.152,21.738,13.577,23.203,forecast
MEF-0008,Rabat-Salé-Kénitra,ministry_hq,coastal,2038,18.667,15.402,21.679,13.894,23.099,forecast
MEF-0008,Rabat-Salé-Kénitra,ministry_hq,coastal,2039,19.05,15.814,22.375,13.912,24.251,forecast
MEF-0009,Rabat-Salé-Kénitra,annex,coastal,2025,3.451,0.287,6.473,0.1,8.368,forecast
MEF-0009,Rabat-Salé-Kénitra,annex,coastal,2026,3.707,0.279,6.921,0.1,8.641,forecast
MEF-0009,Rabat-Salé-Kénitra,annex,coastal,2027,3.967,0.722,6.947,0.1,8.546,forecast
MEF-0009,Rabat-Salé-Kénitra,annex,coastal,2028,4.164,0.915,7.366,0.1,9.078,forecast
MEF-0009,Rabat-Salé-Kénitra,annex,coastal,2029,4.489,0.963,7.789,0.1,9.19,forecast
MEF-0009,Rabat-Salé-Kénitra,annex,coastal,2030,4.73,1.56,8.001,0.1,9.78,forecast
MEF-0009,Rabat-Salé-Kénitra,annex,coastal,2031,4.932,1.57,8.183,0.1,9.904,forecast
MEF-0009,Rabat-Salé-Kénitra,annex,coastal,2032,5.334,2.04,8.477,0.227,10.334,forecast
MEF-0009,Rabat-Salé-Kénitra,annex,coastal,2033,5.55,2.28,8.767,0.468,10.855,forecast
MEF-0009,Rabat-Salé-Kénitra,annex,coastal,2034,5.853,2.408,9.077,0.947,10.481,forecast
MEF-0009,Rabat-Salé-Kénitra,annex,coastal,2035,6.222,2.916,9.38,1.636,10.987,forecast
MEF-0009,Rabat-Salé-Kénitra,annex,coastal,2036,6.431,3.372,9.34,1.49,11.233,forecast
MEF-0009,Rabat-Salé-Kénitra,annex,coastal,2037,6.767,3.735,9.831,1.909,11.578,forecast
MEF-0009,Rabat-Salé-Kénitra,annex,coastal,2038,7.127,4.113,10.545,2.588,12.44,forecast
MEF-0009,Rabat-Salé-Kénitra,annex,coastal,2039,7.506,4.19,11.082,2.448,12.594,forecast
MEF-0010,Rabat-Salé-Kénitra,annex,coastal,2025,2.187,0.1,5.129,0.1,7.027,forecast
MEF-0010,Rabat-Salé-Kénitra,annex,coastal,2026,2.34,0.1,5.573,0.1,7.239,forecast
MEF-0010,Rabat-Salé-Kénitra,annex,coastal,2027,2.624,0.1,5.714,0.1,7.383,forecast
MEF-0010,Rabat-Salé-Kénitra,annex,coastal,2028,2.799,0.1,6.373,0.1,7.736,forecast
MEF-0010,Rabat-Salé-Kénitra,annex,coastal,2029,3.107,0.1,6.222,0.1,7.928,forecast
MEF-0010,Rabat-Salé-Kénitra,annex,coastal,2030,3.316,0.191,6.67,0.1,8.181,forecast
MEF-0010,Rabat-Salé-Kénitra,annex,coastal,2031,3.538,0.391,6.81,0.1,8.638,forecast
MEF-0010,Rabat-Salé-Kénitra,annex,coastal,2032,3.873,0.765,6.839,0.1,9.005,forecast
MEF-0010,Rabat-Salé-Kénitra,annex,coastal,2033,4.184,1.045,7.313,0.1,9.412,forecast
MEF-0010,Rabat-Salé-Kénitra,annex,coastal,2034,4.458,1.093,7.677,0.1,9.32,forecast
MEF-0010,Rabat-Salé-Kénitra,annex,coastal,2035,4.783,1.466,8.12,0.1,9.94,forecast
MEF-0010,Rabat-Salé-Kénitra,annex,coastal,2036,5.094,2.019,8.308,0.26,9.685,forecast
MEF-0010,Rabat-Salé-Kénitra,annex,coastal,2037,5.428,2.011,8.393,0.534,10.756,forecast
MEF-0010,Rabat-Salé-Kénitra,annex,coastal,2038,5.731,2.564,8.939,0.537,10.905,forecast
MEF-0010,Rabat-Salé-Kénitra,annex,coastal,2039,6.106,2.748,9.262,1.049,11.07,forecast
MEF-0011,Rabat-Salé-Kénitra,regional_office,coastal,2025,5.681,2.239,8.775,0.688,10.922,forecast
MEF-0011,Rabat-Salé-Kénitra,regional_office,coastal,2026,5.935,2.469,9.083,0.594,10.912,forecast
MEF-0011,Rabat-Salé-Kénitra,regional_office,coastal,2027,6.199,3.144,9.25,1.26,11.337,forecast
MEF-0011,Rabat-Salé-Kénitra,regional_office,coastal,2028,6.494,3.441,9.566,1.477,11.311,forecast
MEF-0011,Rabat-Salé-Kénitra,regional_office,coastal,2029,6.63,3.324,9.764,1.347,10.986,forecast
MEF-0011,Rabat-Salé-Kénitra,regional_office,coastal,2030,6.929,3.784,10.137,1.957,11.816,forecast
MEF-0011,Rabat-Salé-Kénitra,regional_office,coastal,2031,7.19,4.239,10.362,2.553,11.992,forecast
MEF-0011,Rabat-Salé-Kénitra,regional_office,coastal,2032,7.463,4.322,10.763,2.857,12.639,forecast
MEF-0011,Rabat-Salé-Kénitra,regional_office,coastal,2033,7.806,4.354,11.266,2.571,13.035,forecast
MEF-0011,Rabat-Salé-Kénitra,regional_office,coastal,2034,8.052,4.705,11.133,3.103,12.588,forecast
MEF-0011,Rabat-Salé-Kénitra,regional_office,coastal,2035,8.359,5.298,11.685,3.612,13.193,forecast
MEF-0011,Rabat-Salé-Kénitra,regional_office,coastal,2036,8.714,5.564,11.732,3.648,13.644,forecast
MEF-0011,Rabat-Salé-Kénitra,regional_office,coastal,2037,9.043,5.9,12.054,3.921,13.749,forecast
MEF-0011,Rabat-Salé-Kénitra,regional_office,coastal,2038,9.365,6.023,12.505,4.542,14.387,forecast
MEF-0011,Rabat-Salé-Kénitra,regional_office,coastal,2039,9.735,6.396,13.275,4.643,14.859,forecast
MEF-0012,Rabat-Salé-Kénitra,ministry_hq,coastal,2025,17.853,14.417,21.042,12.855,22.608,forecast
MEF-0012,Rabat-Salé-Kénitra,ministry_hq,coastal,2026,18.085,15.104,21.458,13.383,22.863,forecast
MEF-0012,Rabat-Salé-Kénitra,ministry_hq,coastal,2027,18.402,15.049,21.791,13.265,23.588,forecast
MEF-0012,Rabat-Salé-Kénitra,ministry_hq,coastal,2028,18.607,15.444,22.087,13.7,23.717,forecast
MEF-0012,Rabat-Salé-Kénitra,ministry_hq,coastal,2029,18.835,15.626,22.103,13.292,23.948,forecast
MEF-0012,Rabat-Salé-Kénitra,ministry_hq,coastal,2030,19.153,15.904,22.574,14.068,24.487,forecast
MEF-0012,Rabat-Salé-Kénitra,ministry_hq,coastal,2031,19.316,16.237,22.635,14.768,24.369,forecast
MEF-0012,Rabat-Salé-Kénitra,ministry_hq,coastal,2032,19.673,16.561,22.912,15.064,24.602,forecast
MEF-0012,Rabat-Salé-Kénitra,ministry_hq,coastal,2033,19.874,16.62,22.901,14.767,24.602,forecast
MEF-0012,Rabat-Salé-Kénitra,ministry_hq,coastal,2034,20.264,16.947,23.605,15.209,25.226,forecast
MEF-0012,Rabat-Salé-Kénitra,ministry_hq,coastal,2035,20.537,17.267,23.68,15.566,25.198,forecast
MEF-0012,Rabat-Salé-Kénitra,ministry_hq,coastal,2036,20.828,17.561,24.263,15.96,25.739,forecast
MEF-0012,Rabat-Salé-Kénitra,ministry_hq,coastal,2037,21.208,17.736,24.202,15.99,25.581,forecast
MEF-0012,Rabat-Salé-Kénitra,ministry_hq,coastal,2038,21.511,18.197,24.714,16.877,26.289,forecast
MEF-0012,Rabat-Salé-Kénitra,ministry_hq,coastal,2039,21.918,18.762,25.192,17.005,26.98,forecast
MEF-0013,Rabat-Salé-Kénitra,regional_office,coastal,2025,4.721,1.484,7.953,0.1,9.19,forecast
MEF-0013,Rabat-Salé-Kénitra,regional_office,coastal,2026,4.896,1.398,7.888,0.1,9.396,forecast
MEF-0013,Rabat-Salé-Kénitra,regional_office,coastal,2027,5.225,2.14,8.28,0.191,10.399,forecast
MEF-0013,Rabat-Salé-Kénitra,regional_office,coastal,2028,5.407,2.23,8.68,0.788,10.556,forecast
MEF-0013,Rabat-Salé-Kénitra,regional_office,coastal,2029,5.66,2.311,8.91,0.431,10.7,forecast
MEF-0013,Rabat-Salé-Kénitra,regional_office,coastal,2030,5.884,2.772,9.418,0.938,10.635,forecast
MEF-0013,Rabat-Salé-Kénitra,regional_office,coastal,2031,6.282,3.241,9.867,1.303,11.675,forecast
MEF-0013,Rabat-Salé-Kénitra,regional_office,coastal,2032,6.484,3.334,9.651,1.574,11.255,forecast
MEF-0013,Rabat-Salé-Kénitra,regional_office,coastal,2033,6.789,3.834,9.961,2.195,11.477,forecast
MEF-0013,Rabat-Salé-Kénitra,regional_office,coastal,2034,7.053,3.857,10.346,1.986,12.708,forecast
MEF-0013,Rabat-Salé-Kénitra,regional_office,coastal,2035,7.357,4.043,10.385,2.383,12.219,forecast
MEF-0013,Rabat-Salé-Kénitra,regional_office,coastal,2036,7.673,4.447,10.798,2.714,12.475,forecast
MEF-0013,Rabat-Salé-Kénitra,regional_office,coastal,2037,7.993,4.963,11.238,3.415,12.912,forecast
MEF-0013,Rabat-Salé-Kénitra,regional_office,coastal,2038,8.357,5.12,11.492,3.751,13.075,forecast
MEF-0013,Rabat-Salé-Kénitra,regional_office,coastal,2039,8.738,5.692,11.88,3.866,13.323,forecast
MEF-0014,Rabat-Salé-Kénitra,annex,coastal,2025,0.1,0.1,1.723,0.1,3.653,forecast
MEF-0014,Rabat-Salé-Kénitra,annex,coastal,2026,0.1,0.1,2.139,0.1,3.555,forecast
MEF-0014,Rabat-Salé-Kénitra,annex,coastal,2027,0.1,0.1,2.347,0.1,4.421,forecast
MEF-0014,Rabat-Salé-Kénitra,annex,coastal,2028,0.1,0.1,2.307,0.1,4.136,forecast
MEF-0014,Rabat-Salé-Kénitra,annex,coastal,2029,0.1,0.1,2.685,0.1,4.239,forecast
MEF-0014,Rabat-Salé-Kénitra,annex,coastal,2030,0.1,0.1,2.917,0.1,4.375,forecast
MEF-0014,Rabat-Salé-Kénitra,annex,coastal,2031,0.1,0.1,3.26,0.1,4.828,forecast
MEF-0014,Rabat-Salé-Kénitra,annex,coastal,2032,0.333,0.1,3.67,0.1,5.711,forecast
MEF-0014,Rabat-Salé-Kénitra,annex,coastal,2033,0.615,0.1,4.026,0.1,5.669,forecast
MEF-0014,Rabat-Salé-Kénitra,annex,coastal,2034,0.951,0.1,4.051,0.1,5.794,forecast
MEF-0014,Rabat-Salé-Kénitra,annex,coastal,2035,1.189,0.1,4.129,0.1,6.167,forecast
MEF-0014,Rabat-Salé-Kénitra,annex,coastal,2036,1.515,0.1,4.876,0.1,6.748,forecast
MEF-0014,Rabat-Salé-Kénitra,annex,coastal,2037,1.909,0.1,5.321,0.1,6.676,forecast
MEF-0014,Rabat-Salé-Kénitra,annex,coastal,2038,2.187,0.1,5.338,0.1,7.513,forecast
MEF-0014,Rabat-Salé-Kénitra,annex,coastal,2039,2.571,0.1,5.651,0.1,7.574,forecast
MEF-0015,Rabat-Salé-Kénitra,regional_office,coastal,2025,3.364,0.249,6.77,0.1,8.675,forecast
MEF-0015,Rabat-Salé-Kénitra,regional_office,coastal,2026,3.661,0.228,6.967,0.1,8.806,forecast
MEF-0015,Rabat-Salé-Kénitra,regional_office,coastal,2027,3.932,0.518,7.104,0.1,9.007,forecast
MEF-0015,Rabat-Salé-Kénitra,regional_office,coastal,2028,4.048,1.104,7.311,0.1,8.904,forecast
MEF-0015,Rabat-Salé-Kénitra,regional_office,coastal,2029,4.396,1.3,7.559,0.1,9.165,forecast
MEF-0015,Rabat-Salé-Kénitra,regional_office,coastal,2030,4.653,1.284,8.093,0.1,9.488,forecast
MEF-0015,Rabat-Salé-Kénitra,regional_office,coastal,2031,4.904,1.862,8.085,0.1,9.853,forecast
MEF-0015,Rabat-Salé-Kénitra,regional_office,coastal,2032,5.169,2.006,8.308,0.1,10.0,forecast
MEF-0015,Rabat-Salé-Kénitra,regional_office,coastal,2033,5.5,2.07,8.845,0.609,10.4,forecast
MEF-0015,Rabat-Salé-Kénitra,regional_office,coastal,2034,5.684,2.57,9.039,1.285,10.762,forecast
MEF-0015,Rabat-Salé-Kénitra,regional_office,coastal,2035,5.988,2.739,9.261,1.08,10.673,forecast
MEF-0015,Rabat-Salé-Kénitra,regional_office,coastal,2036,6.37,3.265,9.434,1.377,11.093,forecast
MEF-0015,Rabat-Salé-Kénitra,regional_office,coastal,2037,6.68,3.797,10.011,1.634,11.433,forecast
MEF-0015,Rabat-Salé-Kénitra,regional_office,coastal,2038,7.011,3.758,10.282,2.265,12.12,forecast
MEF-0015,Rabat-Salé-Kénitra,regional_office,coastal,2039,7.357,4.127,10.709,2.257,12.645,forecast
MEF-0016,Rabat-Salé-Kénitra,regional_office,coastal,2025,7.769,4.635,10.819,2.759,12.328,forecast
MEF-0016,Rabat-Salé-Kénitra,regional_office,coastal,2026,8.0,4.748,11.23,3.127,12.829,forecast
MEF-0016,Rabat-Salé-Kénitra,regional_office,coastal,2027,8.186,4.779,11.491,2.978,12.942,forecast
MEF-0016,Rabat-Salé-Kénitra,regional_office,coastal,2028,8.467,5.252,11.734,3.501,13.495,forecast
MEF-0016,Rabat-Salé-Kénitra,regional_office,coastal,2029,8.736,5.528,11.958,3.495,13.12,forecast
MEF-0016,Rabat-Salé-Kénitra,regional_office,coastal,2030,8.986,5.603,12.123,3.825,14.054,forecast
MEF-0016,Rabat-Salé-Kénitra,regional_office,coastal,2031,9.235,6.01,12.568,4.321,14.002,forecast
MEF-0016,Rabat-Salé-Kénitra,regional_office,coastal,2032,9.48,6.37,12.619,4.826,13.967,forecast
MEF-0016,Rabat-Salé-Kénitra,regional_office,coastal,2033,9.793,6.367,13.279,4.376,14.964,forecast
MEF-0016,Rabat-Salé-Kénitra,regional_office,coastal,2034,10.137,6.869,13.202,4.971,15.128,forecast
MEF-0016,Rabat-Salé-Kénitra,regional_office,coastal,2035,10.433,6.847,13.76,5.194,15.143,forecast
MEF-0016,Rabat-Salé-Kénitra,regional_office,coastal,2036,10.709,7.653,13.654,6.09,15.344,forecast
MEF-0016,Rabat-Salé-Kénitra,regional_office,coastal,2037,11.033,7.743,14.468,5.817,16.083,forecast
MEF-0016,Rabat-Salé-Kénitra,regional_office,coastal,2038,11.447,8.312,14.584,6.542,16.223,forecast
MEF-0016,Rabat-Salé-Kénitra,regional_office,coastal,2039,11.702,8.374,14.881,6.779,16.785,forecast
MEF-0017,Rabat-Salé-Kénitra,regional_office,coastal,2025,7.245,4.027,10.621,2.939,12.186,forecast
MEF-0017,Rabat-Salé-Kénitra,regional_office,coastal,2026,7.469,4.246,10.582,2.51,12.293,forecast
MEF-0017,Rabat-Salé-Kénitra,regional_office,coastal,2027,7.676,4.221,11.027,2.454,12.626,forecast
MEF-0017,Rabat-Salé-Kénitra,regional_office,coastal,2028,7.95,4.733,10.8,3.022,12.877,forecast
MEF-0017,Rabat-Salé-Kénitra,regional_office,coastal,2029,8.22,4.969,11.561,2.957,13.583,forecast
MEF-0017,Rabat-Salé-Kénitra,regional_office,coastal,2030,8.498,5.496,11.96,3.81,13.554,forecast
MEF-0017,Rabat-Salé-Kénitra,regional_office,coastal,2031,8.725,5.31,11.755,3.819,13.078,forecast
MEF-0017,Rabat-Salé-Kénitra,regional_office,coastal,2032,9.016,5.988,12.286,4.165,14.132,forecast
MEF-0017,Rabat-Salé-Kénitra,regional_office,coastal,2033,9.289,6.005,12.456,4.244,13.91,forecast
MEF-0017,Rabat-Salé-Kénitra,regional_office,coastal,2034,9.589,6.232,12.716,4.769,15.012,forecast
MEF-0017,Rabat-Salé-Kénitra,regional_office,coastal,2035,9.816,6.803,12.959,5.167,14.593,forecast
MEF-0017,Rabat-Salé-Kénitra,regional_office,coastal,2036,10.282,6.985,13.532,5.414,15.436,forecast
MEF-0017,Rabat-Salé-Kénitra,regional_office,coastal,2037,10.566,7.273,13.72,5.552,15.471,forecast
MEF-0017,Rabat-Salé-Kénitra,regional_office,coastal,2038,10.938,7.489,14.433,6.268,16.132,forecast
MEF-0017,Rabat-Salé-Kénitra,regional_office,coastal,2039,11.241,7.532,14.288,5.549,15.853,forecast
MEF-0018,Rabat-Salé-Kénitra,regional_office,coastal,2025,2.694,0.1,5.743,0.1,7.47,forecast
MEF-0018,Rabat-Salé-Kénitra,regional_office,coastal,2026,2.987,0.1,6.102,0.1,7.512,forecast
MEF-0018,Rabat-Salé-Kénitra,regional_office,coastal,2027,3.178,0.1,6.409,0.1,8.27,forecast
MEF-0018,Rabat-Salé-Kénitra,regional_office,coastal,2028,3.431,0.294,6.55,0.1,8.629,forecast
MEF-0018,Rabat-Salé-Kénitra,regional_office,coastal,2029,3.697,0.403,6.806,0.1,8.671,forecast
MEF-0018,Rabat-Salé-Kénitra,regional_office,coastal,2030,3.949,0.657,7.206,0.1,8.93,forecast
MEF-0018,Rabat-Salé-Kénitra,regional_office,coastal,2031,4.214,0.945,7.607,0.1,8.692,forecast
MEF-0018,Rabat-Salé-Kénitra,regional_office,coastal,2032,4.445,1.283,7.696,0.1,9.612,forecast
MEF-0018,Rabat-Salé-Kénitra,regional_office,coastal,2033,4.782,1.481,7.975,0.1,9.584,forecast
MEF-0018,Rabat-Salé-Kénitra,regional_office,coastal,2034,5.026,1.804,8.178,0.119,9.881,forecast
MEF-0018,Rabat-Salé-Kénitra,regional_office,coastal,2035,5.397,2.104,8.785,0.594,9.891,forecast
MEF-0018,Rabat-Salé-Kénitra,regional_office,coastal,2036,5.714,2.299,8.962,0.622,10.95,forecast
MEF-0018,Rabat-Salé-Kénitra,regional_office,coastal,2037,6.034,3.007,9.124,1.697,10.682,forecast
MEF-0018,Rabat-Salé-Kénitra,regional_office,coastal,2038,6.275,3.259,9.52,1.638,11.262,forecast
MEF-0018,Rabat-Salé-Kénitra,regional_office,coastal,2039,6.716,3.16,9.933,1.54,11.536,forecast
MEF-0019,Rabat-Salé-Kénitra,annex,coastal,2025,1.188,0.1,4.249,0.1,5.78,forecast
MEF-0019,Rabat-Salé-Kénitra,annex,coastal,2026,1.394,0.1,4.289,0.1,6.075,forecast
MEF-0019,Rabat-Salé-Kénitra,annex,coastal,2027,1.673,0.1,4.671,0.1,6.634,forecast
MEF-0019,Rabat-Salé-Kénitra,annex,coastal,2028,1.93,0.1,5.0,0.1,6.68,forecast
MEF-0019,Rabat-Salé-Kénitra,annex,coastal,2029,2.176,0.1,5.551,0.1,7.405,forecast
MEF-0019,Rabat-Salé-Kénitra,annex,coastal,2030,2.47,0.1,5.843,0.1,7.45,forecast
MEF-0019,Rabat-Salé-Kénitra,annex,coastal,2031,2.671,0.1,5.897,0.1,7.617,forecast
MEF-0019,Rabat-Salé-Kénitra,annex,coastal,2032,2.95,0.1,6.054,0.1,7.798,forecast
MEF-0019,Rabat-Salé-Kénitra,annex,coastal,2033,3.301,0.1,6.449,0.1,8.37,forecast
MEF-0019,Rabat-Salé-Kénitra,annex,coastal,2034,3.585,0.408,6.902,0.1,8.939,forecast
MEF-0019,Rabat-Salé-Kénitra,annex,coastal,2035,3.861,0.943,7.144,0.1,8.86,forecast
MEF-0019,Rabat-Salé-Kénitra,annex,coastal,2036,4.186,0.888,7.569,0.1,8.956,forecast
MEF-0019,Rabat-Salé-Kénitra,annex,coastal,2037,4.487,1.302,7.517,0.1,9.71,forecast
MEF-0019,Rabat-Salé-Kénitra,annex,coastal,2038,4.769,1.719,7.884,0.1,9.802,forecast
MEF-0019,Rabat-Salé-Kénitra,annex,coastal,2039,5.202,1.869,8.482,0.392,10.021,forecast
MEF-0020,Rabat-Salé-Kénitra,regional_office,coastal,2025,4.669,1.563,8.044,0.1,9.761,forecast
MEF-0020,Rabat-Salé-Kénitra,regional_office,coastal,2026,4.888,1.687,8.334,0.1,9.726,forecast
MEF-0020,Rabat-Salé-Kénitra,regional_office,coastal,2027,5.141,2.236,8.386,0.453,9.937,forecast
MEF-0020,Rabat-Salé-Kénitra,regional_office,coastal,2028,5.345,2.212,8.769,0.524,10.2,forecast
MEF-0020,Rabat-Salé-Kénitra,regional_office,coastal,2029,5.636,2.51,8.744,0.65,10.323,forecast
MEF-0020,Rabat-Salé-Kénitra,regional_office,coastal,2030,5.848,2.616,9.242,0.826,10.854,forecast
MEF-0020,Rabat-Salé-Kénitra,regional_office,coastal,2031,6.174,3.097,9.133,1.452,10.895,forecast
MEF-0020,Rabat-Salé-Kénitra,regional_office,coastal,2032,6.453,3.399,9.588,1.731,11.256,forecast
MEF-0020,Rabat-Salé-Kénitra,regional_office,coastal,2033,6.749,3.283,9.992,1.68,11.541,forecast
MEF-0020,Rabat-Salé-Kénitra,regional_office,coastal,2034,6.96,4.142,10.293,2.457,11.867,forecast
MEF-0020,Rabat-Salé-Kénitra,regional_office,coastal,2035,7.32,4.216,10.669,2.377,12.305,forecast
MEF-0020,Rabat-Salé-Kénitra,regional_office,coastal,2036,7.603,4.335,10.723,2.63,12.181,forecast
MEF-0020,Rabat-Salé-Kénitra,regional_office,coastal,2037,7.977,4.675,11.168,2.903,12.742,forecast
MEF-0020,Rabat-Salé-Kénitra,regional_office,coastal,2038,8.224,4.912,11.383,3.281,12.964,forecast
MEF-0020,Rabat-Salé-Kénitra,regional_office,coastal,2039,8.632,5.435,11.96,3.846,13.751,forecast
MEF-0021,Casablanca-Settat,regional_office,coastal,2025,5.8,2.516,8.692,1.141,10.057,forecast
MEF-0021,Casablanca-Settat,regional_office,coastal,2026,6.036,2.636,9.046,1.274,11.048,forecast
MEF-0021,Casablanca-Settat,regional_office,coastal,2027,6.351,3.145,9.584,1.249,11.58,forecast
MEF-0021,Casablanca-Settat,regional_office,coastal,2028,6.51,3.193,9.844,1.274,11.338,forecast
MEF-0021,Casablanca-Settat,regional_office,coastal,2029,6.777,3.504,9.755,2.13,11.499,forecast
MEF-0021,Casablanca-Settat,regional_office,coastal,2030,7.102,4.021,10.236,2.271,11.587,forecast
MEF-0021,Casablanca-Settat,regional_office,coastal,2031,7.329,3.92,10.852,2.392,12.556,forecast
MEF-0021,Casablanca-Settat,regional_office,coastal,2032,7.579,4.141,10.897,2.493,12.3,forecast
MEF-0021,Casablanca-Settat,regional_office,coastal,2033,7.899,4.451,11.197,2.788,12.771,forecast
MEF-0021,Casablanca-Settat,regional_office,coastal,2034,8.149,4.534,11.222,3.159,13.54,forecast
MEF-0021,Casablanca-Settat,regional_office,coastal,2035,8.536,5.367,11.878,3.447,13.772,forecast
MEF-0021,Casablanca-Settat,regional_office,coastal,2036,8.81,5.417,12.191,3.793,14.024,forecast
MEF-0021,Casablanca-Settat,regional_office,coastal,2037,9.075,5.603,12.485,3.836,13.932,forecast
MEF-0021,Casablanca-Settat,regional_office,coastal,2038,9.478,5.999,12.648,4.468,14.355,forecast
MEF-0021,Casablanca-Settat,regional_office,coastal,2039,9.786,6.65,13.171,5.156,14.793,forecast
MEF-0022,Casablanca-Settat,annex,coastal,2025,2.731,0.1,5.938,0.1,7.563,forecast
MEF-0022,Casablanca-Settat,annex,coastal,2026,2.971,0.1,6.089,0.1,7.747,forecast
MEF-0022,Casablanca-Settat,annex,coastal,2027,3.338,0.381,6.477,0.1,8.431,forecast
MEF-0022,Casablanca-Settat,annex,coastal,2028,3.452,0.136,6.688,0.1,8.301,forecast
MEF-0022,Casablanca-Settat,annex,coastal,2029,3.684,0.679,6.875,0.1,8.177,forecast
MEF-0022,Casablanca-Settat,annex,coastal,2030,3.959,0.665,7.27,0.1,8.911,forecast
MEF-0022,Casablanca-Settat,annex,coastal,2031,4.204,1.084,7.286,0.1,8.93,forecast
MEF-0022,Casablanca-Settat,annex,coastal,2032,4.51,1.557,7.501,0.1,9.173,forecast
MEF-0022,Casablanca-Settat,annex,coastal,2033,4.795,1.696,8.015,0.1,9.536,forecast
MEF-0022,Casablanca-Settat,annex,coastal,2034,5.08,1.981,8.291,0.542,9.795,forecast
MEF-0022,Casablanca-Settat,annex,coastal,2035,5.334,2.495,8.791,0.462,10.277,forecast
MEF-0022,Casablanca-Settat,annex,coastal,2036,5.737,2.407,8.815,0.1,10.616,forecast
MEF-0022,Casablanca-Settat,annex,coastal,2037,5.994,2.722,9.044,1.524,10.461,forecast
MEF-0022,Casablanca-Settat,annex,coastal,2038,6.369,2.933,9.571,0.97,11.399,forecast
MEF-0022,Casablanca-Settat,annex,coastal,2039,6.718,3.482,9.867,1.909,11.462,forecast
MEF-0023,Casablanca-Settat,regional_office,coastal,2025,5.924,2.88,9.191,1.259,10.642,forecast
MEF-0023,Casablanca-Settat,regional_office,coastal,2026,6.113,2.973,9.169,1.198,10.824,forecast
MEF-0023,Casablanca-Settat,regional_office,coastal,2027,6.362,3.298,9.614,1.799,11.687,forecast
MEF-0023,Casablanca-Settat,regional_office,coastal,2028,6.627,3.504,9.697,1.811,11.432,forecast
MEF-0023,Casablanca-Settat,regional_office,coastal,2029,6.872,3.277,10.238,1.61,11.718,forecast
MEF-0023,Casablanca-Settat,regional_office,coastal,2030,7.105,3.907,10.271,2.408,12.001,forecast
MEF-0023,Casablanca-Settat,regional_office,coastal,2031,7.334,3.817,10.081,2.372,11.955,forecast
MEF-0023,Casablanca-Settat,regional_office,coastal,2032,7.603,4.25,10.797,2.269,12.439,forecast
MEF-0023,Casablanca-Settat,regional_office,coastal,2033,7.968,4.657,11.3,2.81,13.259,forecast
MEF-0023,Casablanca-Settat,regional_office,coastal,2034,8.235,5.129,11.371,3.045,12.949,forecast
MEF-0023,Casablanca-Settat,regional_office,coastal,2035,8.583,5.682,11.767,3.691,13.555,forecast
MEF-0023,Casablanca-Settat,regional_office,coastal,2036,8.88,5.779,12.071,4.51,13.538,forecast
MEF-0023,Casablanca-Settat,regional_office,coastal,2037,9.28,6.127,12.785,4.652,14.384,forecast
MEF-0023,Casablanca-Settat,regional_office,coastal,2038,9.577,6.105,13.035,4.516,14.881,forecast
MEF-0023,Casablanca-Settat,regional_office,coastal,2039,9.934,6.876,13.246,5.226,15.141,forecast
MEF-0024,Casablanca-Settat,regional_office,coastal,2025,0.911,0.1,4.418,0.1,5.576,forecast
MEF-0024,Casablanca-Settat,regional_office,coastal,2026,1.202,0.1,4.426,0.1,6.334,forecast
MEF-0024,Casablanca-Settat,regional_office,coastal,2027,1.422,0.1,5.038,0.1,6.535,forecast
MEF-0024,Casablanca-Settat,regional_office,coastal,2028,1.636,0.1,4.887,0.1,6.356,forecast
MEF-0024,Casablanca-Settat,regional_office,coastal,2029,1.891,0.1,5.163,0.1,6.985,forecast
MEF-0024,Casablanca-Settat,regional_office,coastal,2030,2.177,0.1,5.481,0.1,6.883,forecast
MEF-0024,Casablanca-Settat,regional_office,coastal,2031,2.388,0.1,5.614,0.1,7.51,forecast
MEF-0024,Casablanca-Settat,regional_office,coastal,2032,2.737,0.1,6.036,0.1,7.628,forecast
MEF-0024,Casablanca-Settat,regional_office,coastal,2033,2.98,0.1,6.067,0.1,7.75,forecast
MEF-0024,Casablanca-Settat,regional_office,coastal,2034,3.273,0.248,6.433,0.1,8.43,forecast
MEF-0024,Casablanca-Settat,regional_office,coastal,2035,3.556,0.451,6.884,0.1,8.434,forecast
MEF-0024,Casablanca-Settat,regional_office,coastal,2036,3.92,0.92,7.29,0.1,8.998,forecast
MEF-0024,Casablanca-Settat,regional_office,coastal,2037,4.226,0.853,7.167,0.1,8.73,forecast
MEF-0024,Casablanca-Settat,regional_office,coastal,2038,4.572,1.352,8.014,0.1,9.604,forecast
MEF-0024,Casablanca-Settat,regional_office,coastal,2039,4.94,1.601,8.152,0.1,9.849,forecast
MEF-0025,Casablanca-Settat,regional_office,coastal,2025,6.491,3.494,9.925,1.435,11.656,forecast
MEF-0025,Casablanca-Settat,regional_office,coastal,2026,6.708,3.449,9.688,1.631,11.363,forecast
MEF-0025,Casablanca-Settat,regional_office,coastal,2027,7.033,3.796,10.082,2.119,11.454,forecast
MEF-0025,Casablanca-Settat,regional_office,coastal,2028,7.244,3.829,10.379,1.812,12.267,forecast
MEF-0025,Casablanca-Settat,regional_office,coastal,2029,7.527,4.314,10.665,2.702,12.173,forecast
MEF-0025,Casablanca-Settat,regional_office,coastal,2030,7.712,4.494,10.985,2.799,12.672,forecast
MEF-0025,Casablanca-Settat,regional_office,coastal,2031,7.979,5.109,11.369,3.38,12.97,forecast
MEF-0025,Casablanca-Settat,regional_office,coastal,2032,8.336,5.187,11.752,3.263,13.512,forecast
MEF-0025,Casablanca-Settat,regional_office,coastal,2033,8.567,5.075,11.663,3.112,13.496,forecast
MEF-0025,Casablanca-Settat,regional_office,coastal,2034,8.904,5.883,12.064,4.51,13.807,forecast
MEF-0025,Casablanca-Settat,regional_office,coastal,2035,9.201,5.836,12.247,4.086,14.137,forecast
MEF-0025,Casablanca-Settat,regional_office,coastal,2036,9.526,6.2,12.833,4.139,14.661,forecast
MEF-0025,Casablanca-Settat,regional_office,coastal,2037,9.729,6.499,12.938,4.777,14.649,forecast
MEF-0025,Casablanca-Settat,regional_office,coastal,2038,10.173,7.067,13.477,4.952,14.906,forecast
MEF-0025,Casablanca-Settat,regional_office,coastal,2039,10.5,7.292,13.571,5.675,15.189,forecast
MEF-0026,Casablanca-Settat,annex,coastal,2025,3.272,0.334,6.287,0.1,8.1,forecast
MEF-0026,Casablanca-Settat,annex,coastal,2026,3.485,0.213,6.721,0.1,8.709,forecast
MEF-0026,Casablanca-Settat,annex,coastal,2027,3.753,0.626,6.934,0.1,8.638,forecast
MEF-0026,Casablanca-Settat,annex,coastal,2028,3.92,0.296,7.031,0.1,8.91,forecast
MEF-0026,Casablanca-Settat,annex,coastal,2029,4.226,1.085,7.411,0.1,9.032,forecast
MEF-0026,Casablanca-Settat,annex,coastal,2030,4.495,1.21,7.655,0.1,9.418,forecast
MEF-0026,Casablanca-Settat,annex,coastal,2031,4.765,1.412,8.01,0.1,9.921,forecast
MEF-0026,Casablanca-Settat,annex,coastal,2032,5.118,2.237,8.139,0.1,10.244,forecast
MEF-0026,Casablanca-Settat,annex,coastal,2033,5.337,2.143,8.779,0.501,10.849,forecast
MEF-0026,Casablanca-Settat,annex,coastal,2034,5.639,2.532,8.813,0.808,10.485,forecast
MEF-0026,Casablanca-Settat,annex,coastal,2035,5.971,2.904,9.476,1.048,10.893,forecast
MEF-0026,Casablanca-Settat,annex,coastal,2036,6.318,3.128,9.739,1.363,11.045,forecast
MEF-0026,Casablanca-Settat,annex,coastal,2037,6.619,3.198,9.74,1.405,11.404,forecast
MEF-0026,Casablanca-Settat,annex,coastal,2038,6.925,3.627,10.134,1.417,11.585,forecast
MEF-0026,Casablanca-Settat,annex,coastal,2039,7.271,3.823,10.227,2.197,12.124,forecast
MEF-0027,Casablanca-Settat,annex,coastal,2025,1.486,0.1,4.635,0.1,6.401,forecast
MEF-0027,Casablanca-Settat,annex,coastal,2026,1.637,0.1,4.649,0.1,6.508,forecast
MEF-0027,Casablanca-Settat,annex,coastal,2027,1.929,0.1,4.985,0.1,6.705,forecast
MEF-0027,Casablanca-Settat,annex,coastal,2028,2.192,0.1,5.192,0.1,6.833,forecast
MEF-0027,Casablanca-Settat,annex,coastal,2029,2.422,0.1,5.502,0.1,7.105,forecast
MEF-0027,Casablanca-Settat,annex,coastal,2030,2.704,0.1,5.79,0.1,7.503,forecast
MEF-0027,Casablanca-Settat,annex,coastal,2031,2.905,0.1,5.991,0.1,7.753,forecast
MEF-0027,Casablanca-Settat,annex,coastal,2032,3.251,0.1,6.595,0.1,8.138,forecast
MEF-0027,Casablanca-Settat,annex,coastal,2033,3.507,0.1,6.683,0.1,8.139,forecast
MEF-0027,Casablanca-Settat,annex,coastal,2034,3.825,0.855,7.391,0.1,8.63,forecast
MEF-0027,Casablanca-Settat,annex,coastal,2035,4.11,1.044,7.362,0.1,9.161,forecast
MEF-0027,Casablanca-Settat,annex,coastal,2036,4.457,1.428,8.03,0.1,9.738,forecast
MEF-0027,Casablanca-Settat,annex,coastal,2037,4.794,1.643,8.288,0.1,10.017,forecast
MEF-0027,Casablanca-Settat,annex,coastal,2038,5.105,1.718,8.733,0.1,10.14,forecast
MEF-0027,Casablanca-Settat,annex,coastal,2039,5.475,2.238,8.318,0.218,10.111,forecast
MEF-0028,Casablanca-Settat,ministry_hq,coastal,2025,16.987,13.755,20.554,11.796,21.807,forecast
MEF-0028,Casablanca-Settat,ministry_hq,coastal,2026,17.216,13.966,20.42,12.186,22.176,forecast
MEF-0028,Casablanca-Settat,ministry_hq,coastal,2027,17.418,14.315,20.621,12.64,22.191,forecast
MEF-0028,Casablanca-Settat,ministry_hq,coastal,2028,17.645,14.427,20.863,12.945,22.435,forecast
MEF-0028,Casablanca-Settat,ministry_hq,coastal,2029,17.996,14.813,21.141,12.88,22.688,forecast
MEF-0028,Casablanca-Settat,ministry_hq,coastal,2030,18.194,14.85,21.508,13.06,23.38,forecast
MEF-0028,Casablanca-Settat,ministry_hq,coastal,2031,18.498,15.198,21.774,13.498,23.584,forecast
MEF-0028,Casablanca-Settat,ministry_hq,coastal,2032,18.755,15.388,21.98,13.881,23.669,forecast
MEF-0028,Casablanca-Settat,ministry_hq,coastal,2033,19.083,15.781,22.308,14.06,24.208,forecast
MEF-0028,Casablanca-Settat,ministry_hq,coastal,2034,19.438,16.183,22.822,14.484,24.3,forecast
MEF-0028,Casablanca-Settat,ministry_hq,coastal,2035,19.618,16.628,22.753,14.658,24.701,forecast
MEF-0028,Casablanca-Settat,ministry_hq,coastal,2036,19.955,16.754,23.11,15.271,24.488,forecast
MEF-0028,Casablanca-Settat,ministry_hq,coastal,2037,20.329,17.262,23.798,15.681,25.155,forecast
MEF-0028,Casablanca-Settat,ministry_hq,coastal,2038,20.704,17.284,23.774,15.249,25.443,forecast
MEF-0028,Casablanca-Settat,ministry_hq,coastal,2039,21.027,17.949,24.263,16.435,25.672,forecast
MEF-0029,Casablanca-Settat,ministry_hq,coastal,2025,17.21,13.814,20.233,12.025,22.263,forecast
MEF-0029,Casablanca-Settat,ministry_hq,coastal,2026,17.466,14.257,20.79,12.546,22.274,forecast
MEF-0029,Casablanca-Settat,ministry_hq,coastal,2027,17.729,14.322,20.894,13.072,22.518,forecast
MEF-0029,Casablanca-Settat,ministry_hq,coastal,2028,18.01,14.676,21.123,12.481,22.883,forecast
MEF-0029,Casablanca-Settat,ministry_hq,coastal,2029,18.143,14.897,21.372,13.34,23.027,forecast
MEF-0029,Casablanca-Settat,ministry_hq,coastal,2030,18.46,15.007,21.83,13.569,23.165,forecast
MEF-0029,Casablanca-Settat,ministry_hq,coastal,2031,18.704,15.442,21.783,13.47,23.529,forecast
MEF-0029,Casablanca-Settat,ministry_hq,coastal,2032,18.95,15.625,22.185,13.964,23.819,forecast
MEF-0029,Casablanca-Settat,ministry_hq,coastal,2033,19.285,16.23,22.667,14.403,24.228,forecast
MEF-0029,Casablanca-Settat,ministry_hq,coastal,2034,19.561,16.714,22.436,14.87,24.284,forecast
MEF-0029,Casablanca-Settat,ministry_hq,coastal,2035,19.801,16.431,22.847,14.767,24.394,forecast
MEF-0029,Casablanca-Settat,ministry_hq,coastal,2036,20.205,16.94,23.604,14.854,25.123,forecast
MEF-0029,Casablanca-Settat,ministry_hq,coastal,2037,20.521,17.033,23.484,15.179,25.072,forecast
MEF-0029,Casablanca-Settat,ministry_hq,coastal,2038,20.843,17.782,24.337,15.971,25.959,forecast
MEF-0029,Casablanca-Settat,ministry_hq,coastal,2039,21.222,17.854,24.487,16.268,26.147,forecast
MEF-0030,Casablanca-Settat,regional_office,coastal,2025,0.1,0.1,2.368,0.1,4.323,forecast
MEF-0030,Casablanca-Settat,regional_office,coastal,2026,0.1,0.1,2.545,0.1,4.251,forecast
MEF-0030,Casablanca-Settat,regional_office,coastal,2027,0.1,0.1,2.63,0.1,4.625,forecast
MEF-0030,Casablanca-Settat,regional_office,coastal,2028,0.1,0.1,2.927,0.1,4.595,forecast
MEF-0030,Casablanca-Settat,regional_office,coastal,2029,0.1,0.1,3.288,0.1,5.437,forecast
MEF-0030,Casablanca-Settat,regional_office,coastal,2030,0.298,0.1,3.513,0.1,5.492,forecast
MEF-0030,Casablanca-Settat,regional_office,coastal,2031,0.584,0.1,3.905,0.1,5.744,forecast
MEF-0030,Casablanca-Settat,regional_office,coastal,2032,0.806,0.1,4.32,0.1,6.015,forecast
MEF-0030,Casablanca-Settat,regional_office,coastal,2033,1.126,0.1,4.114,0.1,6.233,forecast
MEF-0030,Casablanca-Settat,regional_office,coastal,2034,1.489,0.1,4.7,0.1,6.609,forecast
MEF-0030,Casablanca-Settat,regional_office,coastal,2035,1.731,0.1,5.126,0.1,6.957,forecast
MEF-0030,Casablanca-Settat,regional_office,coastal,2036,2.113,0.1,5.491,0.1,7.141,forecast
MEF-0030,Casablanca-Settat,regional_office,coastal,2037,2.412,0.1,5.719,0.1,7.377,forecast
MEF-0030,Casablanca-Settat,regional_office,coastal,2038,2.768,0.1,5.753,0.1,7.343,forecast
MEF-0030,Casablanca-Settat,regional_office,coastal,2039,3.04,0.1,6.105,0.1,7.953,forecast
MEF-0031,Casablanca-Settat,annex,coastal,2025,2.382,0.1,5.69,0.1,7.397,forecast
MEF-0031,Casablanca-Settat,annex,coastal,2026,2.591,0.1,5.965,0.1,7.67,forecast
MEF-0031,Casablanca-Settat,annex,coastal,2027,2.838,0.1,6.343,0.1,7.96,forecast
MEF-0031,Casablanca-Settat,annex,coastal,2028,3.046,0.1,6.007,0.1,7.6,forecast
MEF-0031,Casablanca-Settat,annex,coastal,2029,3.295,0.314,6.623,0.1,7.75,forecast
MEF-0031,Casablanca-Settat,annex,coastal,2030,3.551,0.355,6.734,0.1,8.52,forecast
MEF-0031,Casablanca-Settat,annex,coastal,2031,3.927,0.903,7.223,0.1,9.264,forecast
MEF-0031,Casablanca-Settat,annex,coastal,2032,4.084,0.805,7.22,0.1,8.999,forecast
MEF-0031,Casablanca-Settat,annex,coastal,2033,4.422,1.134,7.448,0.1,9.041,forecast
MEF-0031,Casablanca-Settat,annex,coastal,2034,4.68,1.571,7.886,0.1,9.688,forecast
MEF-0031,Casablanca-Settat,annex,coastal,2035,4.982,1.55,8.202,0.139,9.868,forecast
MEF-0031,Casablanca-Settat,annex,coastal,2036,5.279,2.045,8.472,0.377,10.531,forecast
MEF-0031,Casablanca-Settat,annex,coastal,2037,5.68,2.44,9.091,0.769,10.901,forecast
MEF-0031,Casablanca-Settat,annex,coastal,2038,6.014,2.641,9.383,0.872,10.939,forecast
MEF-0031,Casablanca-Settat,annex,coastal,2039,6.362,3.127,9.455,1.051,11.276,forecast
MEF-0032,Casablanca-Settat,regional_office,coastal,2025,6.158,3.097,9.684,1.34,11.247,forecast
MEF-0032,Casablanca-Settat,regional_office,coastal,2026,6.45,3.27,9.624,1.64,11.132,forecast
MEF-0032,Casablanca-Settat,regional_office,coastal,2027,6.671,3.276,9.762,1.7,11.643,forecast
MEF-0032,Casablanca-Settat,regional_office,coastal,2028,6.868,3.721,10.167,2.16,11.772,forecast
MEF-0032,Casablanca-Settat,regional_office,coastal,2029,7.136,4.205,10.252,2.237,12.05,forecast
MEF-0032,Casablanca-Settat,regional_office,coastal,2030,7.436,4.193,10.883,2.647,12.314,forecast
MEF-0032,Casablanca-Settat,regional_office,coastal,2031,7.66,4.526,11.002,2.899,12.404,forecast
MEF-0032,Casablanca-Settat,regional_office,coastal,2032,8.001,4.879,11.446,3.123,13.211,forecast
MEF-0032,Casablanca-Settat,regional_office,coastal,2033,8.266,5.335,11.637,3.791,13.42,forecast
MEF-0032,Casablanca-Settat,regional_office,coastal,2034,8.545,5.422,11.566,3.809,13.291,forecast
MEF-0032,Casablanca-Settat,regional_office,coastal,2035,8.876,5.736,12.189,3.776,14.013,forecast
MEF-0032,Casablanca-Settat,regional_office,coastal,2036,9.071,5.971,12.373,4.299,14.379,forecast
MEF-0032,Casablanca-Settat,regional_office,coastal,2037,9.494,6.423,12.946,4.418,14.58,forecast
MEF-0032,Casablanca-Settat,regional_office,coastal,2038,9.836,6.537,13.213,4.703,14.796,forecast
MEF-0032,Casablanca-Settat,regional_office,coastal,2039,10.231,7.032,13.434,5.36,15.042,forecast
MEF-0033,Casablanca-Settat,regional_office,coastal,2025,0.1,0.1,3.275,0.1,5.02,forecast
MEF-0033,Casablanca-Settat,regional_office,coastal,2026,0.259,0.1,3.363,0.1,5.274,forecast
MEF-0033,Casablanca-Settat,regional_office,coastal,2027,0.522,0.1,3.846,0.1,5.764,forecast
MEF-0033,Casablanca-Settat,regional_office,coastal,2028,0.756,0.1,3.986,0.1,5.557,forecast
MEF-0033,Casablanca-Settat,regional_office,coastal,2029,0.943,0.1,4.148,0.1,6.108,forecast
MEF-0033,Casablanca-Settat,regional_office,coastal,2030,1.278,0.1,4.639,0.1,6.559,forecast
MEF-0033,Casablanca-Settat,regional_office,coastal,2031,1.495,0.1,4.741,0.1,6.273,forecast
MEF-0033,Casablanca-Settat,regional_office,coastal,2032,1.824,0.1,4.844,0.1,6.799,forecast
MEF-0033,Casablanca-Settat,regional_office,coastal,2033,2.118,0.1,5.372,0.1,6.873,forecast
MEF-0033,Casablanca-Settat,regional_office,coastal,2034,2.392,0.1,5.784,0.1,7.429,forecast
MEF-0033,Casablanca-Settat,regional_office,coastal,2035,2.755,0.1,6.067,0.1,7.811,forecast
MEF-0033,Casablanca-Settat,regional_office,coastal,2036,3.015,0.1,6.119,0.1,7.647,forecast
MEF-0033,Casablanca-Settat,regional_office,coastal,2037,3.381,0.16,6.452,0.1,8.111,forecast
MEF-0033,Casablanca-Settat,regional_office,coastal,2038,3.71,0.628,6.836,0.1,8.826,forecast
MEF-0033,Casablanca-Settat,regional_office,coastal,2039,4.006,0.438,6.897,0.1,8.641,forecast
MEF-0034,Casablanca-Settat,ministry_hq,coastal,2025,14.168,10.953,17.508,9.352,19.213,forecast
MEF-0034,Casablanca-Settat,ministry_hq,coastal,2026,14.367,11.187,17.743,9.719,19.324,forecast
MEF-0034,Casablanca-Settat,ministry_hq,coastal,2027,14.597,11.203,17.844,9.568,19.586,forecast
MEF-0034,Casablanca-Settat,ministry_hq,coastal,2028,14.898,11.369,18.009,9.847,19.837,forecast
MEF-0034,Casablanca-Settat,ministry_hq,coastal,2029,15.108,11.724,18.248,10.228,20.036,forecast
MEF-0034,Casablanca-Settat,ministry_hq,coastal,2030,15.427,12.064,18.415,10.211,20.102,forecast
MEF-0034,Casablanca-Settat,ministry_hq,coastal,2031,15.597,12.587,18.814,10.718,20.492,forecast
MEF-0034,Casablanca-Settat,ministry_hq,coastal,2032,15.874,12.634,18.981,11.381,20.626,forecast
MEF-0034,Casablanca-Settat,ministry_hq,coastal,2033,16.253,12.957,19.506,11.114,20.877,forecast
MEF-0034,Casablanca-Settat,ministry_hq,coastal,2034,16.471,13.37,19.764,11.142,21.367,forecast
MEF-0034,Casablanca-Settat,ministry_hq,coastal,2035,16.774,13.432,19.984,11.283,21.598,forecast
MEF-0034,Casablanca-Settat,ministry_hq,coastal,2036,17.169,13.926,20.305,12.292,22.202,forecast
MEF-0034,Casablanca-Settat,ministry_hq,coastal,2037,17.473,13.987,20.841,12.487,22.589,forecast
MEF-0034,Casablanca-Settat,ministry_hq,coastal,2038,17.719,14.761,21.029,12.836,22.866,forecast
MEF-0034,Casablanca-Settat,ministry_hq,coastal,2039,18.109,14.831,21.512,13.178,23.179,forecast
MEF-0035,Fès-Meknès,annex,mountain,2025,1.139,0.1,4.463,0.1,6.147,forecast
MEF-0035,Fès-Meknès,annex,mountain,2026,1.384,0.1,4.617,0.1,6.212,forecast
MEF-0035,Fès-Meknès,annex,mountain,2027,1.699,0.1,5.137,0.1,6.851,forecast
MEF-0035,Fès-Meknès,annex,mountain,2028,2.005,0.1,5.197,0.1,6.671,forecast
MEF-0035,Fès-Meknès,annex,mountain,2029,2.139,0.1,5.331,0.1,6.79,forecast
MEF-0035,Fès-Meknès,annex,mountain,2030,2.436,0.1,5.657,0.1,7.337,forecast
MEF-0035,Fès-Meknès,annex,mountain,2031,2.721,0.1,5.861,0.1,7.239,forecast
MEF-0035,Fès-Meknès,annex,mountain,2032,2.962,0.1,6.104,0.1,7.898,forecast
MEF-0035,Fès-Meknès,annex,mountain,2033,3.302,0.204,6.422,0.1,7.994,forecast
MEF-0035,Fès-Meknès,annex,mountain,2034,3.611,0.339,6.933,0.1,8.718,forecast
MEF-0035,Fès-Meknès,annex,mountain,2035,3.96,0.693,6.984,0.1,8.697,forecast
MEF-0035,Fès-Meknès,annex,mountain,2036,4.301,1.12,7.575,0.1,8.969,forecast
MEF-0035,Fès-Meknès,annex,mountain,2037,4.613,1.218,7.897,0.1,9.442,forecast
MEF-0035,Fès-Meknès,annex,mountain,2038,4.933,1.49,7.992,0.1,9.59,forecast
MEF-0035,Fès-Meknès,annex,mountain,2039,5.401,2.013,8.406,0.28,9.873,forecast
MEF-0036,Fès-Meknès,ministry_hq,mountain,2025,11.778,8.491,15.072,6.951,16.642,forecast
MEF-0036,Fès-Meknès,ministry_hq,mountain,2026,11.924,8.74,15.038,6.975,16.59,forecast
MEF-0036,Fès-Meknès,ministry_hq,mountain,2027,12.216,9.116,15.417,7.098,17.401,forecast
MEF-0036,Fès-Meknès,ministry_hq,mountain,2028,12.526,9.352,15.944,7.368,17.902,forecast
MEF-0036,Fès-Meknès,ministry_hq,mountain,2029,12.714,9.526,16.256,8.006,18.215,forecast
MEF-0036,Fès-Meknès,ministry_hq,mountain,2030,13.02,9.9,16.569,8.058,18.083,forecast
MEF-0036,Fès-Meknès,ministry_hq,mountain,2031,13.319,10.175,16.529,8.282,18.475,forecast
MEF-0036,Fès-Meknès,ministry_hq,mountain,2032,13.477,10.309,16.913,8.487,18.656,forecast
MEF-0036,Fès-Meknès,ministry_hq,mountain,2033,13.968,10.423,17.134,9.123,18.914,forecast
MEF-0036,Fès-Meknès,ministry_hq,mountain,2034,14.266,10.71,17.477,8.795,19.134,forecast
MEF-0036,Fès-Meknès,ministry_hq,mountain,2035,14.526,11.6,18.059,10.129,19.473,forecast
MEF-0036,Fès-Meknès,ministry_hq,mountain,2036,14.845,11.49,18.0,9.966,19.769,forecast
MEF-0036,Fès-Meknès,ministry_hq,mountain,2037,15.165,11.891,18.062,9.962,19.907,forecast
MEF-0036,Fès-Meknès,ministry_hq,mountain,2038,15.553,12.254,18.804,10.454,20.567,forecast
MEF-0036,Fès-Meknès,ministry_hq,mountain,2039,15.927,12.946,19.278,10.773,20.805,forecast
MEF-0037,Fès-Meknès,regional_office,mountain,2025,4.333,1.319,7.388,0.1,8.791,forecast
MEF-0037,Fès-Meknès,regional_office,mountain,2026,4.55,1.234,7.861,0.1,9.565,forecast
MEF-0037,Fès-Meknès,regional_office,mountain,2027,4.805,1.319,8.11,0.1,9.484,forecast
MEF-0037,Fès-Meknès,regional_office,mountain,2028,4.998,1.718,8.268,0.152,9.9,forecast
MEF-0037,Fès-Meknès,regional_office,mountain,2029,5.354,2.244,8.436,0.516,10.005,forecast
MEF-0037,Fès-Meknès,regional_office,mountain,2030,5.594,2.347,8.923,0.586,10.845,forecast
MEF-0037,Fès-Meknès,regional_office,mountain,2031,5.875,2.656,9.009,1.31,10.738,forecast
MEF-0037,Fès-Meknès,regional_office,mountain,2032,6.195,3.014,9.47,1.051,11.281,forecast
MEF-0037,Fès-Meknès,regional_office,mountain,2033,6.408,3.244,9.381,1.128,11.536,forecast
MEF-0037,Fès-Meknès,regional_office,mountain,2034,6.739,3.608,9.995,1.808,11.651,forecast
MEF-0037,Fès-Meknès,regional_office,mountain,2035,7.06,3.841,10.247,2.478,12.129,forecast
MEF-0037,Fès-Meknès,regional_office,mountain,2036,7.408,4.266,10.721,2.717,12.62,forecast
MEF-0037,Fès-Meknès,regional_office,mountain,2037,7.756,4.56,11.09,2.783,13.136,forecast
MEF-0037,Fès-Meknès,regional_office,mountain,2038,8.087,4.883,11.35,3.188,12.951,forecast
MEF-0037,Fès-Meknès,regional_office,mountain,2039,8.433,5.333,11.752,3.923,13.776,forecast
MEF-0038,Fès-Meknès,regional_office,mountain,2025,3.254,0.1,6.609,0.1,7.938,forecast
MEF-0038,Fès-Meknès,regional_office,mountain,2026,3.477,0.433,6.651,0.1,8.556,forecast
MEF-0038,Fès-Meknès,regional_office,mountain,2027,3.624,0.209,6.9,0.1,8.856,forecast
MEF-0038,Fès-Meknès,regional_office,mountain,2028,3.941,0.849,7.073,0.1,8.856,forecast
MEF-0038,Fès-Meknès,regional_office,mountain,2029,4.278,0.94,7.441,0.1,9.307,forecast
MEF-0038,Fès-Meknès,regional_office,mountain,2030,4.434,1.121,7.491,0.1,9.671,forecast
MEF-0038,Fès-Meknès,regional_office,mountain,2031,4.741,1.22,7.803,0.1,9.4,forecast
MEF-0038,Fès-Meknès,regional_office,mountain,2032,5.01,2.076,8.306,0.829,10.149,forecast
MEF-0038,Fès-Meknès,regional_office,mountain,2033,5.403,2.497,8.738,0.515,10.504,forecast
MEF-0038,Fès-Meknès,regional_office,mountain,2034,5.666,2.549,8.783,0.571,10.422,forecast
MEF-0038,Fès-Meknès,regional_office,mountain,2035,5.922,2.74,8.975,1.279,10.413,forecast
MEF-0038,Fès-Meknès,regional_office,mountain,2036,6.289,3.305,9.637,1.538,11.026,forecast
MEF-0038,Fès-Meknès,regional_office,mountain,2037,6.671,3.544,10.009,1.938,11.656,forecast
MEF-0038,Fès-Meknès,regional_office,mountain,2038,7.024,3.856,10.06,2.153,11.759,forecast
MEF-0038,Fès-Meknès,regional_office,mountain,2039,7.401,4.033,10.537,2.645,12.122,forecast
MEF-0039,Fès-Meknès,regional_office,mountain,2025,3.837,0.412,7.059,0.1,8.981,forecast
MEF-0039,Fès-Meknès,regional_office,mountain,2026,4.033,0.837,6.799,0.1,8.9,forecast
MEF-0039,Fès-Meknès,regional_office,mountain,2027,4.291,0.911,7.527,0.1,9.041,forecast
MEF-0039,Fès-Meknès,regional_office,mountain,2028,4.522,1.355,7.71,0.1,9.706,forecast
MEF-0039,Fès-Meknès,regional_office,mountain,2029,4.804,1.413,7.695,0.1,9.129,forecast
MEF-0039,Fès-Meknès,regional_office,mountain,2030,5.033,1.856,8.434,0.115,9.706,forecast
MEF-0039,Fès-Meknès,regional_office,mountain,2031,5.382,1.792,8.447,0.1,10.166,forecast
MEF-0039,Fès-Meknès,regional_office,mountain,2032,5.719,2.453,9.027,0.766,10.785,forecast
MEF-0039,Fès-Meknès,regional_office,mountain,2033,5.945,3.04,9.073,1.466,10.563,forecast
MEF-0039,Fès-Meknès,regional_office,mountain,2034,6.244,3.022,9.215,1.419,10.625,forecast
MEF-0039,Fès-Meknès,regional_office,mountain,2035,6.619,3.315,9.895,1.644,11.621,forecast
MEF-0039,Fès-Meknès,regional_office,mountain,2036,6.971,3.949,10.18,2.144,11.948,forecast
MEF-0039,Fès-Meknès,regional_office,mountain,2037,7.262,4.037,10.456,2.028,11.878,forecast
MEF-0039,Fès-Meknès,regional_office,mountain,2038,7.639,4.447,10.833,2.8,12.607,forecast
MEF-0039,Fès-Meknès,regional_office,mountain,2039,7.992,4.606,10.947,3.122,12.583,forecast
MEF-0040,Fès-Meknès,regional_office,mountain,2025,3.452,0.248,6.515,0.1,8.145,forecast
MEF-0040,Fès-Meknès,regional_office,mountain,2026,3.741,0.52,7.195,0.1,9.032,forecast
MEF-0040,Fès-Meknès,regional_office,mountain,2027,3.904,0.674,7.316,0.1,8.897,forecast
MEF-0040,Fès-Meknès,regional_office,mountain,2028,4.19,0.651,7.153,0.1,8.916,forecast
MEF-0040,Fès-Meknès,regional_office,mountain,2029,4.473,1.181,7.676,0.1,9.356,forecast
MEF-0040,Fès-Meknès,regional_office,mountain,2030,4.759,1.509,8.016,0.1,9.766,forecast
MEF-0040,Fès-Meknès,regional_office,mountain,2031,5.012,1.932,8.241,0.1,9.733,forecast
MEF-0040,Fès-Meknès,regional_office,mountain,2032,5.302,1.951,8.505,0.1,9.693,forecast
MEF-0040,Fès-Meknès,regional_office,mountain,2033,5.589,2.308,8.941,0.911,10.36,forecast
MEF-0040,Fès-Meknès,regional_office,mountain,2034,5.873,2.432,9.031,0.643,10.67,forecast
MEF-0040,Fès-Meknès,regional_office,mountain,2035,6.237,2.843,9.433,1.285,11.0,forecast
MEF-0040,Fès-Meknès,regional_office,mountain,2036,6.589,3.266,9.948,1.348,11.73,forecast
MEF-0040,Fès-Meknès,regional_office,mountain,2037,6.926,3.809,10.25,2.187,11.567,forecast
MEF-0040,Fès-Meknès,regional_office,mountain,2038,7.254,4.031,10.433,2.167,12.027,forecast
MEF-0040,Fès-Meknès,regional_office,mountain,2039,7.627,4.531,10.936,2.736,12.691,forecast
MEF-0041,Fès-Meknès,annex,mountain,2025,3.087,0.1,6.458,0.1,8.387,forecast
MEF-0041,Fès-Meknès,annex,mountain,2026,3.345,0.19,6.797,0.1,8.317,forecast
MEF-0041,Fès-Meknès,annex,mountain,2027,3.655,0.53,6.736,0.1,8.18,forecast
MEF-0041,Fès-Meknès,annex,mountain,2028,3.795,0.674,7.083,0.1,8.797,forecast
MEF-0041,Fès-Meknès,annex,mountain,2029,4.171,1.081,7.64,0.1,9.266,forecast
MEF-0041,Fès-Meknès,annex,mountain,2030,4.432,1.271,7.753,0.1,9.286,forecast
MEF-0041,Fès-Meknès,annex,mountain,2031,4.734,1.403,7.859,0.1,9.339,forecast
MEF-0041,Fès-Meknès,annex,mountain,2032,4.921,1.501,8.198,0.1,10.089,forecast
MEF-0041,Fès-Meknès,annex,mountain,2033,5.216,1.916,8.543,0.392,10.195,forecast
MEF-0041,Fès-Meknès,annex,mountain,2034,5.553,2.173,8.719,0.599,10.475,forecast
MEF-0041,Fès-Meknès,annex,mountain,2035,5.9,2.767,9.26,0.929,10.748,forecast
MEF-0041,Fès-Meknès,annex,mountain,2036,6.253,3.007,9.388,1.194,10.719,forecast
MEF-0041,Fès-Meknès,annex,mountain,2037,6.544,3.277,9.963,1.685,11.839,forecast
MEF-0041,Fès-Meknès,annex,mountain,2038,6.978,3.865,10.181,2.025,12.16,forecast
MEF-0041,Fès-Meknès,annex,mountain,2039,7.308,3.93,10.552,2.511,12.376,forecast
MEF-0042,Fès-Meknès,regional_office,mountain,2025,0.1,0.1,0.326,0.1,2.093,forecast
MEF-0042,Fès-Meknès,regional_office,mountain,2026,0.1,0.1,0.764,0.1,2.397,forecast
MEF-0042,Fès-Meknès,regional_office,mountain,2027,0.1,0.1,1.059,0.1,2.691,forecast
MEF-0042,Fès-Meknès,regional_office,mountain,2028,0.1,0.1,1.57,0.1,3.231,forecast
MEF-0042,Fès-Meknès,regional_office,mountain,2029,0.1,0.1,1.771,0.1,3.207,forecast
MEF-0042,Fès-Meknès,regional_office,mountain,2030,0.1,0.1,2.119,0.1,4.004,forecast
MEF-0042,Fès-Meknès,regional_office,mountain,2031,0.1,0.1,2.1,0.1,4.052,forecast
MEF-0042,Fès-Meknès,regional_office,mountain,2032,0.1,0.1,2.518,0.1,3.945,forecast
MEF-0042,Fès-Meknès,regional_office,mountain,2033,0.1,0.1,2.649,0.1,4.617,forecast
MEF-0042,Fès-Meknès,regional_office,mountain,2034,0.1,0.1,3.01,0.1,4.885,forecast
MEF-0042,Fès-Meknès,regional_office,mountain,2035,0.136,0.1,3.367,0.1,5.057,forecast
MEF-0042,Fès-Meknès,regional_office,mountain,2036,0.531,0.1,3.564,0.1,5.094,forecast
MEF-0042,Fès-Meknès,regional_office,mountain,2037,0.838,0.1,4.197,0.1,5.833,forecast
MEF-0042,Fès-Meknès,regional_office,mountain,2038,1.269,0.1,4.65,0.1,6.26,forecast
MEF-0042,Fès-Meknès,regional_office,mountain,2039,1.59,0.1,4.846,0.1,6.648,forecast
MEF-0043,Fès-Meknès,ministry_hq,mountain,2025,8.886,5.643,12.173,4.32,13.784,forecast
MEF-0043,Fès-Meknès,ministry_hq,mountain,2026,9.146,5.485,12.537,3.644,14.131,forecast
MEF-0043,Fès-Meknès,ministry_hq,mountain,2027,9.426,6.503,12.853,4.542,14.514,forecast
MEF-0043,Fès-Meknès,ministry_hq,mountain,2028,9.656,6.368,12.884,4.832,15.016,forecast
MEF-0043,Fès-Meknès,ministry_hq,mountain,2029,9.939,6.568,12.711,4.979,14.425,forecast
MEF-0043,Fès-Meknès,ministry_hq,mountain,2030,10.164,6.86,13.305,5.04,14.803,forecast
MEF-0043,Fès-Meknès,ministry_hq,mountain,2031,10.458,7.303,13.652,5.834,15.506,forecast
MEF-0043,Fès-Meknès,ministry_hq,mountain,2032,10.806,7.33,14.086,6.012,15.625,forecast
MEF-0043,Fès-Meknès,ministry_hq,mountain,2033,11.008,7.887,14.387,5.893,16.122,forecast
MEF-0043,Fès-Meknès,ministry_hq,mountain,2034,11.379,8.071,14.555,6.364,16.367,forecast
MEF-0043,Fès-Meknès,ministry_hq,mountain,2035,11.672,8.663,15.096,7.098,16.823,forecast
MEF-0043,Fès-Meknès,ministry_hq,mountain,2036,12.079,8.745,15.514,6.712,17.228,forecast
MEF-0043,Fès-Meknès,ministry_hq,mountain,2037,12.367,8.814,15.457,7.318,17.183,forecast
MEF-0043,Fès-Meknès,ministry_hq,mountain,2038,12.733,9.552,16.16,7.599,17.667,forecast
MEF-0043,Fès-Meknès,ministry_hq,mountain,2039,13.124,9.728,16.426,8.084,17.616,forecast
MEF-0044,Fès-Meknès,annex,mountain,2025,0.438,0.1,3.713,0.1,5.465,forecast
MEF-0044,Fès-Meknès,annex,mountain,2026,0.644,0.1,3.849,0.1,5.653,forecast
MEF-0044,Fès-Meknès,annex,mountain,2027,0.922,0.1,3.903,0.1,5.903,forecast
MEF-0044,Fès-Meknès,annex,mountain,2028,1.176,0.1,4.282,0.1,5.91,forecast
MEF-0044,Fès-Meknès,annex,mountain,2029,1.438,0.1,4.421,0.1,6.506,forecast
MEF-0044,Fès-Meknès,annex,mountain,2030,1.646,0.1,4.789,0.1,6.789,forecast
MEF-0044,Fès-Meknès,annex,mountain,2031,1.998,0.1,4.892,0.1,6.656,forecast
MEF-0044,Fès-Meknès,annex,mountain,2032,2.221,0.1,5.225,0.1,6.916,forecast
MEF-0044,Fès-Meknès,annex,mountain,2033,2.607,0.1,5.669,0.1,7.271,forecast
MEF-0044,Fès-Meknès,annex,mountain,2034,2.892,0.1,6.021,0.1,7.643,forecast
MEF-0044,Fès-Meknès,annex,mountain,2035,3.14,0.1,6.088,0.1,7.673,forecast
MEF-0044,Fès-Meknès,annex,mountain,2036,3.557,0.384,6.607,0.1,8.24,forecast
MEF-0044,Fès-Meknès,annex,mountain,2037,3.936,0.878,7.261,0.1,9.212,forecast
MEF-0044,Fès-Meknès,annex,mountain,2038,4.251,1.259,7.493,0.1,8.871,forecast
MEF-0044,Fès-Meknès,annex,mountain,2039,4.636,1.401,8.054,0.1,9.615,forecast
MEF-0045,Marrakech-Safi,regional_office,arid,2025,5.099,1.702,8.262,0.1,9.816,forecast
MEF-0045,Marrakech-Safi,regional_office,arid,2026,5.408,2.332,8.776,0.174,10.867,forecast
MEF-0045,Marrakech-Safi,regional_office,arid,2027,5.611,2.595,8.799,0.637,10.402,forecast
MEF-0045,Marrakech-Safi,regional_office,arid,2028,5.942,2.963,9.269,1.493,10.866,forecast
MEF-0045,Marrakech-Safi,regional_office,arid,2029,6.168,2.698,9.3,0.88,10.744,forecast
MEF-0045,Marrakech-Safi,regional_office,arid,2030,6.5,3.508,9.769,1.667,11.367,forecast
MEF-0045,Marrakech-Safi,regional_office,arid,2031,6.794,3.267,9.756,1.993,11.371,forecast
MEF-0045,Marrakech-Safi,regional_office,arid,2032,7.11,3.814,10.381,2.383,11.774,forecast
MEF-0045,Marrakech-Safi,regional_office,arid,2033,7.527,4.041,10.839,2.606,12.96,forecast
MEF-0045,Marrakech-Safi,regional_office,arid,2034,7.81,4.304,11.079,2.744,12.707,forecast
MEF-0045,Marrakech-Safi,regional_office,arid,2035,8.138,4.782,11.314,3.213,13.378,forecast
MEF-0045,Marrakech-Safi,regional_office,arid,2036,8.608,5.108,11.873,3.354,13.745,forecast
MEF-0045,Marrakech-Safi,regional_office,arid,2037,8.954,5.909,12.075,4.05,14.124,forecast
MEF-0045,Marrakech-Safi,regional_office,arid,2038,9.352,6.046,12.594,4.085,14.429,forecast
MEF-0045,Marrakech-Safi,regional_office,arid,2039,9.816,6.575,13.043,4.969,14.761,forecast
MEF-0046,Marrakech-Safi,ministry_hq,arid,2025,19.231,16.002,22.373,14.297,23.844,forecast
MEF-0046,Marrakech-Safi,ministry_hq,arid,2026,19.507,16.35,22.889,15.001,24.745,forecast
MEF-0046,Marrakech-Safi,ministry_hq,arid,2027,19.792,16.749,23.03,14.977,25.081,forecast
MEF-0046,Marrakech-Safi,ministry_hq,arid,2028,20.115,16.958,23.338,15.432,24.841,forecast
MEF-0046,Marrakech-Safi,ministry_hq,arid,2029,20.379,16.946,23.82,15.144,25.823,forecast
MEF-0046,Marrakech-Safi,ministry_hq,arid,2030,20.678,17.392,24.028,15.663,25.557,forecast
MEF-0046,Marrakech-Safi,ministry_hq,arid,2031,21.012,17.93,24.29,16.47,25.989,forecast
MEF-0046,Marrakech-Safi,ministry_hq,arid,2032,21.334,18.032,24.493,16.59,26.247,forecast
MEF-0046,Marrakech-Safi,ministry_hq,arid,2033,21.695,18.317,24.775,16.671,26.44,forecast
MEF-0046,Marrakech-Safi,ministry_hq,arid,2034,21.986,19.002,25.097,17.411,26.945,forecast
MEF-0046,Marrakech-Safi,ministry_hq,arid,2035,22.405,19.033,25.758,17.288,27.504,forecast
MEF-0046,Marrakech-Safi,ministry_hq,arid,2036,22.773,19.413,25.957,17.878,27.484,forecast
MEF-0046,Marrakech-Safi,ministry_hq,arid,2037,23.097,19.632,26.416,17.522,27.906,forecast
MEF-0046,Marrakech-Safi,ministry_hq,arid,2038,23.518,20.448,27.077,18.879,28.84,forecast
MEF-0046,Marrakech-Safi,ministry_hq,arid,2039,23.937,20.755,27.141,18.618,28.544,forecast
MEF-0047,Marrakech-Safi,regional_office,arid,2025,4.102,0.729,7.368,0.1,9.011,forecast
MEF-0047,Marrakech-Safi,regional_office,arid,2026,4.359,0.855,7.609,0.1,9.384,forecast
MEF-0047,Marrakech-Safi,regional_office,arid,2027,4.588,1.206,7.688,0.1,9.37,forecast
MEF-0047,Marrakech-Safi,regional_office,arid,2028,4.898,2.09,8.245,0.462,10.232,forecast
MEF-0047,Marrakech-Safi,regional_office,arid,2029,5.161,1.769,8.316,0.146,9.923,forecast
MEF-0047,Marrakech-Safi,regional_office,arid,2030,5.433,2.014,8.712,0.243,10.426,forecast
MEF-0047,Marrakech-Safi,regional_office,arid,2031,5.855,2.389,9.205,0.874,11.033,forecast
MEF-0047,Marrakech-Safi,regional_office,arid,2032,6.19,2.955,9.355,1.174,10.958,forecast
MEF-0047,Marrakech-Safi,regional_office,arid,2033,6.51,3.098,9.689,1.594,11.221,forecast
MEF-0047,Marrakech-Safi,regional_office,arid,2034,6.869,3.873,10.044,2.339,11.536,forecast
MEF-0047,Marrakech-Safi,regional_office,arid,2035,7.183,4.053,10.329,2.294,11.975,forecast
MEF-0047,Marrakech-Safi,regional_office,arid,2036,7.55,4.431,10.856,2.742,12.474,forecast
MEF-0047,Marrakech-Safi,regional_office,arid,2037,7.992,4.778,11.437,3.084,13.093,forecast
MEF-0047,Marrakech-Safi,regional_office,arid,2038,8.399,5.148,11.773,3.525,13.553,forecast
MEF-0047,Marrakech-Safi,regional_office,arid,2039,8.8,5.669,12.154,4.013,14.057,forecast
MEF-0048,Marrakech-Safi,regional_office,arid,2025,6.467,3.251,9.656,1.817,11.333,forecast
MEF-0048,Marrakech-Safi,regional_office,arid,2026,6.706,3.678,10.111,1.774,12.18,forecast
MEF-0048,Marrakech-Safi,regional_office,arid,2027,6.986,3.697,10.358,1.827,12.082,forecast
MEF-0048,Marrakech-Safi,regional_office,arid,2028,7.294,4.046,10.585,2.355,12.51,forecast
MEF-0048,Marrakech-Safi,regional_office,arid,2029,7.621,4.677,11.129,2.95,12.789,forecast
MEF-0048,Marrakech-Safi,regional_office,arid,2030,7.856,4.64,10.912,2.967,12.754,forecast
MEF-0048,Marrakech-Safi,regional_office,arid,2031,8.244,5.167,11.479,3.573,13.198,forecast
MEF-0048,Marrakech-Safi,regional_office,arid,2032,8.527,5.228,11.89,3.701,13.853,forecast
MEF-0048,Marrakech-Safi,regional_office,arid,2033,8.901,5.525,11.954,3.839,13.567,forecast
MEF-0048,Marrakech-Safi,regional_office,arid,2034,9.278,6.072,12.366,4.159,14.22,forecast
MEF-0048,Marrakech-Safi,regional_office,arid,2035,9.622,6.27,12.833,4.549,14.634,forecast
MEF-0048,Marrakech-Safi,regional_office,arid,2036,10.026,6.768,13.454,4.64,14.987,forecast
MEF-0048,Marrakech-Safi,regional_office,arid,2037,10.362,7.211,13.492,5.459,15.271,forecast
MEF-0048,Marrakech-Safi,regional_office,arid,2038,10.752,7.504,14.08,5.538,15.654,forecast
MEF-0048,Marrakech-Safi,regional_office,arid,2039,11.231,8.235,14.364,6.962,15.81,forecast
MEF-0049,Marrakech-Safi,regional_office,arid,2025,4.372,1.149,7.697,0.1,9.377,forecast
MEF-0049,Marrakech-Safi,regional_office,arid,2026,4.563,1.259,7.781,0.1,9.39,forecast
MEF-0049,Marrakech-Safi,regional_office,arid,2027,4.859,1.699,8.038,0.1,9.445,forecast
MEF-0049,Marrakech-Safi,regional_office,arid,2028,5.169,1.778,8.525,0.1,10.18,forecast
MEF-0049,Marrakech-Safi,regional_office,arid,2029,5.505,2.276,8.905,0.445,10.536,forecast
MEF-0049,Marrakech-Safi,regional_office,arid,2030,5.712,2.701,8.936,0.607,10.328,forecast
MEF-0049,Marrakech-Safi,regional_office,arid,2031,6.038,2.647,9.061,0.835,11.145,forecast
MEF-0049,Marrakech-Safi,regional_office,arid,2032,6.349,3.107,9.548,1.406,11.382,forecast
MEF-0049,Marrakech-Safi,regional_office,arid,2033,6.749,3.493,9.939,1.685,11.569,forecast
MEF-0049,Marrakech-Safi,regional_office,arid,2034,7.051,3.647,10.201,2.216,11.948,forecast
MEF-0049,Marrakech-Safi,regional_office,arid,2035,7.506,4.341,10.777,2.562,12.399,forecast
MEF-0049,Marrakech-Safi,regional_office,arid,2036,7.842,4.64,10.918,3.057,12.438,forecast
MEF-0049,Marrakech-Safi,regional_office,arid,2037,8.229,5.153,11.456,3.297,13.213,forecast
MEF-0049,Marrakech-Safi,regional_office,arid,2038,8.647,5.463,12.102,3.955,13.727,forecast
MEF-0049,Marrakech-Safi,regional_office,arid,2039,9.057,5.875,12.135,4.101,13.723,forecast
MEF-0050,Marrakech-Safi,annex,arid,2025,4.022,0.594,7.118,0.1,8.856,forecast
MEF-0050,Marrakech-Safi,annex,arid,2026,4.235,1.193,7.504,0.1,9.071,forecast
MEF-0050,Marrakech-Safi,annex,arid,2027,4.553,1.19,7.711,0.1,9.806,forecast
MEF-0050,Marrakech-Safi,annex,arid,2028,4.84,1.483,7.961,0.1,9.625,forecast
MEF-0050,Marrakech-Safi,annex,arid,2029,5.099,1.914,8.406,0.239,9.859,forecast
MEF-0050,Marrakech-Safi,annex,arid,2030,5.446,2.288,8.982,0.98,10.604,forecast
MEF-0050,Marrakech-Safi,annex,arid,2031,5.751,2.337,8.907,0.989,10.262,forecast
MEF-0050,Marrakech-Safi,annex,arid,2032,6.067,2.702,9.191,1.252,11.111,forecast
MEF-0050,Marrakech-Safi,annex,arid,2033,6.49,3.473,9.636,1.62,11.333,forecast
MEF-0050,Marrakech-Safi,annex,arid,2034,6.792,3.827,10.011,1.969,11.521,forecast
MEF-0050,Marrakech-Safi,annex,arid,2035,7.095,3.841,10.423,2.19,12.311,forecast
MEF-0050,Marrakech-Safi,annex,arid,2036,7.452,4.095,10.503,2.43,12.087,forecast
MEF-0050,Marrakech-Safi,annex,arid,2037,7.935,4.705,11.095,2.983,12.93,forecast
MEF-0050,Marrakech-Safi,annex,arid,2038,8.256,5.127,11.518,3.692,13.301,forecast
MEF-0050,Marrakech-Safi,annex,arid,2039,8.72,5.528,11.804,3.711,13.338,forecast
MEF-0051,Marrakech-Safi,annex,arid,2025,3.203,0.1,6.183,0.1,7.743,forecast
MEF-0051,Marrakech-Safi,annex,arid,2026,3.379,0.153,6.665,0.1,8.506,forecast
MEF-0051,Marrakech-Safi,annex,arid,2027,3.746,0.482,7.047,0.1,9.038,forecast
MEF-0051,Marrakech-Safi,annex,arid,2028,3.984,0.781,7.343,0.1,8.743,forecast
MEF-0051,Marrakech-Safi,annex,arid,2029,4.276,1.201,7.538,0.1,9.504,forecast
MEF-0051,Marrakech-Safi,annex,arid,2030,4.57,1.485,7.936,0.1,9.862,forecast
MEF-0051,Marrakech-Safi,annex,arid,2031,4.953,1.701,8.207,0.148,9.877,forecast
MEF-0051,Marrakech-Safi,annex,arid,2032,5.264,2.002,8.327,0.272,9.967,forecast
MEF-0051,Marrakech-Safi,annex,arid,2033,5.577,2.167,8.635,0.661,10.323,forecast
MEF-0051,Marrakech-Safi,annex,arid,2034,5.898,2.782,9.04,1.099,11.01,forecast
MEF-0051,Marrakech-Safi,annex,arid,2035,6.259,2.914,9.296,1.129,11.23,forecast
MEF-0051,Marrakech-Safi,annex,arid,2036,6.648,3.35,9.834,2.275,11.325,forecast
MEF-0051,Marrakech-Safi,annex,arid,2037,7.026,3.7,10.507,2.332,12.26,forecast
MEF-0051,Marrakech-Safi,annex,arid,2038,7.447,4.154,10.45,2.343,12.1,forecast
MEF-0051,Marrakech-Safi,annex,arid,2039,7.916,4.659,10.998,2.993,12.783,forecast
MEF-0052,Souss-Massa,regional_office,arid,2025,5.918,2.876,8.973,1.076,11.021,forecast
MEF-0052,Souss-Massa,regional_office,arid,2026,6.316,3.352,9.673,1.73,11.061,forecast
MEF-0052,Souss-Massa,regional_office,arid,2027,6.437,3.105,9.422,1.369,11.027,forecast
MEF-0052,Souss-Massa,regional_office,arid,2028,6.797,3.608,10.058,2.015,11.865,forecast
MEF-0052,Souss-Massa,regional_office,arid,2029,7.183,4.216,10.852,2.591,12.538,forecast
MEF-0052,Souss-Massa,regional_office,arid,2030,7.36,4.214,10.466,2.676,12.252,forecast
MEF-0052,Souss-Massa,regional_office,arid,2031,7.693,4.461,10.987,2.892,12.447,forecast
MEF-0052,Souss-Massa,regional_office,arid,2032,8.112,4.94,11.661,3.242,13.544,forecast
MEF-0052,Souss-Massa,regional_office,arid,2033,8.319,5.205,11.272,3.732,13.005,forecast
MEF-0052,Souss-Massa,regional_office,arid,2034,8.718,5.51,11.701,4.04,13.591,forecast
MEF-0052,Souss-Massa,regional_office,arid,2035,9.048,5.713,11.974,4.258,13.624,forecast
MEF-0052,Souss-Massa,regional_office,arid,2036,9.358,6.076,12.586,4.422,14.15,forecast
MEF-0052,Souss-Massa,regional_office,arid,2037,9.872,6.556,13.083,4.427,14.679,forecast
MEF-0052,Souss-Massa,regional_office,arid,2038,10.209,7.095,13.35,5.241,15.006,forecast
MEF-0052,Souss-Massa,regional_office,arid,2039,10.669,7.343,13.828,5.422,15.291,forecast
MEF-0053,Souss-Massa,annex,arid,2025,2.907,0.1,6.186,0.1,7.585,forecast
MEF-0053,Souss-Massa,annex,arid,2026,3.162,0.1,6.1,0.1,7.534,forecast
MEF-0053,Souss-Massa,annex,arid,2027,3.45,0.128,6.703,0.1,8.613,forecast
MEF-0053,Souss-Massa,annex,arid,2028,3.613,0.602,7.139,0.1,8.933,forecast
MEF-0053,Souss-Massa,annex,arid,2029,3.978,0.684,7.359,0.1,9.228,forecast
MEF-0053,Souss-Massa,annex,arid,2030,4.31,1.198,7.458,0.1,9.388,forecast
MEF-0053,Souss-Massa,annex,arid,2031,4.581,1.319,8.238,0.1,9.796,forecast
MEF-0053,Souss-Massa,annex,arid,2032,4.916,1.661,8.174,0.1,9.736,forecast
MEF-0053,Souss-Massa,annex,arid,2033,5.237,2.067,8.74,0.711,10.386,forecast
MEF-0053,Souss-Massa,annex,arid,2034,5.611,2.614,8.635,0.705,10.635,forecast
MEF-0053,Souss-Massa,annex,arid,2035,5.966,2.84,9.201,1.121,11.012,forecast
MEF-0053,Souss-Massa,annex,arid,2036,6.303,3.255,9.654,1.578,11.346,forecast
MEF-0053,Souss-Massa,annex,arid,2037,6.706,3.186,9.939,1.667,11.754,forecast
MEF-0053,Souss-Massa,annex,arid,2038,7.101,3.857,10.235,2.006,12.133,forecast
MEF-0053,Souss-Massa,annex,arid,2039,7.555,4.74,10.792,2.788,12.448,forecast
MEF-0054,Souss-Massa,regional_office,arid,2025,1.034,0.1,4.331,0.1,5.911,forecast
MEF-0054,Souss-Massa,regional_office,arid,2026,1.311,0.1,4.365,0.1,6.027,forecast
MEF-0054,Souss-Massa,regional_office,arid,2027,1.523,0.1,4.805,0.1,6.635,forecast
MEF-0054,Souss-Massa,regional_office,arid,2028,1.876,0.1,5.414,0.1,7.229,forecast
MEF-0054,Souss-Massa,regional_office,arid,2029,2.161,0.1,5.106,0.1,6.963,forecast
MEF-0054,Souss-Massa,regional_office,arid,2030,2.518,0.1,5.661,0.1,7.04,forecast
MEF-0054,Souss-Massa,regional_office,arid,2031,2.807,0.1,5.853,0.1,7.885,forecast
MEF-0054,Souss-Massa,regional_office,arid,2032,3.118,0.1,6.339,0.1,7.625,forecast
MEF-0054,Souss-Massa,regional_office,arid,2033,3.452,0.578,6.764,0.1,8.593,forecast
MEF-0054,Souss-Massa,regional_office,arid,2034,3.787,0.407,6.962,0.1,8.609,forecast
MEF-0054,Souss-Massa,regional_office,arid,2035,4.164,0.842,7.439,0.1,8.942,forecast
MEF-0054,Souss-Massa,regional_office,arid,2036,4.491,1.132,7.889,0.1,9.728,forecast
MEF-0054,Souss-Massa,regional_office,arid,2037,4.91,1.738,8.3,0.1,9.621,forecast
MEF-0054,Souss-Massa,regional_office,arid,2038,5.354,2.142,8.554,0.278,10.204,forecast
MEF-0054,Souss-Massa,regional_office,arid,2039,5.711,2.702,8.814,0.916,10.624,forecast
MEF-0055,Souss-Massa,regional_office,arid,2025,6.613,3.455,9.662,1.633,11.403,forecast
MEF-0055,Souss-Massa,regional_office,arid,2026,6.913,3.507,10.235,1.98,11.991,forecast
MEF-0055,Souss-Massa,regional_office,arid,2027,7.187,3.798,10.525,2.251,11.847,forecast
MEF-0055,Souss-Massa,regional_office,arid,2028,7.46,4.475,10.688,1.957,12.482,forecast
MEF-0055,Souss-Massa,regional_office,arid,2029,7.781,4.572,10.961,2.977,12.389,forecast
MEF-0055,Souss-Massa,regional_office,arid,2030,8.051,4.741,11.483,3.12,12.998,forecast
MEF-0055,Souss-Massa,regional_office,arid,2031,8.363,5.05,11.269,3.387,13.274,forecast
MEF-0055,Souss-Massa,regional_office,arid,2032,8.685,5.212,12.061,3.813,13.682,forecast
MEF-0055,Souss-Massa,regional_office,arid,2033,9.107,6.066,12.204,4.121,13.72,forecast
MEF-0055,Souss-Massa,regional_office,arid,2034,9.352,5.985,13.142,4.319,14.636,forecast
MEF-0055,Souss-Massa,regional_office,arid,2035,9.684,6.346,13.003,4.382,15.067,forecast
MEF-0055,Souss-Massa,regional_office,arid,2036,10.106,7.162,13.323,4.927,15.228,forecast
MEF-0055,Souss-Massa,regional_office,arid,2037,10.523,7.273,13.705,5.579,15.53,forecast
MEF-0055,Souss-Massa,regional_office,arid,2038,10.859,7.491,14.462,5.753,16.075,forecast
MEF-0055,Souss-Massa,regional_office,arid,2039,11.295,8.081,14.644,6.383,16.41,forecast
MEF-0056,Souss-Massa,ministry_hq,arid,2025,9.822,6.848,13.206,5.158,14.902,forecast
MEF-0056,Souss-Massa,ministry_hq,arid,2026,10.071,6.78,13.278,5.181,14.63,forecast
MEF-0056,Souss-Massa,ministry_hq,arid,2027,10.282,6.862,13.622,5.002,14.867,forecast
MEF-0056,Souss-Massa,ministry_hq,arid,2028,10.623,7.449,13.66,5.781,15.617,forecast
MEF-0056,Souss-Massa,ministry_hq,arid,2029,10.95,7.551,14.128,5.769,15.85,forecast
MEF-0056,Souss-Massa,ministry_hq,arid,2030,11.277,7.82,14.262,6.341,16.068,forecast
MEF-0056,Souss-Massa,ministry_hq,arid,2031,11.576,8.427,14.825,7.319,16.363,forecast
MEF-0056,Souss-Massa,ministry_hq,arid,2032,11.876,8.692,15.31,7.169,16.883,forecast
MEF-0056,Souss-Massa,ministry_hq,arid,2033,12.24,9.245,15.448,7.666,17.415,forecast
MEF-0056,Souss-Massa,ministry_hq,arid,2034,12.62,9.384,15.99,7.759,17.345,forecast
MEF-0056,Souss-Massa,ministry_hq,arid,2035,12.931,9.775,16.348,8.209,17.859,forecast
MEF-0056,Souss-Massa,ministry_hq,arid,2036,13.371,10.617,16.552,8.976,18.029,forecast
MEF-0056,Souss-Massa,ministry_hq,arid,2037,13.674,10.265,16.603,8.557,18.265,forecast
MEF-0056,Souss-Massa,ministry_hq,arid,2038,14.12,10.892,17.134,9.156,18.47,forecast
MEF-0056,Souss-Massa,ministry_hq,arid,2039,14.539,11.221,17.709,9.937,19.405,forecast
MEF-0057,Souss-Massa,annex,arid,2025,0.362,0.1,3.7,0.1,4.976,forecast
MEF-0057,Souss-Massa,annex,arid,2026,0.62,0.1,3.693,0.1,5.703,forecast
MEF-0057,Souss-Massa,annex,arid,2027,0.899,0.1,4.039,0.1,5.913,forecast
MEF-0057,Souss-Massa,annex,arid,2028,1.18,0.1,4.215,0.1,5.857,forecast
MEF-0057,Souss-Massa,annex,arid,2029,1.444,0.1,4.695,0.1,6.035,forecast
MEF-0057,Souss-Massa,annex,arid,2030,1.793,0.1,4.815,0.1,6.237,forecast
MEF-0057,Souss-Massa,annex,arid,2031,2.146,0.1,5.498,0.1,7.245,forecast
MEF-0057,Souss-Massa,annex,arid,2032,2.463,0.1,5.69,0.1,7.267,forecast
MEF-0057,Souss-Massa,annex,arid,2033,2.808,0.1,5.975,0.1,7.389,forecast
MEF-0057,Souss-Massa,annex,arid,2034,3.089,0.1,6.386,0.1,8.197,forecast
MEF-0057,Souss-Massa,annex,arid,2035,3.479,0.117,6.768,0.1,8.416,forecast
MEF-0057,Souss-Massa,annex,arid,2036,3.84,0.762,7.424,0.1,8.819,forecast
MEF-0057,Souss-Massa,annex,arid,2037,4.272,1.05,7.753,0.1,9.228,forecast
MEF-0057,Souss-Massa,annex,arid,2038,4.666,1.525,7.734,0.1,9.327,forecast
MEF-0057,Souss-Massa,annex,arid,2039,5.013,2.0,8.363,0.373,10.004,forecast
