building_id,year,region,building_type,climate_zone,tenure,surface_m2,build_year,building_age,occupancy_rate,headcount,energy_cost_kmad,regulatory_status,urban_factor,cost_per_m2,sqm_per_person,is_underutilised,is_aging,risk_score
MEF-0001,2005,Rabat-Salé-Kénitra,ministry_hq,coastal,owned,3011,2019,0,0.7807,166,1.92,compliant,1.1,0.64,18.1,False,False,0.077
MEF-0001,2006,Rabat-Salé-Kénitra,ministry_hq,coastal,owned,3011,2019,1,0.773,164,1.88,compliant,1.1,0.62,18.4,False,False,0.084
MEF-0001,2007,Rabat-Salé-Kénitra,ministry_hq,coastal,owned,3011,2019,2,0.7634,166,2.01,partial,1.1,0.67,18.1,False,False,0.242
MEF-0001,2008,Rabat-Salé-Kénitra,ministry_hq,coastal,owned,3011,2019,3,0.7613,162,1.95,compliant,1.1,0.65,18.6,False,False,0.097
MEF-0001,2009,Rabat-Salé-Kénitra,ministry_hq,coastal,owned,3011,2019,4,0.7654,161,2.14,compliant,1.1,0.71,18.7,False,False,0.1
MEF-0001,2010,Rabat-Salé-Kénitra,ministry_hq,coastal,owned,3011,2019,5,0.7516,162,2.21,compliant,1.1,0.73,18.6,False,False,0.109
MEF-0001,2011,Rabat-Salé-Kénitra,ministry_hq,coastal,owned,3011,2019,6,0.7542,159,2.41,partial,1.1,0.8,18.9,False,False,0.262
MEF-0001,2012,Rabat-Salé-Kénitra,ministry_hq,coastal,owned,3011,2019,7,0.7536,160,2.59,compliant,1.1,0.86,18.8,False,False,0.117
MEF-0001,2013,Rabat-Salé-Kénitra,ministry_hq,coastal,owned,3011,2019,8,0.7741,160,2.65,compliant,1.1,0.88,18.8,False,False,0.114
MEF-0001,2014,Rabat-Salé-Kénitra,ministry_hq,coastal,owned,3011,2019,9,0.7722,160,2.72,compliant,1.1,0.9,18.8,False,False,0.119
MEF-0001,2015,Rabat-Salé-Kénitra,ministry_hq,coastal,owned,3011,2019,10,0.7628,160,2.66,compliant,1.1,0.88,18.8,False,False,0.127
MEF-0001,2016,Rabat-Salé-Kénitra,ministry_hq,coastal,owned,3011,2019,11,0.7972,157,2.85,compliant,1.1,0.95,19.2,False,False,0.119
MEF-0001,2017,Rabat-Salé-Kénitra,ministry_hq,coastal,owned,3011,2019,12,0.7607,154,3.03,compliant,1.1,1.01,19.6,False,False,0.136
MEF-0001,2018,Rabat-Salé-Kénitra,ministry_hq,coastal,owned,3011,2019,13,0.7809,154,3.24,compliant,1.1,1.08,19.6,False,False,0.134
MEF-0001,2019,Rabat-Salé-Kénitra,ministry_hq,coastal,owned,3011,2019,14,0.7949,155,3.5,compliant,1.1,1.16,19.4,False,False,0.133
MEF-0001,2020,Rabat-Salé-Kénitra,ministry_hq,coastal,owned,3011,2019,15,0.6551,155,3.02,compliant,1.1,1.0,19.4,False,False,0.186
MEF-0001,2021,Rabat-Salé-Kénitra,ministry_hq,coastal,owned,3011,2019,16,0.7257,156,3.44,compliant,1.1,1.14,19.3,False,False,0.166
MEF-0001,2022,Rabat-Salé-Kénitra,ministry_hq,coastal,owned,3011,2019,17,0.7325,154,3.36,compliant,1.1,1.12,19.6,False,False,0.168
MEF-0001,2023,Rabat-Salé-Kénitra,ministry_hq,coastal,owned,3011,2019,18,0.7256,155,3.82,compliant,1.1,1.27,19.4,False,False,0.175
MEF-0001,2024,Rabat-Salé-Kénitra,ministry_hq,coastal,owned,3011,2019,19,0.7049,154,3.72,compliant,1.1,1.24,19.6,False,False,0.186
MEF-0002,2005,Rabat-Salé-Kénitra,annex,coastal,owned,802,1996,9,0.4913,55,0.5,compliant,1.1,0.62,14.6,True,False,0.217
MEF-0002,2006,Rabat-Salé-Kénitra,annex,coastal,owned,802,1996,10,0.511,55,0.5,compliant,1.1,0.62,14.6,False,False,0.215
MEF-0002,2007,Rabat-Salé-Kénitra,annex,coastal,owned,802,1996,11,0.5291,55,0.5,partial,1.1,0.62,14.6,False,False,0.363
MEF-0002,2008,Rabat-Salé-Kénitra,annex,coastal,owned,802,1996,12,0.5211,55,0.5,compliant,1.1,0.62,14.6,False,False,0.22
MEF-0002,2009,Rabat-Salé-Kénitra,annex,coastal,owned,802,1996,13,0.5196,55,0.5,non_compliant,1.1,0.62,14.6,False,False,0.525
MEF-0002,2010,Rabat-Salé-Kénitra,annex,coastal,owned,802,1996,14,0.5418,56,0.5,compliant,1.1,0.62,14.3,False,False,0.222
MEF-0002,2011,Rabat-Salé-Kénitra,annex,coastal,owned,802,1996,15,0.5161,55,0.5,compliant,1.1,0.62,14.6,False,False,0.235
MEF-0002,2012,Rabat-Salé-Kénitra,annex,coastal,owned,802,1996,16,0.5222,55,0.55,non_compliant,1.1,0.69,14.6,False,False,0.537
MEF-0002,2013,Rabat-Salé-Kénitra,annex,coastal,owned,802,1996,17,0.5578,56,0.52,partial,1.1,0.65,14.3,False,False,0.379
MEF-0002,2014,Rabat-Salé-Kénitra,annex,coastal,owned,802,1996,18,0.5931,56,0.63,non_compliant,1.1,0.79,14.3,False,False,0.521
MEF-0002,2015,Rabat-Salé-Kénitra,annex,coastal,owned,802,1996,19,0.558,55,0.6,compliant,1.1,0.75,14.6,False,False,0.238
MEF-0002,2016,Rabat-Salé-Kénitra,annex,coastal,owned,802,1996,20,0.5442,56,0.61,compliant,1.1,0.76,14.3,False,False,0.247
MEF-0002,2017,Rabat-Salé-Kénitra,annex,coastal,owned,802,1996,21,0.5472,55,0.66,compliant,1.1,0.82,14.6,False,False,0.25
MEF-0002,2018,Rabat-Salé-Kénitra,annex,coastal,owned,802,1996,22,0.5233,55,0.63,non_compliant,1.1,0.79,14.6,False,False,0.563
MEF-0002,2019,Rabat-Salé-Kénitra,annex,coastal,owned,802,1996,23,0.5113,55,0.6,compliant,1.1,0.75,14.6,False,False,0.272
MEF-0002,2020,Rabat-Salé-Kénitra,annex,coastal,owned,802,1996,24,0.3888,54,0.5,compliant,1.1,0.62,14.9,True,False,0.319
MEF-0002,2021,Rabat-Salé-Kénitra,annex,coastal,owned,802,1996,25,0.4643,55,0.67,compliant,1.1,0.84,14.6,True,False,0.297
MEF-0002,2022,Rabat-Salé-Kénitra,annex,coastal,owned,802,1996,26,0.4636,56,0.7,compliant,1.1,0.87,14.3,True,False,0.301
MEF-0002,2023,Rabat-Salé-Kénitra,annex,coastal,owned,802,1996,27,0.4676,56,0.69,compliant,1.1,0.86,14.3,True,False,0.304
MEF-0002,2024,Rabat-Salé-Kénitra,annex,coastal,owned,802,1996,28,0.477,55,0.76,compliant,1.1,0.95,14.6,True,False,0.306
MEF-0003,2005,Rabat-Salé-Kénitra,annex,coastal,leased,655,2014,0,0.4856,51,0.5,compliant,1.1,0.76,12.8,True,False,0.18
MEF-0003,2006,Rabat-Salé-Kénitra,annex,coastal,leased,655,2014,1,0.5107,50,0.5,compliant,1.1,0.76,13.1,False,False,0.176
MEF-0003,2007,Rabat-Salé-Kénitra,annex,coastal,leased,655,2014,2,0.4953,50,0.5,compliant,1.1,0.76,13.1,True,False,0.185
MEF-0003,2008,Rabat-Salé-Kénitra,annex,coastal,leased,655,2014,3,0.4768,49,0.5,compliant,1.1,0.76,13.4,True,False,0.196
MEF-0003,2009,Rabat-Salé-Kénitra,annex,coastal,leased,655,2014,4,0.4928,49,0.5,compliant,1.1,0.76,13.4,True,False,0.195
MEF-0003,2010,Rabat-Salé-Kénitra,annex,coastal,leased,655,2014,5,0.4848,49,0.5,compliant,1.1,0.76,13.4,True,False,0.202
MEF-0003,2011,Rabat-Salé-Kénitra,annex,coastal,leased,655,2014,6,0.4924,49,0.5,compliant,1.1,0.76,13.4,True,False,0.204
MEF-0003,2012,Rabat-Salé-Kénitra,annex,coastal,leased,655,2014,7,0.4793,50,0.5,compliant,1.1,0.76,13.1,True,False,0.213
MEF-0003,2013,Rabat-Salé-Kénitra,annex,coastal,leased,655,2014,8,0.447,49,0.5,compliant,1.1,0.76,13.4,True,False,0.229
MEF-0003,2014,Rabat-Salé-Kénitra,annex,coastal,leased,655,2014,9,0.4555,49,0.5,compliant,1.1,0.76,13.4,True,False,0.23
MEF-0003,2015,Rabat-Salé-Kénitra,annex,coastal,leased,655,2014,10,0.4278,49,0.5,compliant,1.1,0.76,13.4,True,False,0.244
MEF-0003,2016,Rabat-Salé-Kénitra,annex,coastal,leased,655,2014,11,0.4187,48,0.5,compliant,1.1,0.76,13.6,True,False,0.252
MEF-0003,2017,Rabat-Salé-Kénitra,annex,coastal,leased,655,2014,12,0.4058,48,0.5,compliant,1.1,0.76,13.6,True,False,0.26
MEF-0003,2018,Rabat-Salé-Kénitra,annex,coastal,leased,655,2014,13,0.4095,47,0.5,compliant,1.1,0.76,13.9,True,False,0.264
MEF-0003,2019,Rabat-Salé-Kénitra,annex,coastal,leased,655,2014,14,0.3997,46,0.5,partial,1.1,0.76,14.2,True,False,0.421
MEF-0003,2020,Rabat-Salé-Kénitra,annex,coastal,leased,655,2014,15,0.2777,47,0.5,compliant,1.1,0.76,13.9,True,False,0.318
MEF-0003,2021,Rabat-Salé-Kénitra,annex,coastal,leased,655,2014,16,0.3001,47,0.5,compliant,1.1,0.76,13.9,True,False,0.315
MEF-0003,2022,Rabat-Salé-Kénitra,annex,coastal,leased,655,2014,17,0.3365,47,0.5,partial,1.1,0.76,13.9,True,False,0.457
MEF-0003,2023,Rabat-Salé-Kénitra,annex,coastal,leased,655,2014,18,0.3153,46,0.5,compliant,1.1,0.76,14.2,True,False,0.318
MEF-0003,2024,Rabat-Salé-Kénitra,annex,coastal,leased,655,2014,19,0.3373,46,0.5,compliant,1.1,0.76,14.2,True,False,0.315
MEF-0004,2005,Rabat-Salé-Kénitra,ministry_hq,coastal,leased,11527,2005,0,0.7977,868,6.73,compliant,1.1,0.58,13.3,False,False,0.071
MEF-0004,2006,Rabat-Salé-Kénitra,ministry_hq,coastal,leased,11527,2005,1,0.8165,859,7.96,compliant,1.1,0.69,13.4,False,False,0.069
MEF-0004,2007,Rabat-Salé-Kénitra,ministry_hq,coastal,leased,11527,2005,2,0.8205,870,8.1,compliant,1.1,0.7,13.2,False,False,0.072
MEF-0004,2008,Rabat-Salé-Kénitra,ministry_hq,coastal,leased,11527,2005,3,0.7928,875,8.31,compliant,1.1,0.72,13.2,False,False,0.086
MEF-0004,2009,Rabat-Salé-Kénitra,ministry_hq,coastal,leased,11527,2005,4,0.7994,875,8.48,compliant,1.1,0.74,13.2,False,False,0.088
MEF-0004,2010,Rabat-Salé-Kénitra,ministry_hq,coastal,leased,11527,2005,5,0.8199,876,9.33,compliant,1.1,0.81,13.2,False,False,0.085
MEF-0004,2011,Rabat-Salé-Kénitra,ministry_hq,coastal,leased,11527,2005,6,0.8353,868,9.64,compliant,1.1,0.84,13.3,False,False,0.084
MEF-0004,2012,Rabat-Salé-Kénitra,ministry_hq,coastal,leased,11527,2005,7,0.8239,857,9.88,compliant,1.1,0.86,13.5,False,False,0.092
MEF-0004,2013,Rabat-Salé-Kénitra,ministry_hq,coastal,leased,11527,2005,8,0.7996,839,9.86,compliant,1.1,0.86,13.7,False,False,0.105
MEF-0004,2014,Rabat-Salé-Kénitra,ministry_hq,coastal,leased,11527,2005,9,0.7937,838,11.24,compliant,1.1,0.98,13.8,False,False,0.112
MEF-0004,2015,Rabat-Salé-Kénitra,ministry_hq,coastal,leased,11527,2005,10,0.8523,836,12.04,partial,1.1,1.04,13.8,False,False,0.245
MEF-0004,2016,Rabat-Salé-Kénitra,ministry_hq,coastal,leased,11527,2005,11,0.8243,840,12.07,compliant,1.1,1.05,13.7,False,False,0.11
MEF-0004,2017,Rabat-Salé-Kénitra,ministry_hq,coastal,leased,11527,2005,12,0.8091,850,11.82,compliant,1.1,1.03,13.6,False,False,0.119
MEF-0004,2018,Rabat-Salé-Kénitra,ministry_hq,coastal,leased,11527,2005,13,0.8161,839,12.76,partial,1.1,1.11,13.7,False,False,0.271
MEF-0004,2019,Rabat-Salé-Kénitra,ministry_hq,coastal,leased,11527,2005,14,0.8137,832,12.87,compliant,1.1,1.12,13.9,False,False,0.126
MEF-0004,2020,Rabat-Salé-Kénitra,ministry_hq,coastal,leased,11527,2005,15,0.6901,812,11.62,partial,1.1,1.01,14.2,False,False,0.324
MEF-0004,2021,Rabat-Salé-Kénitra,ministry_hq,coastal,leased,11527,2005,16,0.7767,817,13.24,compliant,1.1,1.15,14.1,False,False,0.148
MEF-0004,2022,Rabat-Salé-Kénitra,ministry_hq,coastal,leased,11527,2005,17,0.7613,822,15.12,compliant,1.1,1.31,14.0,False,False,0.158
MEF-0004,2023,Rabat-Salé-Kénitra,ministry_hq,coastal,leased,11527,2005,18,0.7611,811,14.37,compliant,1.1,1.25,14.2,False,False,0.162
MEF-0004,2024,Rabat-Salé-Kénitra,ministry_hq,coastal,leased,11527,2005,19,0.7648,809,14.99,partial,1.1,1.3,14.2,False,False,0.315
MEF-0005,2005,Rabat-Salé-Kénitra,regional_office,coastal,owned,2337,2019,0,0.6578,119,1.27,non_compliant,1.1,0.54,19.6,False,False,0.42
MEF-0005,2006,Rabat-Salé-Kénitra,regional_office,coastal,owned,2337,2019,1,0.6799,118,1.32,compliant,1.1,0.56,19.8,False,False,0.116
MEF-0005,2007,Rabat-Salé-Kénitra,regional_office,coastal,owned,2337,2019,2,0.6838,119,1.4,non_compliant,1.1,0.6,19.6,False,False,0.419
MEF-0005,2008,Rabat-Salé-Kénitra,regional_office,coastal,owned,2337,2019,3,0.675,119,1.45,compliant,1.1,0.62,19.6,False,False,0.127
MEF-0005,2009,Rabat-Salé-Kénitra,regional_office,coastal,owned,2337,2019,4,0.7045,121,1.51,partial,1.1,0.65,19.3,False,False,0.271
MEF-0005,2010,Rabat-Salé-Kénitra,regional_office,coastal,owned,2337,2019,5,0.7084,123,1.54,compliant,1.1,0.66,19.0,False,False,0.124
MEF-0005,2011,Rabat-Salé-Kénitra,regional_office,coastal,owned,2337,2019,6,0.7113,123,1.61,partial,1.1,0.69,19.0,False,False,0.277
MEF-0005,2012,Rabat-Salé-Kénitra,regional_office,coastal,owned,2337,2019,7,0.7257,123,1.81,compliant,1.1,0.77,19.0,False,False,0.127
MEF-0005,2013,Rabat-Salé-Kénitra,regional_office,coastal,owned,2337,2019,8,0.7422,123,1.89,compliant,1.1,0.81,19.0,False,False,0.125
MEF-0005,2014,Rabat-Salé-Kénitra,regional_office,coastal,owned,2337,2019,9,0.7566,123,1.87,compliant,1.1,0.8,19.0,False,False,0.125
MEF-0005,2015,Rabat-Salé-Kénitra,regional_office,coastal,owned,2337,2019,10,0.7321,122,2.11,compliant,1.1,0.9,19.2,False,False,0.138
MEF-0005,2016,Rabat-Salé-Kénitra,regional_office,coastal,owned,2337,2019,11,0.7205,122,2.02,partial,1.1,0.86,19.2,False,False,0.296
MEF-0005,2017,Rabat-Salé-Kénitra,regional_office,coastal,owned,2337,2019,12,0.7085,122,2.07,partial,1.1,0.89,19.2,False,False,0.305
MEF-0005,2018,Rabat-Salé-Kénitra,regional_office,coastal,owned,2337,2019,13,0.6944,124,2.22,compliant,1.1,0.95,18.8,False,False,0.164
MEF-0005,2019,Rabat-Salé-Kénitra,regional_office,coastal,owned,2337,2019,14,0.6786,123,2.18,partial,1.1,0.93,19.0,False,False,0.324
MEF-0005,2020,Rabat-Salé-Kénitra,regional_office,coastal,owned,2337,2019,15,0.5465,121,1.91,compliant,1.1,0.82,19.3,False,False,0.224
MEF-0005,2021,Rabat-Salé-Kénitra,regional_office,coastal,owned,2337,2019,16,0.6027,120,2.36,compliant,1.1,1.01,19.5,False,False,0.209
MEF-0005,2022,Rabat-Salé-Kénitra,regional_office,coastal,owned,2337,2019,17,0.6117,118,2.28,compliant,1.1,0.98,19.8,False,False,0.21
MEF-0005,2023,Rabat-Salé-Kénitra,regional_office,coastal,owned,2337,2019,18,0.6118,119,2.31,partial,1.1,0.99,19.6,False,False,0.365
MEF-0005,2024,Rabat-Salé-Kénitra,regional_office,coastal,owned,2337,2019,19,0.6042,119,2.51,compliant,1.1,1.07,19.6,False,False,0.222
MEF-0006,2005,Rabat-Salé-Kénitra,regional_office,coastal,owned,2604,2014,0,0.6267,150,1.33,compliant,1.1,0.51,17.4,False,False,0.131
MEF-0006,2006,Rabat-Salé-Kénitra,regional_office,coastal,owned,2604,2014,1,0.6205,147,1.32,compliant,1.1,0.51,17.7,False,False,0.137
MEF-0006,2007,Rabat-Salé-Kénitra,regional_office,coastal,owned,2604,2014,2,0.5826,147,1.34,compliant,1.1,0.51,17.7,False,False,0.155
MEF-0006,2008,Rabat-Salé-Kénitra,regional_office,coastal,owned,2604,2014,3,0.6069,146,1.45,compliant,1.1,0.56,17.8,False,False,0.151
MEF-0006,2009,Rabat-Salé-Kénitra,regional_office,coastal,owned,2604,2014,4,0.5834,149,1.47,compliant,1.1,0.56,17.5,False,False,0.163
MEF-0006,2010,Rabat-Salé-Kénitra,regional_office,coastal,owned,2604,2014,5,0.6299,149,1.65,compliant,1.1,0.63,17.5,False,False,0.151
MEF-0006,2011,Rabat-Salé-Kénitra,regional_office,coastal,owned,2604,2014,6,0.6187,146,1.61,compliant,1.1,0.62,17.8,False,False,0.16
MEF-0006,2012,Rabat-Salé-Kénitra,regional_office,coastal,owned,2604,2014,7,0.626,150,1.77,compliant,1.1,0.68,17.4,False,False,0.162
MEF-0006,2013,Rabat-Salé-Kénitra,regional_office,coastal,owned,2604,2014,8,0.6557,150,1.94,compliant,1.1,0.75,17.4,False,False,0.156
MEF-0006,2014,Rabat-Salé-Kénitra,regional_office,coastal,owned,2604,2014,9,0.6823,149,1.95,partial,1.1,0.75,17.5,False,False,0.301
MEF-0006,2015,Rabat-Salé-Kénitra,regional_office,coastal,owned,2604,2014,10,0.718,148,2.23,compliant,1.1,0.86,17.6,False,False,0.142
MEF-0006,2016,Rabat-Salé-Kénitra,regional_office,coastal,owned,2604,2014,11,0.6904,148,2.32,compliant,1.1,0.89,17.6,False,False,0.156
MEF-0006,2017,Rabat-Salé-Kénitra,regional_office,coastal,owned,2604,2014,12,0.6699,149,2.45,partial,1.1,0.94,17.5,False,False,0.318
MEF-0006,2018,Rabat-Salé-Kénitra,regional_office,coastal,owned,2604,2014,13,0.6739,146,2.48,compliant,1.1,0.95,17.8,False,False,0.171
MEF-0006,2019,Rabat-Salé-Kénitra,regional_office,coastal,owned,2604,2014,14,0.689,147,2.74,partial,1.1,1.05,17.7,False,False,0.32
MEF-0006,2020,Rabat-Salé-Kénitra,regional_office,coastal,owned,2604,2014,15,0.5687,144,2.17,compliant,1.1,0.83,18.1,False,False,0.217
MEF-0006,2021,Rabat-Salé-Kénitra,regional_office,coastal,owned,2604,2014,16,0.5894,147,2.41,non_compliant,1.1,0.93,17.7,False,False,0.514
MEF-0006,2022,Rabat-Salé-Kénitra,regional_office,coastal,owned,2604,2014,17,0.5984,146,2.61,partial,1.1,1.0,17.8,False,False,0.365
MEF-0006,2023,Rabat-Salé-Kénitra,regional_office,coastal,owned,2604,2014,18,0.5951,147,2.37,compliant,1.1,0.91,17.7,False,False,0.22
MEF-0006,2024,Rabat-Salé-Kénitra,regional_office,coastal,owned,2604,2014,19,0.5914,147,2.88,partial,1.1,1.11,17.7,False,False,0.376
MEF-0007,2005,Rabat-Salé-Kénitra,regional_office,coastal,leased,1258,1981,24,0.6526,74,0.86,compliant,1.1,0.68,17.0,False,False,0.227
MEF-0007,2006,Rabat-Salé-Kénitra,regional_office,coastal,leased,1258,1981,25,0.6356,74,0.9,non_compliant,1.1,0.72,17.0,False,False,0.537
MEF-0007,2007,Rabat-Salé-Kénitra,regional_office,coastal,leased,1258,1981,26,0.6216,74,0.88,compliant,1.1,0.7,17.0,False,False,0.246
MEF-0007,2008,Rabat-Salé-Kénitra,regional_office,coastal,leased,1258,1981,27,0.5821,74,0.81,compliant,1.1,0.64,17.0,False,False,0.264
MEF-0007,2009,Rabat-Salé-Kénitra,regional_office,coastal,leased,1258,1981,28,0.5832,73,0.9,compliant,1.1,0.72,17.2,False,False,0.268
MEF-0007,2010,Rabat-Salé-Kénitra,regional_office,coastal,leased,1258,1981,29,0.6284,72,0.96,non_compliant,1.1,0.76,17.5,False,False,0.557
MEF-0007,2011,Rabat-Salé-Kénitra,regional_office,coastal,leased,1258,1981,30,0.6101,72,0.97,compliant,1.1,0.77,17.5,False,False,0.268
MEF-0007,2012,Rabat-Salé-Kénitra,regional_office,coastal,leased,1258,1981,31,0.6638,71,1.09,non_compliant,1.1,0.87,17.7,False,False,0.553
MEF-0007,2013,Rabat-Salé-Kénitra,regional_office,coastal,leased,1258,1981,32,0.6892,70,1.15,compliant,1.1,0.91,18.0,False,False,0.249
MEF-0007,2014,Rabat-Salé-Kénitra,regional_office,coastal,leased,1258,1981,33,0.6806,69,1.25,non_compliant,1.1,0.99,18.2,False,False,0.556
MEF-0007,2015,Rabat-Salé-Kénitra,regional_office,coastal,leased,1258,1981,34,0.6811,68,1.4,non_compliant,1.1,1.11,18.5,False,False,0.56
MEF-0007,2016,Rabat-Salé-Kénitra,regional_office,coastal,leased,1258,1981,35,0.6786,69,1.51,non_compliant,1.1,1.2,18.2,False,False,0.566
MEF-0007,2017,Rabat-Salé-Kénitra,regional_office,coastal,leased,1258,1981,36,0.7092,68,1.48,non_compliant,1.1,1.18,18.5,False,False,0.559
MEF-0007,2018,Rabat-Salé-Kénitra,regional_office,coastal,leased,1258,1981,37,0.7184,68,1.67,compliant,1.1,1.33,18.5,False,False,0.26
MEF-0007,2019,Rabat-Salé-Kénitra,regional_office,coastal,leased,1258,1981,38,0.7395,67,1.69,compliant,1.1,1.34,18.8,False,False,0.257
MEF-0007,2020,Rabat-Salé-Kénitra,regional_office,coastal,leased,1258,1981,39,0.6258,67,1.41,compliant,1.1,1.12,18.8,False,False,0.302
MEF-0007,2021,Rabat-Salé-Kénitra,regional_office,coastal,leased,1258,1981,40,0.6738,67,1.74,compliant,1.1,1.38,18.8,False,False,0.289
MEF-0007,2022,Rabat-Salé-Kénitra,regional_office,coastal,leased,1258,1981,41,0.6797,68,1.8,compliant,1.1,1.43,18.5,False,True,0.291
MEF-0007,2023,Rabat-Salé-Kénitra,regional_office,coastal,leased,1258,1981,42,0.6723,67,1.97,partial,1.1,1.57,18.8,False,True,0.448
MEF-0007,2024,Rabat-Salé-Kénitra,regional_office,coastal,leased,1258,1981,43,0.6461,66,1.73,compliant,1.1,1.38,19.1,False,True,0.312
MEF-0008,2005,Rabat-Salé-Kénitra,ministry_hq,coastal,owned,11541,2016,0,0.8639,600,7.83,partial,1.1,0.68,19.2,False,False,0.198
MEF-0008,2006,Rabat-Salé-Kénitra,ministry_hq,coastal,owned,11541,2016,1,0.8639,608,8.64,compliant,1.1,0.75,19.0,False,False,0.052
MEF-0008,2007,Rabat-Salé-Kénitra,ministry_hq,coastal,owned,11541,2016,2,0.8649,605,8.68,compliant,1.1,0.75,19.1,False,False,0.056
MEF-0008,2008,Rabat-Salé-Kénitra,ministry_hq,coastal,owned,11541,2016,3,0.8342,600,8.81,compliant,1.1,0.76,19.2,False,False,0.071
MEF-0008,2009,Rabat-Salé-Kénitra,ministry_hq,coastal,owned,11541,2016,4,0.8179,597,9.04,compliant,1.1,0.78,19.3,False,False,0.081
MEF-0008,2010,Rabat-Salé-Kénitra,ministry_hq,coastal,owned,11541,2016,5,0.822,587,9.33,compliant,1.1,0.81,19.7,False,False,0.084
MEF-0008,2011,Rabat-Salé-Kénitra,ministry_hq,coastal,owned,11541,2016,6,0.809,582,9.73,non_compliant,1.1,0.84,19.8,False,False,0.393
MEF-0008,2012,Rabat-Salé-Kénitra,ministry_hq,coastal,owned,11541,2016,7,0.8214,587,10.04,compliant,1.1,0.87,19.7,False,False,0.093
MEF-0008,2013,Rabat-Salé-Kénitra,ministry_hq,coastal,owned,11541,2016,8,0.8297,580,10.61,compliant,1.1,0.92,19.9,False,False,0.095
MEF-0008,2014,Rabat-Salé-Kénitra,ministry_hq,coastal,owned,11541,2016,9,0.8542,579,10.9,compliant,1.1,0.94,19.9,False,False,0.09
MEF-0008,2015,Rabat-Salé-Kénitra,ministry_hq,coastal,owned,11541,2016,10,0.8713,584,12.29,partial,1.1,1.06,19.8,False,False,0.239
MEF-0008,2016,Rabat-Salé-Kénitra,ministry_hq,coastal,owned,11541,2016,11,0.8752,585,11.85,non_compliant,1.1,1.03,19.7,False,False,0.392
MEF-0008,2017,Rabat-Salé-Kénitra,ministry_hq,coastal,owned,11541,2016,12,0.8885,581,13.62,partial,1.1,1.18,19.9,False,False,0.242
MEF-0008,2018,Rabat-Salé-Kénitra,ministry_hq,coastal,owned,11541,2016,13,0.9064,578,14.17,compliant,1.1,1.23,20.0,False,False,0.09
MEF-0008,2019,Rabat-Salé-Kénitra,ministry_hq,coastal,owned,11541,2016,14,0.897,574,15.01,compliant,1.1,1.3,20.1,False,False,0.097
MEF-0008,2020,Rabat-Salé-Kénitra,ministry_hq,coastal,owned,11541,2016,15,0.7708,568,12.7,compliant,1.1,1.1,20.3,False,False,0.146
MEF-0008,2021,Rabat-Salé-Kénitra,ministry_hq,coastal,owned,11541,2016,16,0.8191,580,13.44,partial,1.1,1.16,19.9,False,False,0.283
MEF-0008,2022,Rabat-Salé-Kénitra,ministry_hq,coastal,owned,11541,2016,17,0.8104,580,14.94,partial,1.1,1.29,19.9,False,False,0.291
MEF-0008,2023,Rabat-Salé-Kénitra,ministry_hq,coastal,owned,11541,2016,18,0.8287,582,15.48,compliant,1.1,1.34,19.8,False,False,0.139
MEF-0008,2024,Rabat-Salé-Kénitra,ministry_hq,coastal,owned,11541,2016,19,0.8173,575,15.43,partial,1.1,1.34,20.1,False,False,0.297
MEF-0009,2005,Rabat-Salé-Kénitra,annex,coastal,leased,951,2007,0,0.5115,45,0.5,compliant,1.1,0.53,21.1,False,False,0.171
MEF-0009,2006,Rabat-Salé-Kénitra,annex,coastal,leased,951,2007,1,0.5137,45,0.5,compliant,1.1,0.53,21.1,False,False,0.175
MEF-0009,2007,Rabat-Salé-Kénitra,annex,coastal,leased,951,2007,2,0.5081,45,0.5,compliant,1.1,0.53,21.1,False,False,0.181
MEF-0009,2008,Rabat-Salé-Kénitra,annex,coastal,leased,951,2007,3,0.5102,46,0.5,partial,1.1,0.53,20.7,False,False,0.335
MEF-0009,2009,Rabat-Salé-Kénitra,annex,coastal,leased,951,2007,4,0.4877,45,0.5,compliant,1.1,0.53,21.1,True,False,0.197
MEF-0009,2010,Rabat-Salé-Kénitra,annex,coastal,leased,951,2007,5,0.5347,45,0.5,compliant,1.1,0.53,21.1,False,False,0.185
MEF-0009,2011,Rabat-Salé-Kénitra,annex,coastal,leased,951,2007,6,0.5215,45,0.5,non_compliant,1.1,0.53,21.1,False,False,0.494
MEF-0009,2012,Rabat-Salé-Kénitra,annex,coastal,leased,951,2007,7,0.515,45,0.53,partial,1.1,0.56,21.1,False,False,0.35
MEF-0009,2013,Rabat-Salé-Kénitra,annex,coastal,leased,951,2007,8,0.5003,45,0.54,compliant,1.1,0.57,21.1,False,False,0.21
MEF-0009,2014,Rabat-Salé-Kénitra,annex,coastal,leased,951,2007,9,0.5114,46,0.53,compliant,1.1,0.56,20.7,False,False,0.21
MEF-0009,2015,Rabat-Salé-Kénitra,annex,coastal,leased,951,2007,10,0.5079,45,0.6,compliant,1.1,0.63,21.1,False,False,0.216
MEF-0009,2016,Rabat-Salé-Kénitra,annex,coastal,leased,951,2007,11,0.4905,45,0.65,compliant,1.1,0.68,21.1,True,False,0.226
MEF-0009,2017,Rabat-Salé-Kénitra,annex,coastal,leased,951,2007,12,0.5024,45,0.64,compliant,1.1,0.67,21.1,False,False,0.227
MEF-0009,2018,Rabat-Salé-Kénitra,annex,coastal,leased,951,2007,13,0.5167,44,0.63,compliant,1.1,0.66,21.6,False,False,0.226
MEF-0009,2019,Rabat-Salé-Kénitra,annex,coastal,leased,951,2007,14,0.5155,44,0.71,non_compliant,1.1,0.75,21.6,False,False,0.531
MEF-0009,2020,Rabat-Salé-Kénitra,annex,coastal,leased,951,2007,15,0.3836,44,0.5,compliant,1.1,0.53,21.6,True,False,0.281
MEF-0009,2021,Rabat-Salé-Kénitra,annex,coastal,leased,951,2007,16,0.4733,44,0.79,partial,1.1,0.83,21.6,True,False,0.404
MEF-0009,2022,Rabat-Salé-Kénitra,annex,coastal,leased,951,2007,17,0.4795,43,0.8,non_compliant,1.1,0.84,22.1,True,False,0.557
MEF-0009,2023,Rabat-Salé-Kénitra,annex,coastal,leased,951,2007,18,0.4566,43,0.71,compliant,1.1,0.75,22.1,True,False,0.269
MEF-0009,2024,Rabat-Salé-Kénitra,annex,coastal,leased,951,2007,19,0.4822,43,0.74,partial,1.1,0.78,22.1,True,False,0.414
MEF-0010,2005,Rabat-Salé-Kénitra,annex,coastal,owned,764,2016,0,0.4936,41,0.5,compliant,1.1,0.65,18.6,True,False,0.177
MEF-0010,2006,Rabat-Salé-Kénitra,annex,coastal,owned,764,2016,1,0.5011,40,0.5,compliant,1.1,0.65,19.1,False,False,0.179
MEF-0010,2007,Rabat-Salé-Kénitra,annex,coastal,owned,764,2016,2,0.5126,40,0.5,compliant,1.1,0.65,19.1,False,False,0.179
MEF-0010,2008,Rabat-Salé-Kénitra,annex,coastal,owned,764,2016,3,0.5324,40,0.5,compliant,1.1,0.65,19.1,False,False,0.177
MEF-0010,2009,Rabat-Salé-Kénitra,annex,coastal,owned,764,2016,4,0.5336,39,0.5,compliant,1.1,0.65,19.6,False,False,0.181
MEF-0010,2010,Rabat-Salé-Kénitra,annex,coastal,owned,764,2016,5,0.522,39,0.5,compliant,1.1,0.65,19.6,False,False,0.189
MEF-0010,2011,Rabat-Salé-Kénitra,annex,coastal,owned,764,2016,6,0.5135,39,0.5,compliant,1.1,0.65,19.6,False,False,0.197
MEF-0010,2012,Rabat-Salé-Kénitra,annex,coastal,owned,764,2016,7,0.5052,39,0.5,compliant,1.1,0.65,19.6,False,False,0.204
MEF-0010,2013,Rabat-Salé-Kénitra,annex,coastal,owned,764,2016,8,0.4881,39,0.5,compliant,1.1,0.65,19.6,True,False,0.214
MEF-0010,2014,Rabat-Salé-Kénitra,annex,coastal,owned,764,2016,9,0.4939,39,0.5,compliant,1.1,0.65,19.6,True,False,0.217
MEF-0010,2015,Rabat-Salé-Kénitra,annex,coastal,owned,764,2016,10,0.4826,39,0.5,compliant,1.1,0.65,19.6,True,False,0.225
MEF-0010,2016,Rabat-Salé-Kénitra,annex,coastal,owned,764,2016,11,0.4862,40,0.5,non_compliant,1.1,0.65,19.1,True,False,0.528
MEF-0010,2017,Rabat-Salé-Kénitra,annex,coastal,owned,764,2016,12,0.4834,40,0.5,compliant,1.1,0.65,19.1,True,False,0.233
MEF-0010,2018,Rabat-Salé-Kénitra,annex,coastal,owned,764,2016,13,0.4827,40,0.5,compliant,1.1,0.65,19.1,True,False,0.238
MEF-0010,2019,Rabat-Salé-Kénitra,annex,coastal,owned,764,2016,14,0.4928,40,0.53,compliant,1.1,0.69,19.1,True,False,0.239
MEF-0010,2020,Rabat-Salé-Kénitra,annex,coastal,owned,764,2016,15,0.3631,39,0.5,compliant,1.1,0.65,19.6,True,False,0.289
MEF-0010,2021,Rabat-Salé-Kénitra,annex,coastal,owned,764,2016,16,0.4249,39,0.5,non_compliant,1.1,0.65,19.6,True,False,0.571
MEF-0010,2022,Rabat-Salé-Kénitra,annex,coastal,owned,764,2016,17,0.4533,40,0.58,compliant,1.1,0.76,19.1,True,False,0.266
MEF-0010,2023,Rabat-Salé-Kénitra,annex,coastal,owned,764,2016,18,0.4596,39,0.59,compliant,1.1,0.77,19.6,True,False,0.268
MEF-0010,2024,Rabat-Salé-Kénitra,annex,coastal,owned,764,2016,19,0.4457,40,0.57,partial,1.1,0.75,19.1,True,False,0.427
MEF-0011,2005,Rabat-Salé-Kénitra,regional_office,coastal,leased,3848,2016,0,0.6549,197,2.13,compliant,1.1,0.55,19.5,False,False,0.121
MEF-0011,2006,Rabat-Salé-Kénitra,regional_office,coastal,leased,3848,2016,1,0.6385,201,2.08,compliant,1.1,0.54,19.1,False,False,0.131
MEF-0011,2007,Rabat-Salé-Kénitra,regional_office,coastal,leased,3848,2016,2,0.6382,200,2.21,compliant,1.1,0.57,19.2,False,False,0.135
MEF-0011,2008,Rabat-Salé-Kénitra,regional_office,coastal,leased,3848,2016,3,0.6314,199,2.07,compliant,1.1,0.54,19.3,False,False,0.142
MEF-0011,2009,Rabat-Salé-Kénitra,regional_office,coastal,leased,3848,2016,4,0.6204,201,2.1,compliant,1.1,0.55,19.1,False,False,0.15
MEF-0011,2010,Rabat-Salé-Kénitra,regional_office,coastal,leased,3848,2016,5,0.5998,204,2.37,partial,1.1,0.62,18.9,False,False,0.312
MEF-0011,2011,Rabat-Salé-Kénitra,regional_office,coastal,leased,3848,2016,6,0.6011,202,2.35,compliant,1.1,0.61,19.0,False,False,0.166
MEF-0011,2012,Rabat-Salé-Kénitra,regional_office,coastal,leased,3848,2016,7,0.5871,207,2.48,compliant,1.1,0.64,18.6,False,False,0.175
MEF-0011,2013,Rabat-Salé-Kénitra,regional_office,coastal,leased,3848,2016,8,0.5788,205,2.4,compliant,1.1,0.62,18.8,False,False,0.182
MEF-0011,2014,Rabat-Salé-Kénitra,regional_office,coastal,leased,3848,2016,9,0.5983,206,2.84,compliant,1.1,0.74,18.7,False,False,0.18
MEF-0011,2015,Rabat-Salé-Kénitra,regional_office,coastal,leased,3848,2016,10,0.6097,206,2.66,compliant,1.1,0.69,18.7,False,False,0.18
MEF-0011,2016,Rabat-Salé-Kénitra,regional_office,coastal,leased,3848,2016,11,0.5922,202,2.71,compliant,1.1,0.7,19.0,False,False,0.191
MEF-0011,2017,Rabat-Salé-Kénitra,regional_office,coastal,leased,3848,2016,12,0.5987,204,3.2,partial,1.1,0.83,18.9,False,False,0.343
MEF-0011,2018,Rabat-Salé-Kénitra,regional_office,coastal,leased,3848,2016,13,0.6011,200,2.84,compliant,1.1,0.74,19.2,False,False,0.196
MEF-0011,2019,Rabat-Salé-Kénitra,regional_office,coastal,leased,3848,2016,14,0.6319,198,3.53,compliant,1.1,0.92,19.4,False,False,0.19
MEF-0011,2020,Rabat-Salé-Kénitra,regional_office,coastal,leased,3848,2016,15,0.5368,198,3.06,compliant,1.1,0.8,19.4,False,False,0.228
MEF-0011,2021,Rabat-Salé-Kénitra,regional_office,coastal,leased,3848,2016,16,0.5594,199,3.25,compliant,1.1,0.84,19.3,False,False,0.224
MEF-0011,2022,Rabat-Salé-Kénitra,regional_office,coastal,leased,3848,2016,17,0.5751,206,3.56,compliant,1.1,0.93,18.7,False,False,0.223
MEF-0011,2023,Rabat-Salé-Kénitra,regional_office,coastal,leased,3848,2016,18,0.598,206,3.76,compliant,1.1,0.98,18.7,False,False,0.219
MEF-0011,2024,Rabat-Salé-Kénitra,regional_office,coastal,leased,3848,2016,19,0.6082,208,4.38,compliant,1.1,1.14,18.5,False,False,0.22
MEF-0012,2005,Rabat-Salé-Kénitra,ministry_hq,coastal,owned,17228,1986,19,0.8341,1090,13.86,non_compliant,1.1,0.8,15.8,False,False,0.441
MEF-0012,2006,Rabat-Salé-Kénitra,ministry_hq,coastal,owned,17228,1986,20,0.8431,1092,15.36,non_compliant,1.1,0.89,15.8,False,False,0.442
MEF-0012,2007,Rabat-Salé-Kénitra,ministry_hq,coastal,owned,17228,1986,21,0.8042,1075,15.3,non_compliant,1.1,0.89,16.0,False,False,0.46
MEF-0012,2008,Rabat-Salé-Kénitra,ministry_hq,coastal,owned,17228,1986,22,0.8169,1068,14.76,non_compliant,1.1,0.86,16.1,False,False,0.46
MEF-0012,2009,Rabat-Salé-Kénitra,ministry_hq,coastal,owned,17228,1986,23,0.8343,1060,17.34,compliant,1.1,1.01,16.3,False,False,0.159
MEF-0012,2010,Rabat-Salé-Kénitra,ministry_hq,coastal,owned,17228,1986,24,0.8539,1054,16.68,compliant,1.1,0.97,16.3,False,False,0.156
MEF-0012,2011,Rabat-Salé-Kénitra,ministry_hq,coastal,owned,17228,1986,25,0.8508,1039,19.27,compliant,1.1,1.12,16.6,False,False,0.162
MEF-0012,2012,Rabat-Salé-Kénitra,ministry_hq,coastal,owned,17228,1986,26,0.8792,1038,21.44,compliant,1.1,1.24,16.6,False,False,0.156
MEF-0012,2013,Rabat-Salé-Kénitra,ministry_hq,coastal,owned,17228,1986,27,0.9205,1048,22.4,compliant,1.1,1.3,16.4,False,False,0.146
MEF-0012,2014,Rabat-Salé-Kénitra,ministry_hq,coastal,owned,17228,1986,28,0.9145,1037,20.48,compliant,1.1,1.19,16.6,False,False,0.152
MEF-0012,2015,Rabat-Salé-Kénitra,ministry_hq,coastal,owned,17228,1986,29,0.9061,1034,24.14,compliant,1.1,1.4,16.7,False,False,0.16
MEF-0012,2016,Rabat-Salé-Kénitra,ministry_hq,coastal,owned,17228,1986,30,0.9085,1036,26.38,partial,1.1,1.53,16.6,False,False,0.313
MEF-0012,2017,Rabat-Salé-Kénitra,ministry_hq,coastal,owned,17228,1986,31,0.8997,1034,24.69,partial,1.1,1.43,16.7,False,False,0.321
MEF-0012,2018,Rabat-Salé-Kénitra,ministry_hq,coastal,owned,17228,1986,32,0.8882,1037,25.68,compliant,1.1,1.49,16.6,False,False,0.179
MEF-0012,2019,Rabat-Salé-Kénitra,ministry_hq,coastal,owned,17228,1986,33,0.8783,1038,25.25,non_compliant,1.1,1.47,16.6,False,False,0.487
MEF-0012,2020,Rabat-Salé-Kénitra,ministry_hq,coastal,owned,17228,1986,34,0.789,1024,25.14,compliant,1.1,1.46,16.8,False,False,0.223
MEF-0012,2021,Rabat-Salé-Kénitra,ministry_hq,coastal,owned,17228,1986,35,0.8529,1025,29.4,non_compliant,1.1,1.71,16.8,False,False,0.505
MEF-0012,2022,Rabat-Salé-Kénitra,ministry_hq,coastal,owned,17228,1986,36,0.8441,1014,29.67,compliant,1.1,1.72,17.0,False,False,0.212
MEF-0012,2023,Rabat-Salé-Kénitra,ministry_hq,coastal,owned,17228,1986,37,0.7997,1025,32.09,non_compliant,1.1,1.86,16.8,False,False,0.532
MEF-0012,2024,Rabat-Salé-Kénitra,ministry_hq,coastal,owned,17228,1986,38,0.7719,1025,28.72,partial,1.1,1.67,16.8,False,False,0.396
MEF-0013,2005,Rabat-Salé-Kénitra,regional_office,coastal,owned,2016,1980,25,0.6639,144,1.49,compliant,1.1,0.74,14.0,False,False,0.227
MEF-0013,2006,Rabat-Salé-Kénitra,regional_office,coastal,owned,2016,1980,26,0.7061,144,1.44,non_compliant,1.1,0.71,14.0,False,False,0.517
MEF-0013,2007,Rabat-Salé-Kénitra,regional_office,coastal,owned,2016,1980,27,0.7154,147,1.55,partial,1.1,0.77,13.7,False,False,0.368
MEF-0013,2008,Rabat-Salé-Kénitra,regional_office,coastal,owned,2016,1980,28,0.719,145,1.79,non_compliant,1.1,0.89,13.9,False,False,0.521
MEF-0013,2009,Rabat-Salé-Kénitra,regional_office,coastal,owned,2016,1980,29,0.763,146,1.77,compliant,1.1,0.88,13.8,False,False,0.21
MEF-0013,2010,Rabat-Salé-Kénitra,regional_office,coastal,owned,2016,1980,30,0.7804,146,2.11,compliant,1.1,1.05,13.8,False,False,0.208
MEF-0013,2011,Rabat-Salé-Kénitra,regional_office,coastal,owned,2016,1980,31,0.7847,148,2.09,compliant,1.1,1.04,13.6,False,False,0.211
MEF-0013,2012,Rabat-Salé-Kénitra,regional_office,coastal,owned,2016,1980,32,0.7758,148,2.13,non_compliant,1.1,1.06,13.6,False,False,0.518
MEF-0013,2013,Rabat-Salé-Kénitra,regional_office,coastal,owned,2016,1980,33,0.7813,149,2.3,compliant,1.1,1.14,13.5,False,False,0.221
MEF-0013,2014,Rabat-Salé-Kénitra,regional_office,coastal,owned,2016,1980,34,0.7798,148,2.25,compliant,1.1,1.12,13.6,False,False,0.226
MEF-0013,2015,Rabat-Salé-Kénitra,regional_office,coastal,owned,2016,1980,35,0.7812,148,2.56,non_compliant,1.1,1.27,13.6,False,False,0.53
MEF-0013,2016,Rabat-Salé-Kénitra,regional_office,coastal,owned,2016,1980,36,0.8046,148,2.85,compliant,1.1,1.41,13.6,False,False,0.226
MEF-0013,2017,Rabat-Salé-Kénitra,regional_office,coastal,owned,2016,1980,37,0.7946,147,2.84,compliant,1.1,1.41,13.7,False,False,0.234
MEF-0013,2018,Rabat-Salé-Kénitra,regional_office,coastal,owned,2016,1980,38,0.8035,145,2.86,compliant,1.1,1.42,13.9,False,False,0.235
MEF-0013,2019,Rabat-Salé-Kénitra,regional_office,coastal,owned,2016,1980,39,0.8203,143,2.89,non_compliant,1.1,1.43,14.1,False,False,0.534
MEF-0013,2020,Rabat-Salé-Kénitra,regional_office,coastal,owned,2016,1980,40,0.688,144,2.53,compliant,1.1,1.25,14.0,False,False,0.284
MEF-0013,2021,Rabat-Salé-Kénitra,regional_office,coastal,owned,2016,1980,41,0.7231,141,2.79,partial,1.1,1.38,14.3,False,True,0.426
MEF-0013,2022,Rabat-Salé-Kénitra,regional_office,coastal,owned,2016,1980,42,0.7203,142,3.06,non_compliant,1.1,1.52,14.2,False,True,0.582
MEF-0013,2023,Rabat-Salé-Kénitra,regional_office,coastal,owned,2016,1980,43,0.7118,143,3.17,compliant,1.1,1.57,14.1,False,True,0.289
MEF-0013,2024,Rabat-Salé-Kénitra,regional_office,coastal,owned,2016,1980,44,0.7325,145,3.5,partial,1.1,1.74,13.9,False,True,0.436
MEF-0014,2005,Rabat-Salé-Kénitra,annex,coastal,leased,383,1986,19,0.4661,18,0.5,compliant,1.1,1.31,21.3,True,False,0.27
MEF-0014,2006,Rabat-Salé-Kénitra,annex,coastal,leased,383,1986,20,0.4439,18,0.5,non_compliant,1.1,1.31,21.3,True,False,0.582
MEF-0014,2007,Rabat-Salé-Kénitra,annex,coastal,leased,383,1986,21,0.4445,18,0.5,compliant,1.1,1.31,21.3,True,False,0.286
MEF-0014,2008,Rabat-Salé-Kénitra,annex,coastal,leased,383,1986,22,0.4324,18,0.5,compliant,1.1,1.31,21.3,True,False,0.295
MEF-0014,2009,Rabat-Salé-Kénitra,annex,coastal,leased,383,1986,23,0.4114,18,0.5,compliant,1.1,1.31,21.3,True,False,0.307
MEF-0014,2010,Rabat-Salé-Kénitra,annex,coastal,leased,383,1986,24,0.384,18,0.5,non_compliant,1.1,1.31,21.3,True,False,0.621
MEF-0014,2011,Rabat-Salé-Kénitra,annex,coastal,leased,383,1986,25,0.3628,18,0.5,partial,1.1,1.31,21.3,True,False,0.482
MEF-0014,2012,Rabat-Salé-Kénitra,annex,coastal,leased,383,1986,26,0.3642,18,0.5,partial,1.1,1.31,21.3,True,False,0.486
MEF-0014,2013,Rabat-Salé-Kénitra,annex,coastal,leased,383,1986,27,0.3356,18,0.5,compliant,1.1,1.31,21.3,True,False,0.351
MEF-0014,2014,Rabat-Salé-Kénitra,annex,coastal,leased,383,1986,28,0.326,18,0.5,partial,1.1,1.31,21.3,True,False,0.508
MEF-0014,2015,Rabat-Salé-Kénitra,annex,coastal,leased,383,1986,29,0.341,18,0.5,compliant,1.1,1.31,21.3,True,False,0.358
MEF-0014,2016,Rabat-Salé-Kénitra,annex,coastal,leased,383,1986,30,0.3495,18,0.5,non_compliant,1.1,1.31,21.3,True,False,0.659
MEF-0014,2017,Rabat-Salé-Kénitra,annex,coastal,leased,383,1986,31,0.3403,18,0.5,partial,1.1,1.31,21.3,True,False,0.517
MEF-0014,2018,Rabat-Salé-Kénitra,annex,coastal,leased,383,1986,32,0.371,18,0.5,compliant,1.1,1.31,21.3,True,False,0.36
MEF-0014,2019,Rabat-Salé-Kénitra,annex,coastal,leased,383,1986,33,0.4054,17,0.5,compliant,1.1,1.31,22.5,True,False,0.352
MEF-0014,2020,Rabat-Salé-Kénitra,annex,coastal,leased,383,1986,34,0.2861,18,0.5,compliant,1.1,1.31,21.3,True,False,0.399
MEF-0014,2021,Rabat-Salé-Kénitra,annex,coastal,leased,383,1986,35,0.2922,17,0.5,compliant,1.1,1.31,22.5,True,False,0.401
MEF-0014,2022,Rabat-Salé-Kénitra,annex,coastal,leased,383,1986,36,0.3086,17,0.5,compliant,1.1,1.31,22.5,True,False,0.399
MEF-0014,2023,Rabat-Salé-Kénitra,annex,coastal,leased,383,1986,37,0.2677,17,0.5,partial,1.1,1.31,22.5,True,False,0.568
MEF-0014,2024,Rabat-Salé-Kénitra,annex,coastal,leased,383,1986,38,0.2948,17,0.5,compliant,1.1,1.31,22.5,True,False,0.413
MEF-0015,2005,Rabat-Salé-Kénitra,regional_office,coastal,owned,1651,1975,30,0.6827,79,1.13,non_compliant,1.1,0.68,20.9,False,False,0.542
MEF-0015,2006,Rabat-Salé-Kénitra,regional_office,coastal,owned,1651,1975,31,0.6923,78,1.24,compliant,1.1,0.75,21.2,False,False,0.243
MEF-0015,2007,Rabat-Salé-Kénitra,regional_office,coastal,owned,1651,1975,32,0.7104,78,1.37,non_compliant,1.1,0.83,21.2,False,False,0.541
MEF-0015,2008,Rabat-Salé-Kénitra,regional_office,coastal,owned,1651,1975,33,0.7161,78,1.48,compliant,1.1,0.9,21.2,False,False,0.244
MEF-0015,2009,Rabat-Salé-Kénitra,regional_office,coastal,owned,1651,1975,34,0.7248,79,1.53,compliant,1.1,0.93,20.9,False,False,0.245
MEF-0015,2010,Rabat-Salé-Kénitra,regional_office,coastal,owned,1651,1975,35,0.7226,79,1.6,compliant,1.1,0.97,20.9,False,False,0.25
MEF-0015,2011,Rabat-Salé-Kénitra,regional_office,coastal,owned,1651,1975,36,0.7308,78,1.83,compliant,1.1,1.11,21.2,False,False,0.252
MEF-0015,2012,Rabat-Salé-Kénitra,regional_office,coastal,owned,1651,1975,37,0.7336,77,1.69,non_compliant,1.1,1.02,21.4,False,False,0.555
MEF-0015,2013,Rabat-Salé-Kénitra,regional_office,coastal,owned,1651,1975,38,0.7393,75,1.94,non_compliant,1.1,1.18,22.0,False,False,0.557
MEF-0015,2014,Rabat-Salé-Kénitra,regional_office,coastal,owned,1651,1975,39,0.7362,75,1.9,partial,1.1,1.15,22.0,False,False,0.413
MEF-0015,2015,Rabat-Salé-Kénitra,regional_office,coastal,owned,1651,1975,40,0.7505,74,2.1,compliant,1.1,1.27,22.3,False,False,0.262
MEF-0015,2016,Rabat-Salé-Kénitra,regional_office,coastal,owned,1651,1975,41,0.7376,74,2.28,compliant,1.1,1.38,22.3,False,True,0.271
MEF-0015,2017,Rabat-Salé-Kénitra,regional_office,coastal,owned,1651,1975,42,0.737,74,2.25,compliant,1.1,1.36,22.3,False,True,0.276
MEF-0015,2018,Rabat-Salé-Kénitra,regional_office,coastal,owned,1651,1975,43,0.7605,74,2.39,partial,1.1,1.45,22.3,False,True,0.422
MEF-0015,2019,Rabat-Salé-Kénitra,regional_office,coastal,owned,1651,1975,44,0.7432,74,2.55,non_compliant,1.1,1.54,22.3,False,True,0.582
MEF-0015,2020,Rabat-Salé-Kénitra,regional_office,coastal,owned,1651,1975,45,0.5841,74,2.05,compliant,1.1,1.24,22.3,False,True,0.342
MEF-0015,2021,Rabat-Salé-Kénitra,regional_office,coastal,owned,1651,1975,46,0.6408,73,2.17,compliant,1.1,1.31,22.6,False,True,0.327
MEF-0015,2022,Rabat-Salé-Kénitra,regional_office,coastal,owned,1651,1975,47,0.6362,72,2.35,partial,1.1,1.42,22.9,False,True,0.483
MEF-0015,2023,Rabat-Salé-Kénitra,regional_office,coastal,owned,1651,1975,48,0.6544,72,2.32,non_compliant,1.1,1.41,22.9,False,True,0.631
MEF-0015,2024,Rabat-Salé-Kénitra,regional_office,coastal,owned,1651,1975,49,0.6521,72,2.53,non_compliant,1.1,1.53,22.9,False,True,0.636
MEF-0016,2005,Rabat-Salé-Kénitra,regional_office,coastal,owned,3620,1989,16,0.6594,174,2.29,compliant,1.1,0.63,20.8,False,False,0.189
MEF-0016,2006,Rabat-Salé-Kénitra,regional_office,coastal,owned,3620,1989,17,0.6792,172,2.29,compliant,1.1,0.63,21.0,False,False,0.187
MEF-0016,2007,Rabat-Salé-Kénitra,regional_office,coastal,owned,3620,1989,18,0.6637,171,2.54,compliant,1.1,0.7,21.2,False,False,0.196
MEF-0016,2008,Rabat-Salé-Kénitra,regional_office,coastal,owned,3620,1989,19,0.6715,168,2.78,compliant,1.1,0.77,21.5,False,False,0.198
MEF-0016,2009,Rabat-Salé-Kénitra,regional_office,coastal,owned,3620,1989,20,0.6928,166,3.0,compliant,1.1,0.83,21.8,False,False,0.195
MEF-0016,2010,Rabat-Salé-Kénitra,regional_office,coastal,owned,3620,1989,21,0.6749,164,2.94,compliant,1.1,0.81,22.1,False,False,0.206
MEF-0016,2011,Rabat-Salé-Kénitra,regional_office,coastal,owned,3620,1989,22,0.7016,167,3.02,compliant,1.1,0.83,21.7,False,False,0.201
MEF-0016,2012,Rabat-Salé-Kénitra,regional_office,coastal,owned,3620,1989,23,0.731,165,3.18,partial,1.1,0.88,21.9,False,False,0.345
MEF-0016,2013,Rabat-Salé-Kénitra,regional_office,coastal,owned,3620,1989,24,0.7781,164,3.52,non_compliant,1.1,0.97,22.1,False,False,0.483
MEF-0016,2014,Rabat-Salé-Kénitra,regional_office,coastal,owned,3620,1989,25,0.782,164,3.47,compliant,1.1,0.96,22.1,False,False,0.186
MEF-0016,2015,Rabat-Salé-Kénitra,regional_office,coastal,owned,3620,1989,26,0.786,163,4.21,compliant,1.1,1.16,22.2,False,False,0.189
MEF-0016,2016,Rabat-Salé-Kénitra,regional_office,coastal,owned,3620,1989,27,0.8006,162,4.33,non_compliant,1.1,1.2,22.3,False,False,0.488
MEF-0016,2017,Rabat-Salé-Kénitra,regional_office,coastal,owned,3620,1989,28,0.8147,162,4.78,compliant,1.1,1.32,22.3,False,False,0.187
MEF-0016,2018,Rabat-Salé-Kénitra,regional_office,coastal,owned,3620,1989,29,0.8346,161,5.21,compliant,1.1,1.44,22.5,False,False,0.185
MEF-0016,2019,Rabat-Salé-Kénitra,regional_office,coastal,owned,3620,1989,30,0.8484,157,5.24,non_compliant,1.1,1.45,23.1,False,False,0.484
MEF-0016,2020,Rabat-Salé-Kénitra,regional_office,coastal,owned,3620,1989,31,0.7261,157,4.68,compliant,1.1,1.29,23.1,False,False,0.231
MEF-0016,2021,Rabat-Salé-Kénitra,regional_office,coastal,owned,3620,1989,32,0.7979,157,5.23,compliant,1.1,1.44,23.1,False,False,0.211
MEF-0016,2022,Rabat-Salé-Kénitra,regional_office,coastal,owned,3620,1989,33,0.7783,157,5.35,compliant,1.1,1.48,23.1,False,False,0.222
MEF-0016,2023,Rabat-Salé-Kénitra,regional_office,coastal,owned,3620,1989,34,0.7782,158,5.82,compliant,1.1,1.61,22.9,False,False,0.226
MEF-0016,2024,Rabat-Salé-Kénitra,regional_office,coastal,owned,3620,1989,35,0.8061,157,6.06,compliant,1.1,1.67,23.1,False,False,0.221
MEF-0017,2005,Rabat-Salé-Kénitra,regional_office,coastal,owned,3269,1969,36,0.6848,169,2.52,non_compliant,1.1,0.77,19.3,False,False,0.568
MEF-0017,2006,Rabat-Salé-Kénitra,regional_office,coastal,owned,3269,1969,37,0.6779,170,2.58,non_compliant,1.1,0.79,19.2,False,False,0.575
MEF-0017,2007,Rabat-Salé-Kénitra,regional_office,coastal,owned,3269,1969,38,0.6876,168,2.7,non_compliant,1.1,0.83,19.5,False,False,0.576
MEF-0017,2008,Rabat-Salé-Kénitra,regional_office,coastal,owned,3269,1969,39,0.7102,165,2.91,compliant,1.1,0.89,19.8,False,False,0.272
MEF-0017,2009,Rabat-Salé-Kénitra,regional_office,coastal,owned,3269,1969,40,0.7174,165,3.28,non_compliant,1.1,1.0,19.8,False,False,0.574
MEF-0017,2010,Rabat-Salé-Kénitra,regional_office,coastal,owned,3269,1969,41,0.7172,168,3.35,compliant,1.1,1.02,19.5,False,True,0.278
MEF-0017,2011,Rabat-Salé-Kénitra,regional_office,coastal,owned,3269,1969,42,0.7251,166,3.66,non_compliant,1.1,1.12,19.7,False,True,0.58
MEF-0017,2012,Rabat-Salé-Kénitra,regional_office,coastal,owned,3269,1969,43,0.7122,166,3.9,partial,1.1,1.19,19.7,False,True,0.439
MEF-0017,2013,Rabat-Salé-Kénitra,regional_office,coastal,owned,3269,1969,44,0.7021,165,3.43,compliant,1.1,1.05,19.8,False,True,0.297
MEF-0017,2014,Rabat-Salé-Kénitra,regional_office,coastal,owned,3269,1969,45,0.6828,161,3.81,non_compliant,1.1,1.17,20.3,False,True,0.608
MEF-0017,2015,Rabat-Salé-Kénitra,regional_office,coastal,owned,3269,1969,46,0.6883,161,3.77,compliant,1.1,1.15,20.3,False,True,0.31
MEF-0017,2016,Rabat-Salé-Kénitra,regional_office,coastal,owned,3269,1969,47,0.6859,162,4.23,non_compliant,1.1,1.29,20.2,False,True,0.616
MEF-0017,2017,Rabat-Salé-Kénitra,regional_office,coastal,owned,3269,1969,48,0.671,162,4.13,non_compliant,1.1,1.26,20.2,False,True,0.625
MEF-0017,2018,Rabat-Salé-Kénitra,regional_office,coastal,owned,3269,1969,49,0.668,160,4.34,non_compliant,1.1,1.33,20.4,False,True,0.631
MEF-0017,2019,Rabat-Salé-Kénitra,regional_office,coastal,owned,3269,1969,50,0.6764,160,4.34,compliant,1.1,1.33,20.4,False,True,0.332
MEF-0017,2020,Rabat-Salé-Kénitra,regional_office,coastal,owned,3269,1969,51,0.5908,158,4.09,non_compliant,1.1,1.25,20.7,False,True,0.666
MEF-0017,2021,Rabat-Salé-Kénitra,regional_office,coastal,owned,3269,1969,52,0.6591,158,4.86,compliant,1.1,1.49,20.7,False,True,0.347
MEF-0017,2022,Rabat-Salé-Kénitra,regional_office,coastal,owned,3269,1969,53,0.618,156,4.99,compliant,1.1,1.53,21.0,False,True,0.366
MEF-0017,2023,Rabat-Salé-Kénitra,regional_office,coastal,owned,3269,1969,54,0.6224,152,4.81,non_compliant,1.1,1.47,21.5,False,True,0.668
MEF-0017,2024,Rabat-Salé-Kénitra,regional_office,coastal,owned,3269,1969,55,0.6482,153,5.27,compliant,1.1,1.61,21.4,False,True,0.364
MEF-0018,2005,Rabat-Salé-Kénitra,regional_office,coastal,owned,2012,2019,0,0.6783,134,1.06,compliant,1.1,0.53,15.0,False,False,0.113
MEF-0018,2006,Rabat-Salé-Kénitra,regional_office,coastal,owned,2012,2019,1,0.6834,135,1.12,compliant,1.1,0.56,14.9,False,False,0.115
MEF-0018,2007,Rabat-Salé-Kénitra,regional_office,coastal,owned,2012,2019,2,0.6756,134,1.17,compliant,1.1,0.58,15.0,False,False,0.122
MEF-0018,2008,Rabat-Salé-Kénitra,regional_office,coastal,owned,2012,2019,3,0.6517,134,1.17,compliant,1.1,0.58,15.0,False,False,0.135
MEF-0018,2009,Rabat-Salé-Kénitra,regional_office,coastal,owned,2012,2019,4,0.6712,131,1.27,partial,1.1,0.63,15.4,False,False,0.283
MEF-0018,2010,Rabat-Salé-Kénitra,regional_office,coastal,owned,2012,2019,5,0.6844,131,1.32,compliant,1.1,0.66,15.4,False,False,0.132
MEF-0018,2011,Rabat-Salé-Kénitra,regional_office,coastal,owned,2012,2019,6,0.6741,133,1.43,compliant,1.1,0.71,15.1,False,False,0.14
MEF-0018,2012,Rabat-Salé-Kénitra,regional_office,coastal,owned,2012,2019,7,0.6753,131,1.41,partial,1.1,0.7,15.4,False,False,0.294
MEF-0018,2013,Rabat-Salé-Kénitra,regional_office,coastal,owned,2012,2019,8,0.694,133,1.59,compliant,1.1,0.79,15.1,False,False,0.142
MEF-0018,2014,Rabat-Salé-Kénitra,regional_office,coastal,owned,2012,2019,9,0.6857,132,1.69,non_compliant,1.1,0.84,15.2,False,False,0.449
MEF-0018,2015,Rabat-Salé-Kénitra,regional_office,coastal,owned,2012,2019,10,0.6802,131,1.63,compliant,1.1,0.81,15.4,False,False,0.156
MEF-0018,2016,Rabat-Salé-Kénitra,regional_office,coastal,owned,2012,2019,11,0.6845,133,1.79,compliant,1.1,0.89,15.1,False,False,0.159
MEF-0018,2017,Rabat-Salé-Kénitra,regional_office,coastal,owned,2012,2019,12,0.6762,131,1.83,compliant,1.1,0.91,15.4,False,False,0.166
MEF-0018,2018,Rabat-Salé-Kénitra,regional_office,coastal,owned,2012,2019,13,0.6916,128,2.08,partial,1.1,1.03,15.7,False,False,0.315
MEF-0018,2019,Rabat-Salé-Kénitra,regional_office,coastal,owned,2012,2019,14,0.6885,129,1.94,compliant,1.1,0.96,15.6,False,False,0.17
MEF-0018,2020,Rabat-Salé-Kénitra,regional_office,coastal,owned,2012,2019,15,0.5543,128,1.71,compliant,1.1,0.85,15.7,False,False,0.222
MEF-0018,2021,Rabat-Salé-Kénitra,regional_office,coastal,owned,2012,2019,16,0.6154,127,1.8,compliant,1.1,0.89,15.8,False,False,0.205
MEF-0018,2022,Rabat-Salé-Kénitra,regional_office,coastal,owned,2012,2019,17,0.5949,129,1.9,compliant,1.1,0.94,15.6,False,False,0.216
MEF-0018,2023,Rabat-Salé-Kénitra,regional_office,coastal,owned,2012,2019,18,0.6313,130,2.18,compliant,1.1,1.08,15.5,False,False,0.208
MEF-0018,2024,Rabat-Salé-Kénitra,regional_office,coastal,owned,2012,2019,19,0.6598,132,2.47,partial,1.1,1.23,15.2,False,False,0.352
MEF-0019,2005,Rabat-Salé-Kénitra,annex,coastal,owned,700,2012,0,0.5418,37,0.5,compliant,1.1,0.71,18.9,False,False,0.16
MEF-0019,2006,Rabat-Salé-Kénitra,annex,coastal,owned,700,2012,1,0.5296,36,0.5,compliant,1.1,0.71,19.4,False,False,0.169
MEF-0019,2007,Rabat-Salé-Kénitra,annex,coastal,owned,700,2012,2,0.5259,35,0.5,partial,1.1,0.71,20.0,False,False,0.325
MEF-0019,2008,Rabat-Salé-Kénitra,annex,coastal,owned,700,2012,3,0.4944,35,0.5,compliant,1.1,0.71,20.0,True,False,0.19
MEF-0019,2009,Rabat-Salé-Kénitra,annex,coastal,owned,700,2012,4,0.5107,35,0.5,compliant,1.1,0.71,20.0,False,False,0.189
MEF-0019,2010,Rabat-Salé-Kénitra,annex,coastal,owned,700,2012,5,0.5069,35,0.5,compliant,1.1,0.71,20.0,False,False,0.194
MEF-0019,2011,Rabat-Salé-Kénitra,annex,coastal,owned,700,2012,6,0.5214,35,0.5,partial,1.1,0.71,20.0,False,False,0.344
MEF-0019,2012,Rabat-Salé-Kénitra,annex,coastal,owned,700,2012,7,0.5251,35,0.5,compliant,1.1,0.71,20.0,False,False,0.197
MEF-0019,2013,Rabat-Salé-Kénitra,annex,coastal,owned,700,2012,8,0.5218,35,0.5,compliant,1.1,0.71,20.0,False,False,0.202
MEF-0019,2014,Rabat-Salé-Kénitra,annex,coastal,owned,700,2012,9,0.4931,35,0.5,compliant,1.1,0.71,20.0,True,False,0.217
MEF-0019,2015,Rabat-Salé-Kénitra,annex,coastal,owned,700,2012,10,0.4677,35,0.5,compliant,1.1,0.71,20.0,True,False,0.23
MEF-0019,2016,Rabat-Salé-Kénitra,annex,coastal,owned,700,2012,11,0.4211,35,0.5,compliant,1.1,0.71,20.0,True,False,0.251
MEF-0019,2017,Rabat-Salé-Kénitra,annex,coastal,owned,700,2012,12,0.4112,35,0.5,partial,1.1,0.71,20.0,True,False,0.409
MEF-0019,2018,Rabat-Salé-Kénitra,annex,coastal,owned,700,2012,13,0.4524,35,0.5,compliant,1.1,0.71,20.0,True,False,0.249
MEF-0019,2019,Rabat-Salé-Kénitra,annex,coastal,owned,700,2012,14,0.4294,35,0.5,partial,1.1,0.71,20.0,True,False,0.411
MEF-0019,2020,Rabat-Salé-Kénitra,annex,coastal,owned,700,2012,15,0.2622,35,0.5,compliant,1.1,0.71,20.0,True,False,0.324
MEF-0019,2021,Rabat-Salé-Kénitra,annex,coastal,owned,700,2012,16,0.33,35,0.5,compliant,1.1,0.71,20.0,True,False,0.304
MEF-0019,2022,Rabat-Salé-Kénitra,annex,coastal,owned,700,2012,17,0.373,36,0.5,compliant,1.1,0.71,19.4,True,False,0.294
MEF-0019,2023,Rabat-Salé-Kénitra,annex,coastal,owned,700,2012,18,0.3786,36,0.5,compliant,1.1,0.71,19.4,True,False,0.296
MEF-0019,2024,Rabat-Salé-Kénitra,annex,coastal,owned,700,2012,19,0.3841,37,0.5,compliant,1.1,0.71,18.9,True,False,0.299
MEF-0020,2005,Rabat-Salé-Kénitra,regional_office,coastal,owned,2437,1977,28,0.6458,195,1.64,compliant,1.1,0.67,12.5,False,False,0.246
MEF-0020,2006,Rabat-Salé-Kénitra,regional_office,coastal,owned,2437,1977,29,0.643,196,1.76,partial,1.1,0.72,12.4,False,False,0.402
MEF-0020,2007,Rabat-Salé-Kénitra,regional_office,coastal,owned,2437,1977,30,0.6508,196,1.82,partial,1.1,0.75,12.4,False,False,0.403
MEF-0020,2008,Rabat-Salé-Kénitra,regional_office,coastal,owned,2437,1977,31,0.6085,195,1.94,non_compliant,1.1,0.8,12.5,False,False,0.573
MEF-0020,2009,Rabat-Salé-Kénitra,regional_office,coastal,owned,2437,1977,32,0.6146,191,1.9,compliant,1.1,0.78,12.8,False,False,0.275
MEF-0020,2010,Rabat-Salé-Kénitra,regional_office,coastal,owned,2437,1977,33,0.6225,190,2.05,non_compliant,1.1,0.84,12.8,False,False,0.576
MEF-0020,2011,Rabat-Salé-Kénitra,regional_office,coastal,owned,2437,1977,34,0.6464,195,2.19,compliant,1.1,0.9,12.5,False,False,0.273
MEF-0020,2012,Rabat-Salé-Kénitra,regional_office,coastal,owned,2437,1977,35,0.6684,190,2.3,compliant,1.1,0.94,12.8,False,False,0.269
MEF-0020,2013,Rabat-Salé-Kénitra,regional_office,coastal,owned,2437,1977,36,0.6704,188,2.25,partial,1.1,0.92,13.0,False,False,0.423
MEF-0020,2014,Rabat-Salé-Kénitra,regional_office,coastal,owned,2437,1977,37,0.6976,190,2.64,compliant,1.1,1.08,12.8,False,False,0.268
MEF-0020,2015,Rabat-Salé-Kénitra,regional_office,coastal,owned,2437,1977,38,0.7342,190,3.28,compliant,1.1,1.35,12.8,False,False,0.259
MEF-0020,2016,Rabat-Salé-Kénitra,regional_office,coastal,owned,2437,1977,39,0.7345,187,2.88,compliant,1.1,1.18,13.0,False,False,0.264
MEF-0020,2017,Rabat-Salé-Kénitra,regional_office,coastal,owned,2437,1977,40,0.7419,186,2.96,compliant,1.1,1.21,13.1,False,False,0.265
MEF-0020,2018,Rabat-Salé-Kénitra,regional_office,coastal,owned,2437,1977,41,0.7099,187,3.43,compliant,1.1,1.41,13.0,False,True,0.281
MEF-0020,2019,Rabat-Salé-Kénitra,regional_office,coastal,owned,2437,1977,42,0.6836,187,3.29,non_compliant,1.1,1.35,13.0,False,True,0.594
MEF-0020,2020,Rabat-Salé-Kénitra,regional_office,coastal,owned,2437,1977,43,0.5485,188,2.69,compliant,1.1,1.1,13.0,False,True,0.346
MEF-0020,2021,Rabat-Salé-Kénitra,regional_office,coastal,owned,2437,1977,44,0.5907,186,3.16,non_compliant,1.1,1.3,13.1,False,True,0.636
MEF-0020,2022,Rabat-Salé-Kénitra,regional_office,coastal,owned,2437,1977,45,0.5711,189,2.92,non_compliant,1.1,1.2,12.9,False,True,0.647
MEF-0020,2023,Rabat-Salé-Kénitra,regional_office,coastal,owned,2437,1977,46,0.5706,192,3.13,non_compliant,1.1,1.28,12.7,False,True,0.652
MEF-0020,2024,Rabat-Salé-Kénitra,regional_office,coastal,owned,2437,1977,47,0.5633,194,3.36,compliant,1.1,1.38,12.6,False,True,0.358
MEF-0021,2005,Casablanca-Settat,regional_office,coastal,leased,3993,2008,0,0.6718,267,2.22,compliant,1.05,0.56,15.0,False,False,0.115
MEF-0021,2006,Casablanca-Settat,regional_office,coastal,leased,3993,2008,1,0.681,269,2.25,compliant,1.05,0.56,14.8,False,False,0.116
MEF-0021,2007,Casablanca-Settat,regional_office,coastal,leased,3993,2008,2,0.6694,269,2.3,compliant,1.05,0.58,14.8,False,False,0.124
MEF-0021,2008,Casablanca-Settat,regional_office,coastal,leased,3993,2008,3,0.6771,267,2.4,partial,1.05,0.6,15.0,False,False,0.276
MEF-0021,2009,Casablanca-Settat,regional_office,coastal,leased,3993,2008,4,0.6915,264,2.61,compliant,1.05,0.65,15.1,False,False,0.125
MEF-0021,2010,Casablanca-Settat,regional_office,coastal,leased,3993,2008,5,0.705,266,2.84,compliant,1.05,0.71,15.0,False,False,0.125
MEF-0021,2011,Casablanca-Settat,regional_office,coastal,leased,3993,2008,6,0.7263,264,2.86,partial,1.05,0.72,15.1,False,False,0.272
MEF-0021,2012,Casablanca-Settat,regional_office,coastal,leased,3993,2008,7,0.7389,263,3.06,compliant,1.05,0.77,15.2,False,False,0.122
MEF-0021,2013,Casablanca-Settat,regional_office,coastal,leased,3993,2008,8,0.745,264,3.26,non_compliant,1.05,0.82,15.1,False,False,0.424
MEF-0021,2014,Casablanca-Settat,regional_office,coastal,leased,3993,2008,9,0.7641,263,3.34,partial,1.05,0.84,15.2,False,False,0.272
MEF-0021,2015,Casablanca-Settat,regional_office,coastal,leased,3993,2008,10,0.7634,262,3.56,non_compliant,1.05,0.89,15.2,False,False,0.427
MEF-0021,2016,Casablanca-Settat,regional_office,coastal,leased,3993,2008,11,0.7473,259,3.69,compliant,1.05,0.92,15.4,False,False,0.137
MEF-0021,2017,Casablanca-Settat,regional_office,coastal,leased,3993,2008,12,0.7441,260,4.04,compliant,1.05,1.01,15.4,False,False,0.142
MEF-0021,2018,Casablanca-Settat,regional_office,coastal,leased,3993,2008,13,0.7306,264,4.04,compliant,1.05,1.01,15.1,False,False,0.151
MEF-0021,2019,Casablanca-Settat,regional_office,coastal,leased,3993,2008,14,0.7182,266,4.13,partial,1.05,1.03,15.0,False,False,0.31
MEF-0021,2020,Casablanca-Settat,regional_office,coastal,leased,3993,2008,15,0.5955,267,3.66,compliant,1.05,0.92,15.0,False,False,0.207
MEF-0021,2021,Casablanca-Settat,regional_office,coastal,leased,3993,2008,16,0.6313,268,3.89,compliant,1.05,0.97,14.9,False,False,0.199
MEF-0021,2022,Casablanca-Settat,regional_office,coastal,leased,3993,2008,17,0.6258,267,4.11,compliant,1.05,1.03,15.0,False,False,0.205
MEF-0021,2023,Casablanca-Settat,regional_office,coastal,leased,3993,2008,18,0.5918,261,3.98,partial,1.05,1.0,15.3,False,False,0.372
MEF-0021,2024,Casablanca-Settat,regional_office,coastal,leased,3993,2008,19,0.5958,258,4.23,compliant,1.05,1.06,15.5,False,False,0.225
MEF-0022,2005,Casablanca-Settat,annex,coastal,owned,689,1999,6,0.5025,43,0.5,compliant,1.05,0.73,16.0,False,False,0.2
MEF-0022,2006,Casablanca-Settat,annex,coastal,owned,689,1999,7,0.5248,43,0.5,compliant,1.05,0.73,16.0,False,False,0.197
MEF-0022,2007,Casablanca-Settat,annex,coastal,owned,689,1999,8,0.519,42,0.5,partial,1.05,0.73,16.4,False,False,0.353
MEF-0022,2008,Casablanca-Settat,annex,coastal,owned,689,1999,9,0.5119,42,0.5,compliant,1.05,0.73,16.4,False,False,0.21
MEF-0022,2009,Casablanca-Settat,annex,coastal,owned,689,1999,10,0.5206,41,0.5,compliant,1.05,0.73,16.8,False,False,0.212
MEF-0022,2010,Casablanca-Settat,annex,coastal,owned,689,1999,11,0.5139,40,0.5,non_compliant,1.05,0.73,17.2,False,False,0.518
MEF-0022,2011,Casablanca-Settat,annex,coastal,owned,689,1999,12,0.5518,40,0.5,compliant,1.05,0.73,17.2,False,False,0.209
MEF-0022,2012,Casablanca-Settat,annex,coastal,owned,689,1999,13,0.5468,39,0.5,compliant,1.05,0.73,17.7,False,False,0.215
MEF-0022,2013,Casablanca-Settat,annex,coastal,owned,689,1999,14,0.5533,38,0.5,non_compliant,1.05,0.73,18.1,False,False,0.518
MEF-0022,2014,Casablanca-Settat,annex,coastal,owned,689,1999,15,0.5707,38,0.5,partial,1.05,0.73,18.1,False,False,0.366
MEF-0022,2015,Casablanca-Settat,annex,coastal,owned,689,1999,16,0.5995,39,0.53,compliant,1.05,0.77,17.7,False,False,0.21
MEF-0022,2016,Casablanca-Settat,annex,coastal,owned,689,1999,17,0.586,39,0.53,compliant,1.05,0.77,17.7,False,False,0.219
MEF-0022,2017,Casablanca-Settat,annex,coastal,owned,689,1999,18,0.5783,39,0.54,compliant,1.05,0.78,17.7,False,False,0.226
MEF-0022,2018,Casablanca-Settat,annex,coastal,owned,689,1999,19,0.6011,40,0.59,compliant,1.05,0.86,17.2,False,False,0.223
MEF-0022,2019,Casablanca-Settat,annex,coastal,owned,689,1999,20,0.6156,39,0.66,compliant,1.05,0.96,17.7,False,False,0.222
MEF-0022,2020,Casablanca-Settat,annex,coastal,owned,689,1999,21,0.5147,39,0.54,compliant,1.05,0.78,17.7,False,False,0.262
MEF-0022,2021,Casablanca-Settat,annex,coastal,owned,689,1999,22,0.5401,38,0.63,non_compliant,1.05,0.91,18.1,False,False,0.557
MEF-0022,2022,Casablanca-Settat,annex,coastal,owned,689,1999,23,0.5679,38,0.72,compliant,1.05,1.04,18.1,False,False,0.252
MEF-0022,2023,Casablanca-Settat,annex,coastal,owned,689,1999,24,0.5541,38,0.7,compliant,1.05,1.02,18.1,False,False,0.261
MEF-0022,2024,Casablanca-Settat,annex,coastal,owned,689,1999,25,0.5575,38,0.71,compliant,1.05,1.03,18.1,False,False,0.264
MEF-0023,2005,Casablanca-Settat,regional_office,coastal,owned,2974,1968,37,0.5836,148,2.04,compliant,1.05,0.69,20.1,False,False,0.308
MEF-0023,2006,Casablanca-Settat,regional_office,coastal,owned,2974,1968,38,0.6114,148,2.14,non_compliant,1.05,0.72,20.1,False,False,0.602
MEF-0023,2007,Casablanca-Settat,regional_office,coastal,owned,2974,1968,39,0.5858,146,2.1,partial,1.05,0.71,20.4,False,False,0.466
MEF-0023,2008,Casablanca-Settat,regional_office,coastal,owned,2974,1968,40,0.5812,147,2.27,compliant,1.05,0.76,20.2,False,False,0.322
MEF-0023,2009,Casablanca-Settat,regional_office,coastal,owned,2974,1968,41,0.5736,146,2.44,compliant,1.05,0.82,20.4,False,True,0.329
MEF-0023,2010,Casablanca-Settat,regional_office,coastal,owned,2974,1968,42,0.5843,144,2.49,compliant,1.05,0.84,20.7,False,True,0.329
MEF-0023,2011,Casablanca-Settat,regional_office,coastal,owned,2974,1968,43,0.5557,143,2.63,compliant,1.05,0.88,20.8,False,True,0.344
MEF-0023,2012,Casablanca-Settat,regional_office,coastal,owned,2974,1968,44,0.5642,143,2.47,non_compliant,1.05,0.83,20.8,False,True,0.645
MEF-0023,2013,Casablanca-Settat,regional_office,coastal,owned,2974,1968,45,0.6008,140,2.91,compliant,1.05,0.98,21.2,False,True,0.337
MEF-0023,2014,Casablanca-Settat,regional_office,coastal,owned,2974,1968,46,0.5764,139,2.77,compliant,1.05,0.93,21.4,False,True,0.35
MEF-0023,2015,Casablanca-Settat,regional_office,coastal,owned,2974,1968,47,0.5799,138,3.1,partial,1.05,1.04,21.6,False,True,0.503
MEF-0023,2016,Casablanca-Settat,regional_office,coastal,owned,2974,1968,48,0.5681,136,3.23,compliant,1.05,1.09,21.9,False,True,0.361
MEF-0023,2017,Casablanca-Settat,regional_office,coastal,owned,2974,1968,49,0.576,134,3.24,non_compliant,1.05,1.09,22.2,False,True,0.663
MEF-0023,2018,Casablanca-Settat,regional_office,coastal,owned,2974,1968,50,0.5765,132,3.08,compliant,1.05,1.04,22.5,False,True,0.367
MEF-0023,2019,Casablanca-Settat,regional_office,coastal,owned,2974,1968,51,0.5651,133,3.54,compliant,1.05,1.19,22.4,False,True,0.375
MEF-0023,2020,Casablanca-Settat,regional_office,coastal,owned,2974,1968,52,0.454,131,2.99,compliant,1.05,1.01,22.7,True,True,0.419
MEF-0023,2021,Casablanca-Settat,regional_office,coastal,owned,2974,1968,53,0.5369,131,3.68,compliant,1.05,1.24,22.7,False,True,0.394
MEF-0023,2022,Casablanca-Settat,regional_office,coastal,owned,2974,1968,54,0.5337,130,3.94,compliant,1.05,1.32,22.9,False,True,0.399
MEF-0023,2023,Casablanca-Settat,regional_office,coastal,owned,2974,1968,55,0.5469,131,3.83,non_compliant,1.05,1.29,22.7,False,True,0.699
MEF-0023,2024,Casablanca-Settat,regional_office,coastal,owned,2974,1968,56,0.5238,133,4.11,non_compliant,1.05,1.38,22.4,False,True,0.712
MEF-0024,2005,Casablanca-Settat,regional_office,coastal,leased,1517,2008,0,0.6858,74,0.79,compliant,1.05,0.52,20.5,False,False,0.11
MEF-0024,2006,Casablanca-Settat,regional_office,coastal,leased,1517,2008,1,0.6666,74,0.8,partial,1.05,0.53,20.5,False,False,0.271
MEF-0024,2007,Casablanca-Settat,regional_office,coastal,leased,1517,2008,2,0.645,72,0.86,compliant,1.05,0.57,21.1,False,False,0.133
MEF-0024,2008,Casablanca-Settat,regional_office,coastal,leased,1517,2008,3,0.6605,72,0.93,compliant,1.05,0.61,21.1,False,False,0.132
MEF-0024,2009,Casablanca-Settat,regional_office,coastal,leased,1517,2008,4,0.6709,73,0.93,compliant,1.05,0.61,20.8,False,False,0.133
MEF-0024,2010,Casablanca-Settat,regional_office,coastal,leased,1517,2008,5,0.6626,74,1.01,non_compliant,1.05,0.67,20.5,False,False,0.44
MEF-0024,2011,Casablanca-Settat,regional_office,coastal,leased,1517,2008,6,0.6422,75,1.04,compliant,1.05,0.69,20.2,False,False,0.151
MEF-0024,2012,Casablanca-Settat,regional_office,coastal,leased,1517,2008,7,0.6684,75,1.16,compliant,1.05,0.76,20.2,False,False,0.147
MEF-0024,2013,Casablanca-Settat,regional_office,coastal,leased,1517,2008,8,0.6374,74,1.08,compliant,1.05,0.71,20.5,False,False,0.162
MEF-0024,2014,Casablanca-Settat,regional_office,coastal,leased,1517,2008,9,0.6267,75,1.07,compliant,1.05,0.71,20.2,False,False,0.17
MEF-0024,2015,Casablanca-Settat,regional_office,coastal,leased,1517,2008,10,0.6309,75,1.11,compliant,1.05,0.73,20.2,False,False,0.173
MEF-0024,2016,Casablanca-Settat,regional_office,coastal,leased,1517,2008,11,0.6633,75,1.21,partial,1.05,0.8,20.2,False,False,0.316
MEF-0024,2017,Casablanca-Settat,regional_office,coastal,leased,1517,2008,12,0.6702,74,1.4,compliant,1.05,0.92,20.5,False,False,0.168
MEF-0024,2018,Casablanca-Settat,regional_office,coastal,leased,1517,2008,13,0.6788,73,1.33,compliant,1.05,0.88,20.8,False,False,0.169
MEF-0024,2019,Casablanca-Settat,regional_office,coastal,leased,1517,2008,14,0.6685,73,1.52,compliant,1.05,1.0,20.8,False,False,0.177
MEF-0024,2020,Casablanca-Settat,regional_office,coastal,leased,1517,2008,15,0.5587,73,1.22,compliant,1.05,0.8,20.8,False,False,0.22
MEF-0024,2021,Casablanca-Settat,regional_office,coastal,leased,1517,2008,16,0.6108,75,1.4,non_compliant,1.05,0.92,20.2,False,False,0.506
MEF-0024,2022,Casablanca-Settat,regional_office,coastal,leased,1517,2008,17,0.5823,75,1.42,compliant,1.05,0.94,20.2,False,False,0.221
MEF-0024,2023,Casablanca-Settat,regional_office,coastal,leased,1517,2008,18,0.5967,74,1.49,compliant,1.05,0.98,20.5,False,False,0.22
MEF-0024,2024,Casablanca-Settat,regional_office,coastal,leased,1517,2008,19,0.6143,74,1.7,compliant,1.05,1.12,20.5,False,False,0.218
MEF-0025,2005,Casablanca-Settat,regional_office,coastal,owned,3906,1971,34,0.5946,201,2.8,non_compliant,1.05,0.72,19.4,False,False,0.591
MEF-0025,2006,Casablanca-Settat,regional_office,coastal,owned,3906,1971,35,0.578,198,2.61,compliant,1.05,0.67,19.7,False,False,0.301
MEF-0025,2007,Casablanca-Settat,regional_office,coastal,owned,3906,1971,36,0.5512,198,2.68,non_compliant,1.05,0.69,19.7,False,False,0.615
MEF-0025,2008,Casablanca-Settat,regional_office,coastal,owned,3906,1971,37,0.5397,197,2.77,compliant,1.05,0.71,19.8,False,False,0.323
MEF-0025,2009,Casablanca-Settat,regional_office,coastal,owned,3906,1971,38,0.5384,197,2.88,non_compliant,1.05,0.74,19.8,False,False,0.628
MEF-0025,2010,Casablanca-Settat,regional_office,coastal,owned,3906,1971,39,0.5125,195,2.81,compliant,1.05,0.72,20.0,False,False,0.341
MEF-0025,2011,Casablanca-Settat,regional_office,coastal,owned,3906,1971,40,0.4962,197,2.91,compliant,1.05,0.75,19.8,True,False,0.351
MEF-0025,2012,Casablanca-Settat,regional_office,coastal,owned,3906,1971,41,0.4785,196,2.9,non_compliant,1.05,0.74,19.9,True,True,0.662
MEF-0025,2013,Casablanca-Settat,regional_office,coastal,owned,3906,1971,42,0.4825,193,2.84,non_compliant,1.05,0.73,20.2,True,True,0.665
MEF-0025,2014,Casablanca-Settat,regional_office,coastal,owned,3906,1971,43,0.4841,191,3.23,compliant,1.05,0.83,20.5,True,True,0.369
MEF-0025,2015,Casablanca-Settat,regional_office,coastal,owned,3906,1971,44,0.4715,192,3.28,non_compliant,1.05,0.84,20.3,True,True,0.677
MEF-0025,2016,Casablanca-Settat,regional_office,coastal,owned,3906,1971,45,0.475,191,3.23,compliant,1.05,0.83,20.5,True,True,0.381
MEF-0025,2017,Casablanca-Settat,regional_office,coastal,owned,3906,1971,46,0.4655,190,3.4,compliant,1.05,0.87,20.6,True,True,0.388
MEF-0025,2018,Casablanca-Settat,regional_office,coastal,owned,3906,1971,47,0.461,190,3.6,compliant,1.05,0.92,20.6,True,True,0.394
MEF-0025,2019,Casablanca-Settat,regional_office,coastal,owned,3906,1971,48,0.4915,186,3.87,compliant,1.05,0.99,21.0,True,True,0.388
MEF-0025,2020,Casablanca-Settat,regional_office,coastal,owned,3906,1971,49,0.3959,183,3.41,compliant,1.05,0.87,21.3,True,True,0.426
MEF-0025,2021,Casablanca-Settat,regional_office,coastal,owned,3906,1971,50,0.4231,184,3.99,compliant,1.05,1.02,21.2,True,True,0.421
MEF-0025,2022,Casablanca-Settat,regional_office,coastal,owned,3906,1971,51,0.4384,182,3.81,compliant,1.05,0.98,21.5,True,True,0.42
MEF-0025,2023,Casablanca-Settat,regional_office,coastal,owned,3906,1971,52,0.4535,179,4.01,non_compliant,1.05,1.03,21.8,True,True,0.719
MEF-0025,2024,Casablanca-Settat,regional_office,coastal,owned,3906,1971,53,0.4332,179,4.28,compliant,1.05,1.1,21.8,True,True,0.43
MEF-0026,2005,Casablanca-Settat,annex,coastal,owned,987,1996,9,0.5416,67,0.5,partial,1.05,0.51,14.7,False,False,0.35
MEF-0026,2006,Casablanca-Settat,annex,coastal,owned,987,1996,10,0.5514,67,0.5,compliant,1.05,0.51,14.7,False,False,0.201
MEF-0026,2007,Casablanca-Settat,annex,coastal,owned,987,1996,11,0.5326,67,0.51,compliant,1.05,0.52,14.7,False,False,0.212
MEF-0026,2008,Casablanca-Settat,annex,coastal,owned,987,1996,12,0.535,66,0.57,partial,1.05,0.58,15.0,False,False,0.365
MEF-0026,2009,Casablanca-Settat,annex,coastal,owned,987,1996,13,0.538,66,0.56,compliant,1.05,0.57,15.0,False,False,0.219
MEF-0026,2010,Casablanca-Settat,annex,coastal,owned,987,1996,14,0.5254,66,0.54,partial,1.05,0.55,15.0,False,False,0.377
MEF-0026,2011,Casablanca-Settat,annex,coastal,owned,987,1996,15,0.5314,66,0.58,partial,1.05,0.59,15.0,False,False,0.38
MEF-0026,2012,Casablanca-Settat,annex,coastal,owned,987,1996,16,0.5132,67,0.58,partial,1.05,0.59,14.7,False,False,0.39
MEF-0026,2013,Casablanca-Settat,annex,coastal,owned,987,1996,17,0.4931,66,0.61,compliant,1.05,0.62,15.0,True,False,0.252
MEF-0026,2014,Casablanca-Settat,annex,coastal,owned,987,1996,18,0.495,66,0.61,compliant,1.05,0.62,15.0,True,False,0.256
MEF-0026,2015,Casablanca-Settat,annex,coastal,owned,987,1996,19,0.4651,66,0.6,partial,1.05,0.61,15.0,True,False,0.42
MEF-0026,2016,Casablanca-Settat,annex,coastal,owned,987,1996,20,0.4266,67,0.56,compliant,1.05,0.57,14.7,True,False,0.288
MEF-0026,2017,Casablanca-Settat,annex,coastal,owned,987,1996,21,0.4364,66,0.62,compliant,1.05,0.63,15.0,True,False,0.289
MEF-0026,2018,Casablanca-Settat,annex,coastal,owned,987,1996,22,0.4555,66,0.69,partial,1.05,0.7,15.0,True,False,0.437
MEF-0026,2019,Casablanca-Settat,annex,coastal,owned,987,1996,23,0.4472,65,0.62,partial,1.05,0.63,15.2,True,False,0.444
MEF-0026,2020,Casablanca-Settat,annex,coastal,owned,987,1996,24,0.3153,65,0.52,compliant,1.05,0.53,15.2,True,False,0.345
MEF-0026,2021,Casablanca-Settat,annex,coastal,owned,987,1996,25,0.3838,65,0.65,compliant,1.05,0.66,15.2,True,False,0.325
MEF-0026,2022,Casablanca-Settat,annex,coastal,owned,987,1996,26,0.3635,65,0.62,compliant,1.05,0.63,15.2,True,False,0.337
MEF-0026,2023,Casablanca-Settat,annex,coastal,owned,987,1996,27,0.3392,65,0.67,partial,1.05,0.68,15.2,True,False,0.499
MEF-0026,2024,Casablanca-Settat,annex,coastal,owned,987,1996,28,0.3523,66,0.7,partial,1.05,0.71,15.0,True,False,0.499
MEF-0027,2005,Casablanca-Settat,annex,coastal,leased,483,1967,38,0.5018,30,0.5,non_compliant,1.05,1.04,16.1,False,False,0.641
MEF-0027,2006,Casablanca-Settat,annex,coastal,leased,483,1967,39,0.5056,30,0.5,non_compliant,1.05,1.04,16.1,False,False,0.644
MEF-0027,2007,Casablanca-Settat,annex,coastal,leased,483,1967,40,0.5273,30,0.5,non_compliant,1.05,1.04,16.1,False,False,0.64
MEF-0027,2008,Casablanca-Settat,annex,coastal,leased,483,1967,41,0.5184,30,0.5,non_compliant,1.05,1.04,16.1,False,True,0.648
MEF-0027,2009,Casablanca-Settat,annex,coastal,leased,483,1967,42,0.4846,30,0.5,compliant,1.05,1.04,16.1,True,True,0.364
MEF-0027,2010,Casablanca-Settat,annex,coastal,leased,483,1967,43,0.4959,30,0.5,partial,1.05,1.04,16.1,True,True,0.515
MEF-0027,2011,Casablanca-Settat,annex,coastal,leased,483,1967,44,0.4845,30,0.5,compliant,1.05,1.04,16.1,True,True,0.373
MEF-0027,2012,Casablanca-Settat,annex,coastal,leased,483,1967,45,0.4631,30,0.5,compliant,1.05,1.04,16.1,True,True,0.385
MEF-0027,2013,Casablanca-Settat,annex,coastal,leased,483,1967,46,0.452,30,0.5,non_compliant,1.05,1.04,16.1,True,True,0.693
MEF-0027,2014,Casablanca-Settat,annex,coastal,leased,483,1967,47,0.4488,30,0.5,compliant,1.05,1.04,16.1,True,True,0.399
MEF-0027,2015,Casablanca-Settat,annex,coastal,leased,483,1967,48,0.4381,30,0.5,non_compliant,1.05,1.04,16.1,True,True,0.707
MEF-0027,2016,Casablanca-Settat,annex,coastal,leased,483,1967,49,0.3985,30,0.5,non_compliant,1.05,1.04,16.1,True,True,0.725
MEF-0027,2017,Casablanca-Settat,annex,coastal,leased,483,1967,50,0.4149,30,0.5,non_compliant,1.05,1.04,16.1,True,True,0.724
MEF-0027,2018,Casablanca-Settat,annex,coastal,leased,483,1967,51,0.4381,29,0.5,non_compliant,1.05,1.04,16.7,True,True,0.72
MEF-0027,2019,Casablanca-Settat,annex,coastal,leased,483,1967,52,0.45,29,0.5,compliant,1.05,1.04,16.7,True,True,0.42
MEF-0027,2020,Casablanca-Settat,annex,coastal,leased,483,1967,53,0.3096,29,0.5,compliant,1.05,1.04,16.7,True,True,0.474
MEF-0027,2021,Casablanca-Settat,annex,coastal,leased,483,1967,54,0.3564,29,0.5,compliant,1.05,1.04,16.7,True,True,0.462
MEF-0027,2022,Casablanca-Settat,annex,coastal,leased,483,1967,55,0.3566,29,0.5,compliant,1.05,1.04,16.7,True,True,0.466
MEF-0027,2023,Casablanca-Settat,annex,coastal,leased,483,1967,56,0.3677,29,0.5,compliant,1.05,1.04,16.7,True,True,0.466
MEF-0027,2024,Casablanca-Settat,annex,coastal,leased,483,1967,57,0.3801,29,0.5,compliant,1.05,1.04,16.7,True,True,0.466
MEF-0028,2005,Casablanca-Settat,ministry_hq,coastal,owned,14756,2004,1,0.802,795,9.61,compliant,1.05,0.65,18.6,False,False,0.074
MEF-0028,2006,Casablanca-Settat,ministry_hq,coastal,owned,14756,2004,2,0.8259,799,10.51,compliant,1.05,0.71,18.5,False,False,0.07
MEF-0028,2007,Casablanca-Settat,ministry_hq,coastal,owned,14756,2004,3,0.8372,797,10.96,compliant,1.05,0.74,18.5,False,False,0.07
MEF-0028,2008,Casablanca-Settat,ministry_hq,coastal,owned,14756,2004,4,0.8564,791,11.34,compliant,1.05,0.77,18.7,False,False,0.068
MEF-0028,2009,Casablanca-Settat,ministry_hq,coastal,owned,14756,2004,5,0.8926,794,12.41,compliant,1.05,0.84,18.6,False,False,0.059
MEF-0028,2010,Casablanca-Settat,ministry_hq,coastal,owned,14756,2004,6,0.9097,788,13.4,non_compliant,1.05,0.91,18.7,False,False,0.358
MEF-0028,2011,Casablanca-Settat,ministry_hq,coastal,owned,14756,2004,7,0.9154,795,13.44,partial,1.05,0.91,18.6,False,False,0.21
MEF-0028,2012,Casablanca-Settat,ministry_hq,coastal,owned,14756,2004,8,0.9446,803,15.6,non_compliant,1.05,1.06,18.4,False,False,0.354
MEF-0028,2013,Casablanca-Settat,ministry_hq,coastal,owned,14756,2004,9,0.9758,802,16.35,compliant,1.05,1.11,18.4,False,False,0.048
MEF-0028,2014,Casablanca-Settat,ministry_hq,coastal,owned,14756,2004,10,0.98,792,16.99,compliant,1.05,1.15,18.6,False,False,0.051
MEF-0028,2015,Casablanca-Settat,ministry_hq,coastal,owned,14756,2004,11,0.98,785,18.5,partial,1.05,1.25,18.8,False,False,0.205
MEF-0028,2016,Casablanca-Settat,ministry_hq,coastal,owned,14756,2004,12,0.9732,798,18.2,compliant,1.05,1.23,18.5,False,False,0.062
MEF-0028,2017,Casablanca-Settat,ministry_hq,coastal,owned,14756,2004,13,0.9628,803,18.74,compliant,1.05,1.27,18.4,False,False,0.07
MEF-0028,2018,Casablanca-Settat,ministry_hq,coastal,owned,14756,2004,14,0.9751,814,19.55,compliant,1.05,1.32,18.1,False,False,0.07
MEF-0028,2019,Casablanca-Settat,ministry_hq,coastal,owned,14756,2004,15,0.9776,809,21.13,compliant,1.05,1.43,18.2,False,False,0.073
MEF-0028,2020,Casablanca-Settat,ministry_hq,coastal,owned,14756,2004,16,0.8535,830,19.21,compliant,1.05,1.3,17.8,False,False,0.121
MEF-0028,2021,Casablanca-Settat,ministry_hq,coastal,owned,14756,2004,17,0.9134,829,20.61,compliant,1.05,1.4,17.8,False,False,0.105
MEF-0028,2022,Casablanca-Settat,ministry_hq,coastal,owned,14756,2004,18,0.8867,833,21.28,compliant,1.05,1.44,17.7,False,False,0.118
MEF-0028,2023,Casablanca-Settat,ministry_hq,coastal,owned,14756,2004,19,0.889,820,21.82,compliant,1.05,1.48,18.0,False,False,0.122
MEF-0028,2024,Casablanca-Settat,ministry_hq,coastal,owned,14756,2004,20,0.9089,819,23.22,compliant,1.05,1.57,18.0,False,False,0.119
MEF-0029,2005,Casablanca-Settat,ministry_hq,coastal,owned,15135,1975,30,0.7791,733,13.0,compliant,1.05,0.86,20.6,False,False,0.209
MEF-0029,2006,Casablanca-Settat,ministry_hq,coastal,owned,15135,1975,31,0.7638,740,13.81,compliant,1.05,0.91,20.5,False,False,0.218
MEF-0029,2007,Casablanca-Settat,ministry_hq,coastal,owned,15135,1975,32,0.7741,745,13.63,non_compliant,1.05,0.9,20.3,False,False,0.519
MEF-0029,2008,Casablanca-Settat,ministry_hq,coastal,owned,15135,1975,33,0.742,751,13.51,compliant,1.05,0.89,20.2,False,False,0.235
MEF-0029,2009,Casablanca-Settat,ministry_hq,coastal,owned,15135,1975,34,0.7356,754,14.24,compliant,1.05,0.94,20.1,False,False,0.241
MEF-0029,2010,Casablanca-Settat,ministry_hq,coastal,owned,15135,1975,35,0.7411,745,15.81,compliant,1.05,1.04,20.3,False,False,0.244
MEF-0029,2011,Casablanca-Settat,ministry_hq,coastal,owned,15135,1975,36,0.7445,740,15.93,compliant,1.05,1.05,20.5,False,False,0.247
MEF-0029,2012,Casablanca-Settat,ministry_hq,coastal,owned,15135,1975,37,0.793,715,17.18,non_compliant,1.05,1.14,21.2,False,False,0.534
MEF-0029,2013,Casablanca-Settat,ministry_hq,coastal,owned,15135,1975,38,0.7993,704,18.8,compliant,1.05,1.24,21.5,False,False,0.236
MEF-0029,2014,Casablanca-Settat,ministry_hq,coastal,owned,15135,1975,39,0.7812,700,17.96,compliant,1.05,1.19,21.6,False,False,0.247
MEF-0029,2015,Casablanca-Settat,ministry_hq,coastal,owned,15135,1975,40,0.7795,704,20.07,non_compliant,1.05,1.33,21.5,False,False,0.552
MEF-0029,2016,Casablanca-Settat,ministry_hq,coastal,owned,15135,1975,41,0.7475,699,19.85,compliant,1.05,1.31,21.7,False,True,0.268
MEF-0029,2017,Casablanca-Settat,ministry_hq,coastal,owned,15135,1975,42,0.7461,698,20.07,compliant,1.05,1.33,21.7,False,True,0.273
MEF-0029,2018,Casablanca-Settat,ministry_hq,coastal,owned,15135,1975,43,0.7312,711,20.06,compliant,1.05,1.33,21.3,False,True,0.282
MEF-0029,2019,Casablanca-Settat,ministry_hq,coastal,owned,15135,1975,44,0.7478,722,21.34,partial,1.05,1.41,21.0,False,True,0.431
MEF-0029,2020,Casablanca-Settat,ministry_hq,coastal,owned,15135,1975,45,0.6179,729,19.46,non_compliant,1.05,1.29,20.8,False,True,0.631
MEF-0029,2021,Casablanca-Settat,ministry_hq,coastal,owned,15135,1975,46,0.6662,717,22.46,non_compliant,1.05,1.48,21.1,False,True,0.618
MEF-0029,2022,Casablanca-Settat,ministry_hq,coastal,owned,15135,1975,47,0.655,709,21.38,compliant,1.05,1.41,21.3,False,True,0.326
MEF-0029,2023,Casablanca-Settat,ministry_hq,coastal,owned,15135,1975,48,0.6865,705,24.4,non_compliant,1.05,1.61,21.5,False,True,0.62
MEF-0029,2024,Casablanca-Settat,ministry_hq,coastal,owned,15135,1975,49,0.6809,700,22.7,compliant,1.05,1.5,21.6,False,True,0.326
MEF-0030,2005,Casablanca-Settat,regional_office,coastal,owned,897,1981,24,0.6325,52,0.55,compliant,1.05,0.61,17.2,False,False,0.234
MEF-0030,2006,Casablanca-Settat,regional_office,coastal,owned,897,1981,25,0.6329,51,0.61,compliant,1.05,0.68,17.6,False,False,0.238
MEF-0030,2007,Casablanca-Settat,regional_office,coastal,owned,897,1981,26,0.6489,52,0.71,non_compliant,1.05,0.79,17.2,False,False,0.537
MEF-0030,2008,Casablanca-Settat,regional_office,coastal,owned,897,1981,27,0.6372,52,0.66,compliant,1.05,0.74,17.2,False,False,0.245
MEF-0030,2009,Casablanca-Settat,regional_office,coastal,owned,897,1981,28,0.6372,52,0.72,non_compliant,1.05,0.8,17.2,False,False,0.549
MEF-0030,2010,Casablanca-Settat,regional_office,coastal,owned,897,1981,29,0.6383,52,0.75,compliant,1.05,0.84,17.2,False,False,0.253
MEF-0030,2011,Casablanca-Settat,regional_office,coastal,owned,897,1981,30,0.6291,52,0.77,compliant,1.05,0.86,17.2,False,False,0.261
MEF-0030,2012,Casablanca-Settat,regional_office,coastal,owned,897,1981,31,0.6507,51,0.81,compliant,1.05,0.9,17.6,False,False,0.258
MEF-0030,2013,Casablanca-Settat,regional_office,coastal,owned,897,1981,32,0.6468,51,0.85,compliant,1.05,0.95,17.6,False,False,0.264
MEF-0030,2014,Casablanca-Settat,regional_office,coastal,owned,897,1981,33,0.6188,51,0.85,partial,1.05,0.95,17.6,False,False,0.428
MEF-0030,2015,Casablanca-Settat,regional_office,coastal,owned,897,1981,34,0.6134,52,0.88,compliant,1.05,0.98,17.2,False,False,0.284
MEF-0030,2016,Casablanca-Settat,regional_office,coastal,owned,897,1981,35,0.618,52,0.86,compliant,1.05,0.96,17.2,False,False,0.287
MEF-0030,2017,Casablanca-Settat,regional_office,coastal,owned,897,1981,36,0.602,52,0.85,compliant,1.05,0.95,17.2,False,False,0.297
MEF-0030,2018,Casablanca-Settat,regional_office,coastal,owned,897,1981,37,0.5874,52,0.87,compliant,1.05,0.97,17.2,False,False,0.306
MEF-0030,2019,Casablanca-Settat,regional_office,coastal,owned,897,1981,38,0.5777,52,0.94,non_compliant,1.05,1.05,17.2,False,False,0.614
MEF-0030,2020,Casablanca-Settat,regional_office,coastal,owned,897,1981,39,0.4798,51,0.85,compliant,1.05,0.95,17.6,True,False,0.353
MEF-0030,2021,Casablanca-Settat,regional_office,coastal,owned,897,1981,40,0.5214,51,0.9,partial,1.05,1.0,17.6,False,False,0.493
MEF-0030,2022,Casablanca-Settat,regional_office,coastal,owned,897,1981,41,0.5474,51,1.06,partial,1.05,1.18,17.6,False,True,0.488
MEF-0030,2023,Casablanca-Settat,regional_office,coastal,owned,897,1981,42,0.5365,50,1.03,non_compliant,1.05,1.15,17.9,False,True,0.646
MEF-0030,2024,Casablanca-Settat,regional_office,coastal,owned,897,1981,43,0.5426,50,1.08,non_compliant,1.05,1.2,17.9,False,True,0.648
MEF-0031,2005,Casablanca-Settat,annex,coastal,leased,809,2007,0,0.5163,50,0.5,non_compliant,1.05,0.62,16.2,False,False,0.469
MEF-0031,2006,Casablanca-Settat,annex,coastal,leased,809,2007,1,0.518,49,0.5,compliant,1.05,0.62,16.5,False,False,0.173
MEF-0031,2007,Casablanca-Settat,annex,coastal,leased,809,2007,2,0.4977,49,0.5,partial,1.05,0.62,16.5,True,False,0.335
MEF-0031,2008,Casablanca-Settat,annex,coastal,leased,809,2007,3,0.5411,48,0.5,non_compliant,1.05,0.62,16.9,False,False,0.474
MEF-0031,2009,Casablanca-Settat,annex,coastal,leased,809,2007,4,0.5684,48,0.5,partial,1.05,0.62,16.9,False,False,0.319
MEF-0031,2010,Casablanca-Settat,annex,coastal,leased,809,2007,5,0.5791,47,0.5,compliant,1.05,0.62,17.2,False,False,0.169
MEF-0031,2011,Casablanca-Settat,annex,coastal,leased,809,2007,6,0.5803,47,0.5,compliant,1.05,0.62,17.2,False,False,0.173
MEF-0031,2012,Casablanca-Settat,annex,coastal,leased,809,2007,7,0.5764,47,0.53,compliant,1.05,0.66,17.2,False,False,0.179
MEF-0031,2013,Casablanca-Settat,annex,coastal,leased,809,2007,8,0.5591,47,0.5,partial,1.05,0.62,17.2,False,False,0.339
MEF-0031,2014,Casablanca-Settat,annex,coastal,leased,809,2007,9,0.5604,47,0.51,compliant,1.05,0.63,17.2,False,False,0.193
MEF-0031,2015,Casablanca-Settat,annex,coastal,leased,809,2007,10,0.565,47,0.56,compliant,1.05,0.69,17.2,False,False,0.196
MEF-0031,2016,Casablanca-Settat,annex,coastal,leased,809,2007,11,0.5425,47,0.53,compliant,1.05,0.66,17.2,False,False,0.208
MEF-0031,2017,Casablanca-Settat,annex,coastal,leased,809,2007,12,0.5485,47,0.57,partial,1.05,0.7,17.2,False,False,0.361
MEF-0031,2018,Casablanca-Settat,annex,coastal,leased,809,2007,13,0.5457,47,0.61,partial,1.05,0.75,17.2,False,False,0.366
MEF-0031,2019,Casablanca-Settat,annex,coastal,leased,809,2007,14,0.5113,46,0.58,compliant,1.05,0.72,17.6,False,False,0.232
MEF-0031,2020,Casablanca-Settat,annex,coastal,leased,809,2007,15,0.3758,46,0.5,partial,1.05,0.62,17.6,True,False,0.434
MEF-0031,2021,Casablanca-Settat,annex,coastal,leased,809,2007,16,0.4186,46,0.51,compliant,1.05,0.63,17.6,True,False,0.273
MEF-0031,2022,Casablanca-Settat,annex,coastal,leased,809,2007,17,0.4528,46,0.56,partial,1.05,0.69,17.6,True,False,0.416
MEF-0031,2023,Casablanca-Settat,annex,coastal,leased,809,2007,18,0.463,46,0.64,compliant,1.05,0.79,17.6,True,False,0.267
MEF-0031,2024,Casablanca-Settat,annex,coastal,leased,809,2007,19,0.439,47,0.67,compliant,1.05,0.83,17.2,True,False,0.279
MEF-0032,2005,Casablanca-Settat,regional_office,coastal,leased,3728,1986,19,0.6506,221,2.43,compliant,1.05,0.65,16.9,False,False,0.205
MEF-0032,2006,Casablanca-Settat,regional_office,coastal,leased,3728,1986,20,0.6627,222,2.46,partial,1.05,0.66,16.8,False,False,0.356
MEF-0032,2007,Casablanca-Settat,regional_office,coastal,leased,3728,1986,21,0.6309,224,2.3,compliant,1.05,0.62,16.6,False,False,0.221
MEF-0032,2008,Casablanca-Settat,regional_office,coastal,leased,3728,1986,22,0.6269,223,2.53,compliant,1.05,0.68,16.7,False,False,0.227
MEF-0032,2009,Casablanca-Settat,regional_office,coastal,leased,3728,1986,23,0.6254,220,2.77,compliant,1.05,0.74,16.9,False,False,0.232
MEF-0032,2010,Casablanca-Settat,regional_office,coastal,leased,3728,1986,24,0.6525,217,2.84,partial,1.05,0.76,17.2,False,False,0.377
MEF-0032,2011,Casablanca-Settat,regional_office,coastal,leased,3728,1986,25,0.6401,215,2.99,compliant,1.05,0.8,17.3,False,False,0.235
MEF-0032,2012,Casablanca-Settat,regional_office,coastal,leased,3728,1986,26,0.6636,214,3.15,partial,1.05,0.84,17.4,False,False,0.381
MEF-0032,2013,Casablanca-Settat,regional_office,coastal,leased,3728,1986,27,0.6424,211,3.02,compliant,1.05,0.81,17.7,False,False,0.243
MEF-0032,2014,Casablanca-Settat,regional_office,coastal,leased,3728,1986,28,0.6667,210,3.44,non_compliant,1.05,0.92,17.8,False,False,0.539
MEF-0032,2015,Casablanca-Settat,regional_office,coastal,leased,3728,1986,29,0.6581,210,3.74,non_compliant,1.05,1.0,17.8,False,False,0.547
MEF-0032,2016,Casablanca-Settat,regional_office,coastal,leased,3728,1986,30,0.6594,208,3.44,compliant,1.05,0.92,17.9,False,False,0.25
MEF-0032,2017,Casablanca-Settat,regional_office,coastal,leased,3728,1986,31,0.6533,206,3.97,compliant,1.05,1.06,18.1,False,False,0.257
MEF-0032,2018,Casablanca-Settat,regional_office,coastal,leased,3728,1986,32,0.6764,205,4.04,compliant,1.05,1.08,18.2,False,False,0.253
MEF-0032,2019,Casablanca-Settat,regional_office,coastal,leased,3728,1986,33,0.6959,205,4.66,compliant,1.05,1.25,18.2,False,False,0.251
MEF-0032,2020,Casablanca-Settat,regional_office,coastal,leased,3728,1986,34,0.5838,204,4.09,partial,1.05,1.1,18.3,False,False,0.444
MEF-0032,2021,Casablanca-Settat,regional_office,coastal,leased,3728,1986,35,0.6132,201,4.32,non_compliant,1.05,1.16,18.5,False,False,0.589
MEF-0032,2022,Casablanca-Settat,regional_office,coastal,leased,3728,1986,36,0.6004,203,4.41,partial,1.05,1.18,18.4,False,False,0.447
MEF-0032,2023,Casablanca-Settat,regional_office,coastal,leased,3728,1986,37,0.582,205,4.34,non_compliant,1.05,1.16,18.2,False,False,0.608
MEF-0032,2024,Casablanca-Settat,regional_office,coastal,leased,3728,1986,38,0.5417,204,4.12,compliant,1.05,1.11,18.3,False,False,0.327
MEF-0033,2005,Casablanca-Settat,regional_office,coastal,owned,1300,2010,0,0.6768,69,0.65,compliant,1.05,0.5,18.8,False,False,0.113
MEF-0033,2006,Casablanca-Settat,regional_office,coastal,owned,1300,2010,1,0.7097,69,0.78,compliant,1.05,0.6,18.8,False,False,0.106
MEF-0033,2007,Casablanca-Settat,regional_office,coastal,owned,1300,2010,2,0.7022,69,0.8,partial,1.05,0.62,18.8,False,False,0.263
MEF-0033,2008,Casablanca-Settat,regional_office,coastal,owned,1300,2010,3,0.7149,70,0.86,partial,1.05,0.66,18.6,False,False,0.263
MEF-0033,2009,Casablanca-Settat,regional_office,coastal,owned,1300,2010,4,0.7558,71,0.96,compliant,1.05,0.74,18.3,False,False,0.103
MEF-0033,2010,Casablanca-Settat,regional_office,coastal,owned,1300,2010,5,0.7445,71,0.96,compliant,1.05,0.74,18.3,False,False,0.111
MEF-0033,2011,Casablanca-Settat,regional_office,coastal,owned,1300,2010,6,0.7167,70,0.96,partial,1.05,0.74,18.6,False,False,0.275
MEF-0033,2012,Casablanca-Settat,regional_office,coastal,owned,1300,2010,7,0.6827,71,0.91,compliant,1.05,0.7,18.3,False,False,0.142
MEF-0033,2013,Casablanca-Settat,regional_office,coastal,owned,1300,2010,8,0.6955,70,0.98,compliant,1.05,0.75,18.6,False,False,0.142
MEF-0033,2014,Casablanca-Settat,regional_office,coastal,owned,1300,2010,9,0.6615,70,1.04,compliant,1.05,0.8,18.6,False,False,0.158
MEF-0033,2015,Casablanca-Settat,regional_office,coastal,owned,1300,2010,10,0.6548,70,1.09,compliant,1.05,0.84,18.6,False,False,0.165
MEF-0033,2016,Casablanca-Settat,regional_office,coastal,owned,1300,2010,11,0.6626,70,1.07,partial,1.05,0.82,18.6,False,False,0.316
MEF-0033,2017,Casablanca-Settat,regional_office,coastal,owned,1300,2010,12,0.6659,68,1.14,non_compliant,1.05,0.88,19.1,False,False,0.469
MEF-0033,2018,Casablanca-Settat,regional_office,coastal,owned,1300,2010,13,0.6736,67,1.16,compliant,1.05,0.89,19.4,False,False,0.171
MEF-0033,2019,Casablanca-Settat,regional_office,coastal,owned,1300,2010,14,0.6775,68,1.32,compliant,1.05,1.02,19.1,False,False,0.174
MEF-0033,2020,Casablanca-Settat,regional_office,coastal,owned,1300,2010,15,0.5805,68,1.15,compliant,1.05,0.88,19.1,False,False,0.212
MEF-0033,2021,Casablanca-Settat,regional_office,coastal,owned,1300,2010,16,0.6135,69,1.34,compliant,1.05,1.03,18.8,False,False,0.205
MEF-0033,2022,Casablanca-Settat,regional_office,coastal,owned,1300,2010,17,0.6014,67,1.22,compliant,1.05,0.94,19.4,False,False,0.214
MEF-0033,2023,Casablanca-Settat,regional_office,coastal,owned,1300,2010,18,0.5875,68,1.27,compliant,1.05,0.98,19.1,False,False,0.223
MEF-0033,2024,Casablanca-Settat,regional_office,coastal,owned,1300,2010,19,0.6026,68,1.39,compliant,1.05,1.07,19.1,False,False,0.222
MEF-0034,2005,Casablanca-Settat,ministry_hq,coastal,owned,6604,1969,36,0.7994,509,6.17,non_compliant,1.05,0.93,13.0,False,False,0.528
MEF-0034,2006,Casablanca-Settat,ministry_hq,coastal,owned,6604,1969,37,0.7988,514,6.12,compliant,1.05,0.93,12.8,False,False,0.232
MEF-0034,2007,Casablanca-Settat,ministry_hq,coastal,owned,6604,1969,38,0.8037,511,6.66,partial,1.05,1.01,12.9,False,False,0.385
MEF-0034,2008,Casablanca-Settat,ministry_hq,coastal,owned,6604,1969,39,0.8229,501,7.23,partial,1.05,1.09,13.2,False,False,0.383
MEF-0034,2009,Casablanca-Settat,ministry_hq,coastal,owned,6604,1969,40,0.8244,500,7.39,partial,1.05,1.12,13.2,False,False,0.386
MEF-0034,2010,Casablanca-Settat,ministry_hq,coastal,owned,6604,1969,41,0.8142,500,7.52,compliant,1.05,1.14,13.2,False,True,0.244
MEF-0034,2011,Casablanca-Settat,ministry_hq,coastal,owned,6604,1969,42,0.8324,509,7.76,compliant,1.05,1.18,13.0,False,True,0.242
MEF-0034,2012,Casablanca-Settat,ministry_hq,coastal,owned,6604,1969,43,0.8176,505,8.37,compliant,1.05,1.27,13.1,False,True,0.252
MEF-0034,2013,Casablanca-Settat,ministry_hq,coastal,owned,6604,1969,44,0.7882,508,7.71,compliant,1.05,1.17,13.0,False,True,0.267
MEF-0034,2014,Casablanca-Settat,ministry_hq,coastal,owned,6604,1969,45,0.8098,517,8.75,compliant,1.05,1.32,12.8,False,True,0.263
MEF-0034,2015,Casablanca-Settat,ministry_hq,coastal,owned,6604,1969,46,0.8303,526,9.26,non_compliant,1.05,1.4,12.6,False,True,0.561
MEF-0034,2016,Casablanca-Settat,ministry_hq,coastal,owned,6604,1969,47,0.816,524,9.76,compliant,1.05,1.48,12.6,False,True,0.27
MEF-0034,2017,Casablanca-Settat,ministry_hq,coastal,owned,6604,1969,48,0.8087,526,10.09,compliant,1.05,1.53,12.6,False,True,0.277
MEF-0034,2018,Casablanca-Settat,ministry_hq,coastal,owned,6604,1969,49,0.7922,528,10.79,partial,1.05,1.63,12.5,False,True,0.437
MEF-0034,2019,Casablanca-Settat,ministry_hq,coastal,owned,6604,1969,50,0.798,525,11.6,partial,1.05,1.76,12.6,False,True,0.439
MEF-0034,2020,Casablanca-Settat,ministry_hq,coastal,owned,6604,1969,51,0.7092,534,9.65,non_compliant,1.05,1.46,12.4,False,True,0.625
MEF-0034,2021,Casablanca-Settat,ministry_hq,coastal,owned,6604,1969,52,0.7719,531,12.37,partial,1.05,1.87,12.4,False,True,0.457
MEF-0034,2022,Casablanca-Settat,ministry_hq,coastal,owned,6604,1969,53,0.7906,530,11.85,compliant,1.05,1.79,12.5,False,True,0.305
MEF-0034,2023,Casablanca-Settat,ministry_hq,coastal,owned,6604,1969,54,0.8053,537,13.07,non_compliant,1.05,1.98,12.3,False,True,0.604
MEF-0034,2024,Casablanca-Settat,ministry_hq,coastal,owned,6604,1969,55,0.8053,532,13.8,partial,1.05,2.09,12.4,False,True,0.459
MEF-0035,2005,Fès-Meknès,annex,mountain,owned,634,2006,0,0.477,41,0.5,compliant,0.95,0.79,15.5,True,False,0.183
MEF-0035,2006,Fès-Meknès,annex,mountain,owned,634,2006,1,0.4773,41,0.5,compliant,0.95,0.79,15.5,True,False,0.187
MEF-0035,2007,Fès-Meknès,annex,mountain,owned,634,2006,2,0.4959,40,0.5,compliant,0.95,0.79,15.8,True,False,0.185
MEF-0035,2008,Fès-Meknès,annex,mountain,owned,634,2006,3,0.4842,40,0.5,partial,0.95,0.79,15.8,True,False,0.344
MEF-0035,2009,Fès-Meknès,annex,mountain,owned,634,2006,4,0.4801,40,0.5,compliant,0.95,0.79,15.8,True,False,0.199
MEF-0035,2010,Fès-Meknès,annex,mountain,owned,634,2006,5,0.4925,39,0.5,compliant,0.95,0.79,16.3,True,False,0.2
MEF-0035,2011,Fès-Meknès,annex,mountain,owned,634,2006,6,0.4752,39,0.5,compliant,0.95,0.79,16.3,True,False,0.21
MEF-0035,2012,Fès-Meknès,annex,mountain,owned,634,2006,7,0.4643,39,0.5,compliant,0.95,0.79,16.3,True,False,0.218
MEF-0035,2013,Fès-Meknès,annex,mountain,owned,634,2006,8,0.4434,38,0.5,non_compliant,0.95,0.79,16.7,True,False,0.53
MEF-0035,2014,Fès-Meknès,annex,mountain,owned,634,2006,9,0.4647,38,0.5,compliant,0.95,0.79,16.7,True,False,0.227
MEF-0035,2015,Fès-Meknès,annex,mountain,owned,634,2006,10,0.4926,38,0.5,non_compliant,0.95,0.79,16.7,True,False,0.521
MEF-0035,2016,Fès-Meknès,annex,mountain,owned,634,2006,11,0.4642,38,0.5,compliant,0.95,0.79,16.7,True,False,0.236
MEF-0035,2017,Fès-Meknès,annex,mountain,owned,634,2006,12,0.4618,38,0.5,non_compliant,0.95,0.79,16.7,True,False,0.541
MEF-0035,2018,Fès-Meknès,annex,mountain,owned,634,2006,13,0.4872,37,0.55,compliant,0.95,0.87,17.1,True,False,0.236
MEF-0035,2019,Fès-Meknès,annex,mountain,owned,634,2006,14,0.4945,37,0.59,compliant,0.95,0.93,17.1,True,False,0.238
MEF-0035,2020,Fès-Meknès,annex,mountain,owned,634,2006,15,0.3657,37,0.5,compliant,0.95,0.79,17.1,True,False,0.288
MEF-0035,2021,Fès-Meknès,annex,mountain,owned,634,2006,16,0.3882,38,0.5,compliant,0.95,0.79,16.7,True,False,0.284
MEF-0035,2022,Fès-Meknès,annex,mountain,owned,634,2006,17,0.4092,37,0.54,compliant,0.95,0.85,17.1,True,False,0.281
MEF-0035,2023,Fès-Meknès,annex,mountain,owned,634,2006,18,0.4159,37,0.56,compliant,0.95,0.88,17.1,True,False,0.283
MEF-0035,2024,Fès-Meknès,annex,mountain,owned,634,2006,19,0.3896,37,0.58,compliant,0.95,0.91,17.1,True,False,0.297
MEF-0036,2005,Fès-Meknès,ministry_hq,mountain,leased,4685,1992,13,0.7439,286,3.92,partial,0.95,0.84,16.4,False,False,0.297
MEF-0036,2006,Fès-Meknès,ministry_hq,mountain,leased,4685,1992,14,0.7617,289,4.28,compliant,0.95,0.91,16.2,False,False,0.145
MEF-0036,2007,Fès-Meknès,ministry_hq,mountain,leased,4685,1992,15,0.7694,284,4.71,compliant,0.95,1.01,16.5,False,False,0.146
MEF-0036,2008,Fès-Meknès,ministry_hq,mountain,leased,4685,1992,16,0.7909,287,4.65,non_compliant,0.95,0.99,16.3,False,False,0.443
MEF-0036,2009,Fès-Meknès,ministry_hq,mountain,leased,4685,1992,17,0.7708,282,4.97,compliant,0.95,1.06,16.6,False,False,0.155
MEF-0036,2010,Fès-Meknès,ministry_hq,mountain,leased,4685,1992,18,0.8124,279,5.08,partial,0.95,1.08,16.8,False,False,0.294
MEF-0036,2011,Fès-Meknès,ministry_hq,mountain,leased,4685,1992,19,0.8091,280,5.74,partial,0.95,1.23,16.7,False,False,0.3
MEF-0036,2012,Fès-Meknès,ministry_hq,mountain,leased,4685,1992,20,0.8212,279,5.78,partial,0.95,1.23,16.8,False,False,0.3
MEF-0036,2013,Fès-Meknès,ministry_hq,mountain,leased,4685,1992,21,0.8471,274,6.74,compliant,0.95,1.44,17.1,False,False,0.145
MEF-0036,2014,Fès-Meknès,ministry_hq,mountain,leased,4685,1992,22,0.8361,274,6.27,compliant,0.95,1.34,17.1,False,False,0.154
MEF-0036,2015,Fès-Meknès,ministry_hq,mountain,leased,4685,1992,23,0.8509,272,7.19,compliant,0.95,1.53,17.2,False,False,0.153
MEF-0036,2016,Fès-Meknès,ministry_hq,mountain,leased,4685,1992,24,0.8368,265,7.6,compliant,0.95,1.62,17.7,False,False,0.162
MEF-0036,2017,Fès-Meknès,ministry_hq,mountain,leased,4685,1992,25,0.8619,268,7.46,compliant,0.95,1.59,17.5,False,False,0.158
MEF-0036,2018,Fès-Meknès,ministry_hq,mountain,leased,4685,1992,26,0.848,264,7.71,non_compliant,0.95,1.65,17.7,False,False,0.467
MEF-0036,2019,Fès-Meknès,ministry_hq,mountain,leased,4685,1992,27,0.8486,258,8.02,compliant,0.95,1.71,18.2,False,False,0.171
MEF-0036,2020,Fès-Meknès,ministry_hq,mountain,leased,4685,1992,28,0.734,256,7.37,compliant,0.95,1.57,18.3,False,False,0.216
MEF-0036,2021,Fès-Meknès,ministry_hq,mountain,leased,4685,1992,29,0.7982,254,8.69,compliant,0.95,1.85,18.4,False,False,0.198
MEF-0036,2022,Fès-Meknès,ministry_hq,mountain,leased,4685,1992,30,0.8336,249,9.06,compliant,0.95,1.93,18.8,False,False,0.189
MEF-0036,2023,Fès-Meknès,ministry_hq,mountain,leased,4685,1992,31,0.8253,246,9.14,compliant,0.95,1.95,19.0,False,False,0.197
MEF-0036,2024,Fès-Meknès,ministry_hq,mountain,leased,4685,1992,32,0.8457,244,9.4,partial,0.95,2.01,19.2,False,False,0.344
MEF-0037,2005,Fès-Meknès,regional_office,mountain,leased,2920,2013,0,0.625,144,1.83,compliant,0.95,0.63,20.3,False,False,0.131
MEF-0037,2006,Fès-Meknès,regional_office,mountain,leased,2920,2013,1,0.6372,143,1.98,partial,0.95,0.68,20.4,False,False,0.281
MEF-0037,2007,Fès-Meknès,regional_office,mountain,leased,2920,2013,2,0.6435,141,2.01,non_compliant,0.95,0.69,20.7,False,False,0.434
MEF-0037,2008,Fès-Meknès,regional_office,mountain,leased,2920,2013,3,0.6269,140,2.06,non_compliant,0.95,0.71,20.9,False,False,0.444
MEF-0037,2009,Fès-Meknès,regional_office,mountain,leased,2920,2013,4,0.6199,140,2.22,non_compliant,0.95,0.76,20.9,False,False,0.451
MEF-0037,2010,Fès-Meknès,regional_office,mountain,leased,2920,2013,5,0.6171,139,2.3,compliant,0.95,0.79,21.0,False,False,0.156
MEF-0037,2011,Fès-Meknès,regional_office,mountain,leased,2920,2013,6,0.6101,138,2.37,compliant,0.95,0.81,21.2,False,False,0.163
MEF-0037,2012,Fès-Meknès,regional_office,mountain,leased,2920,2013,7,0.5856,135,2.32,partial,0.95,0.79,21.6,False,False,0.326
MEF-0037,2013,Fès-Meknès,regional_office,mountain,leased,2920,2013,8,0.5983,137,2.48,partial,0.95,0.85,21.3,False,False,0.326
MEF-0037,2014,Fès-Meknès,regional_office,mountain,leased,2920,2013,9,0.5941,137,2.58,compliant,0.95,0.88,21.3,False,False,0.181
MEF-0037,2015,Fès-Meknès,regional_office,mountain,leased,2920,2013,10,0.5944,137,2.6,compliant,0.95,0.89,21.3,False,False,0.186
MEF-0037,2016,Fès-Meknès,regional_office,mountain,leased,2920,2013,11,0.5841,138,2.9,compliant,0.95,0.99,21.2,False,False,0.194
MEF-0037,2017,Fès-Meknès,regional_office,mountain,leased,2920,2013,12,0.5928,137,3.05,compliant,0.95,1.04,21.3,False,False,0.195
MEF-0037,2018,Fès-Meknès,regional_office,mountain,leased,2920,2013,13,0.5965,136,3.13,compliant,0.95,1.07,21.5,False,False,0.198
MEF-0037,2019,Fès-Meknès,regional_office,mountain,leased,2920,2013,14,0.6185,136,3.23,compliant,0.95,1.11,21.5,False,False,0.195
MEF-0037,2020,Fès-Meknès,regional_office,mountain,leased,2920,2013,15,0.5072,137,2.87,compliant,0.95,0.98,21.3,False,False,0.238
MEF-0037,2021,Fès-Meknès,regional_office,mountain,leased,2920,2013,16,0.5538,137,3.32,compliant,0.95,1.14,21.3,False,False,0.226
MEF-0037,2022,Fès-Meknès,regional_office,mountain,leased,2920,2013,17,0.5407,137,3.1,partial,0.95,1.06,21.3,False,False,0.385
MEF-0037,2023,Fès-Meknès,regional_office,mountain,leased,2920,2013,18,0.5565,136,3.73,compliant,0.95,1.28,21.5,False,False,0.234
MEF-0037,2024,Fès-Meknès,regional_office,mountain,leased,2920,2013,19,0.5516,135,3.36,compliant,0.95,1.15,21.6,False,False,0.24
MEF-0038,2005,Fès-Meknès,regional_office,mountain,owned,2814,2015,0,0.6711,129,1.95,partial,0.95,0.69,21.8,False,False,0.265
MEF-0038,2006,Fès-Meknès,regional_office,mountain,owned,2814,2015,1,0.6745,127,1.85,compliant,0.95,0.66,22.2,False,False,0.118
MEF-0038,2007,Fès-Meknès,regional_office,mountain,owned,2814,2015,2,0.6443,129,2.06,partial,0.95,0.73,21.8,False,False,0.283
MEF-0038,2008,Fès-Meknès,regional_office,mountain,owned,2814,2015,3,0.6377,129,1.99,non_compliant,0.95,0.71,21.8,False,False,0.44
MEF-0038,2009,Fès-Meknès,regional_office,mountain,owned,2814,2015,4,0.6311,131,2.1,compliant,0.95,0.75,21.5,False,False,0.147
MEF-0038,2010,Fès-Meknès,regional_office,mountain,owned,2814,2015,5,0.622,128,2.26,compliant,0.95,0.8,22.0,False,False,0.154
MEF-0038,2011,Fès-Meknès,regional_office,mountain,owned,2814,2015,6,0.6213,128,2.23,partial,0.95,0.79,22.0,False,False,0.309
MEF-0038,2012,Fès-Meknès,regional_office,mountain,owned,2814,2015,7,0.6174,126,2.41,partial,0.95,0.86,22.3,False,False,0.315
MEF-0038,2013,Fès-Meknès,regional_office,mountain,owned,2814,2015,8,0.5997,126,2.49,partial,0.95,0.88,22.3,False,False,0.325
MEF-0038,2014,Fès-Meknès,regional_office,mountain,owned,2814,2015,9,0.5971,127,2.49,compliant,0.95,0.88,22.2,False,False,0.18
MEF-0038,2015,Fès-Meknès,regional_office,mountain,owned,2814,2015,10,0.5857,126,2.56,compliant,0.95,0.91,22.3,False,False,0.189
MEF-0038,2016,Fès-Meknès,regional_office,mountain,owned,2814,2015,11,0.5387,127,2.42,compliant,0.95,0.86,22.2,False,False,0.21
MEF-0038,2017,Fès-Meknès,regional_office,mountain,owned,2814,2015,12,0.5137,126,2.43,partial,0.95,0.86,22.3,False,False,0.373
MEF-0038,2018,Fès-Meknès,regional_office,mountain,owned,2814,2015,13,0.5156,126,2.42,compliant,0.95,0.86,22.3,False,False,0.226
MEF-0038,2019,Fès-Meknès,regional_office,mountain,owned,2814,2015,14,0.5355,126,2.71,partial,0.95,0.96,22.3,False,False,0.374
MEF-0038,2020,Fès-Meknès,regional_office,mountain,owned,2814,2015,15,0.3721,125,1.88,compliant,0.95,0.67,22.5,True,False,0.285
MEF-0038,2021,Fès-Meknès,regional_office,mountain,owned,2814,2015,16,0.407,125,2.18,compliant,0.95,0.77,22.5,True,False,0.278
MEF-0038,2022,Fès-Meknès,regional_office,mountain,owned,2814,2015,17,0.4152,127,2.22,compliant,0.95,0.79,22.2,True,False,0.279
MEF-0038,2023,Fès-Meknès,regional_office,mountain,owned,2814,2015,18,0.4315,127,2.64,partial,0.95,0.94,22.2,True,False,0.428
MEF-0038,2024,Fès-Meknès,regional_office,mountain,owned,2814,2015,19,0.4244,125,2.86,compliant,0.95,1.02,22.5,True,False,0.285
MEF-0039,2005,Fès-Meknès,regional_office,mountain,owned,2208,2000,5,0.6398,167,1.49,compliant,0.95,0.67,13.2,False,False,0.148
MEF-0039,2006,Fès-Meknès,regional_office,mountain,owned,2208,2000,6,0.6398,169,1.53,compliant,0.95,0.69,13.1,False,False,0.152
MEF-0039,2007,Fès-Meknès,regional_office,mountain,owned,2208,2000,7,0.6414,171,1.64,compliant,0.95,0.74,12.9,False,False,0.156
MEF-0039,2008,Fès-Meknès,regional_office,mountain,owned,2208,2000,8,0.6862,169,1.92,non_compliant,0.95,0.87,13.1,False,False,0.445
MEF-0039,2009,Fès-Meknès,regional_office,mountain,owned,2208,2000,9,0.6801,173,1.92,partial,0.95,0.87,12.8,False,False,0.301
MEF-0039,2010,Fès-Meknès,regional_office,mountain,owned,2208,2000,10,0.7084,171,1.99,compliant,0.95,0.9,12.9,False,False,0.146
MEF-0039,2011,Fès-Meknès,regional_office,mountain,owned,2208,2000,11,0.7379,174,2.36,compliant,0.95,1.07,12.7,False,False,0.14
MEF-0039,2012,Fès-Meknès,regional_office,mountain,owned,2208,2000,12,0.7513,177,2.24,compliant,0.95,1.01,12.5,False,False,0.14
MEF-0039,2013,Fès-Meknès,regional_office,mountain,owned,2208,2000,13,0.7468,179,2.49,partial,0.95,1.13,12.3,False,False,0.295
MEF-0039,2014,Fès-Meknès,regional_office,mountain,owned,2208,2000,14,0.7221,179,2.33,compliant,0.95,1.06,12.3,False,False,0.159
MEF-0039,2015,Fès-Meknès,regional_office,mountain,owned,2208,2000,15,0.7306,180,2.65,compliant,0.95,1.2,12.3,False,False,0.16
MEF-0039,2016,Fès-Meknès,regional_office,mountain,owned,2208,2000,16,0.7488,181,2.77,compliant,0.95,1.25,12.2,False,False,0.158
MEF-0039,2017,Fès-Meknès,regional_office,mountain,owned,2208,2000,17,0.78,183,3.18,compliant,0.95,1.44,12.1,False,False,0.151
MEF-0039,2018,Fès-Meknès,regional_office,mountain,owned,2208,2000,18,0.7627,184,3.19,compliant,0.95,1.44,12.0,False,False,0.162
MEF-0039,2019,Fès-Meknès,regional_office,mountain,owned,2208,2000,19,0.7581,185,3.14,compliant,0.95,1.42,11.9,False,False,0.168
MEF-0039,2020,Fès-Meknès,regional_office,mountain,owned,2208,2000,20,0.6209,187,2.66,compliant,0.95,1.2,11.8,False,False,0.22
MEF-0039,2021,Fès-Meknès,regional_office,mountain,owned,2208,2000,21,0.6595,191,3.01,compliant,0.95,1.36,11.6,False,False,0.211
MEF-0039,2022,Fès-Meknès,regional_office,mountain,owned,2208,2000,22,0.6714,189,3.47,compliant,0.95,1.57,11.7,False,False,0.211
MEF-0039,2023,Fès-Meknès,regional_office,mountain,owned,2208,2000,23,0.6592,189,3.52,partial,0.95,1.59,11.7,False,False,0.37
MEF-0039,2024,Fès-Meknès,regional_office,mountain,owned,2208,2000,24,0.6443,186,3.24,compliant,0.95,1.47,11.9,False,False,0.229
MEF-0040,2005,Fès-Meknès,regional_office,mountain,owned,2359,2009,0,0.674,129,1.66,partial,0.95,0.7,18.3,False,False,0.264
MEF-0040,2006,Fès-Meknès,regional_office,mountain,owned,2359,2009,1,0.6414,129,1.63,compliant,0.95,0.69,18.3,False,False,0.13
MEF-0040,2007,Fès-Meknès,regional_office,mountain,owned,2359,2009,2,0.6501,128,1.69,compliant,0.95,0.72,18.4,False,False,0.131
MEF-0040,2008,Fès-Meknès,regional_office,mountain,owned,2359,2009,3,0.6177,127,1.55,compliant,0.95,0.66,18.6,False,False,0.147
MEF-0040,2009,Fès-Meknès,regional_office,mountain,owned,2359,2009,4,0.6059,123,1.75,partial,0.95,0.74,19.2,False,False,0.305
MEF-0040,2010,Fès-Meknès,regional_office,mountain,owned,2359,2009,5,0.6216,124,1.86,compliant,0.95,0.79,19.0,False,False,0.154
MEF-0040,2011,Fès-Meknès,regional_office,mountain,owned,2359,2009,6,0.6335,126,1.97,compliant,0.95,0.84,18.7,False,False,0.155
MEF-0040,2012,Fès-Meknès,regional_office,mountain,owned,2359,2009,7,0.6417,127,2.07,compliant,0.95,0.88,18.6,False,False,0.156
MEF-0040,2013,Fès-Meknès,regional_office,mountain,owned,2359,2009,8,0.6654,123,2.14,compliant,0.95,0.91,19.2,False,False,0.152
MEF-0040,2014,Fès-Meknès,regional_office,mountain,owned,2359,2009,9,0.6754,123,2.45,compliant,0.95,1.04,19.2,False,False,0.153
MEF-0040,2015,Fès-Meknès,regional_office,mountain,owned,2359,2009,10,0.639,120,2.4,compliant,0.95,1.02,19.7,False,False,0.17
MEF-0040,2016,Fès-Meknès,regional_office,mountain,owned,2359,2009,11,0.6324,118,2.29,compliant,0.95,0.97,20.0,False,False,0.177
MEF-0040,2017,Fès-Meknès,regional_office,mountain,owned,2359,2009,12,0.6317,118,2.62,compliant,0.95,1.11,20.0,False,False,0.181
MEF-0040,2018,Fès-Meknès,regional_office,mountain,owned,2359,2009,13,0.6289,118,2.6,partial,0.95,1.1,20.0,False,False,0.337
MEF-0040,2019,Fès-Meknès,regional_office,mountain,owned,2359,2009,14,0.6178,116,2.66,partial,0.95,1.13,20.3,False,False,0.345
MEF-0040,2020,Fès-Meknès,regional_office,mountain,owned,2359,2009,15,0.4793,116,2.13,compliant,0.95,0.9,20.3,True,False,0.248
MEF-0040,2021,Fès-Meknès,regional_office,mountain,owned,2359,2009,16,0.5729,114,2.66,partial,0.95,1.13,20.7,False,False,0.369
MEF-0040,2022,Fès-Meknès,regional_office,mountain,owned,2359,2009,17,0.566,114,2.9,compliant,0.95,1.23,20.7,False,False,0.226
MEF-0040,2023,Fès-Meknès,regional_office,mountain,owned,2359,2009,18,0.6085,115,3.21,compliant,0.95,1.36,20.5,False,False,0.216
MEF-0040,2024,Fès-Meknès,regional_office,mountain,owned,2359,2009,19,0.5881,113,3.24,partial,0.95,1.37,20.9,False,False,0.377
MEF-0041,2005,Fès-Meknès,annex,mountain,owned,974,2013,0,0.4746,76,0.5,compliant,0.95,0.51,12.8,True,False,0.184
MEF-0041,2006,Fès-Meknès,annex,mountain,owned,974,2013,1,0.4602,76,0.5,compliant,0.95,0.51,12.8,True,False,0.193
MEF-0041,2007,Fès-Meknès,annex,mountain,owned,974,2013,2,0.4741,75,0.51,compliant,0.95,0.52,13.0,True,False,0.193
MEF-0041,2008,Fès-Meknès,annex,mountain,owned,974,2013,3,0.4834,76,0.55,compliant,0.95,0.56,12.8,True,False,0.194
MEF-0041,2009,Fès-Meknès,annex,mountain,owned,974,2013,4,0.4761,76,0.56,compliant,0.95,0.57,12.8,True,False,0.201
MEF-0041,2010,Fès-Meknès,annex,mountain,owned,974,2013,5,0.4908,77,0.6,compliant,0.95,0.62,12.6,True,False,0.2
MEF-0041,2011,Fès-Meknès,annex,mountain,owned,974,2013,6,0.4933,76,0.67,partial,0.95,0.69,12.8,True,False,0.354
MEF-0041,2012,Fès-Meknès,annex,mountain,owned,974,2013,7,0.4843,75,0.65,non_compliant,0.95,0.67,13.0,True,False,0.511
MEF-0041,2013,Fès-Meknès,annex,mountain,owned,974,2013,8,0.4811,75,0.68,non_compliant,0.95,0.7,13.0,True,False,0.517
MEF-0041,2014,Fès-Meknès,annex,mountain,owned,974,2013,9,0.473,74,0.67,compliant,0.95,0.69,13.2,True,False,0.224
MEF-0041,2015,Fès-Meknès,annex,mountain,owned,974,2013,10,0.4517,75,0.7,compliant,0.95,0.72,13.0,True,False,0.236
MEF-0041,2016,Fès-Meknès,annex,mountain,owned,974,2013,11,0.4745,75,0.73,compliant,0.95,0.75,13.0,True,False,0.232
MEF-0041,2017,Fès-Meknès,annex,mountain,owned,974,2013,12,0.4644,75,0.77,partial,0.95,0.79,13.0,True,False,0.39
MEF-0041,2018,Fès-Meknès,annex,mountain,owned,974,2013,13,0.4495,75,0.72,compliant,0.95,0.74,13.0,True,False,0.25
MEF-0041,2019,Fès-Meknès,annex,mountain,owned,974,2013,14,0.4221,75,0.75,partial,0.95,0.77,13.0,True,False,0.414
MEF-0041,2020,Fès-Meknès,annex,mountain,owned,974,2013,15,0.2549,74,0.5,compliant,0.95,0.51,13.2,True,False,0.326
MEF-0041,2021,Fès-Meknès,annex,mountain,owned,974,2013,16,0.318,75,0.64,non_compliant,0.95,0.66,13.0,True,False,0.609
MEF-0041,2022,Fès-Meknès,annex,mountain,owned,974,2013,17,0.3327,73,0.69,partial,0.95,0.71,13.3,True,False,0.458
MEF-0041,2023,Fès-Meknès,annex,mountain,owned,974,2013,18,0.3545,72,0.73,partial,0.95,0.75,13.5,True,False,0.455
MEF-0041,2024,Fès-Meknès,annex,mountain,owned,974,2013,19,0.3522,71,0.83,compliant,0.95,0.85,13.7,True,False,0.31
MEF-0042,2005,Fès-Meknès,regional_office,mountain,owned,828,1995,10,0.6414,66,0.58,compliant,0.95,0.7,12.5,False,False,0.169
MEF-0042,2006,Fès-Meknès,regional_office,mountain,owned,828,1995,11,0.6721,67,0.61,compliant,0.95,0.74,12.4,False,False,0.163
MEF-0042,2007,Fès-Meknès,regional_office,mountain,owned,828,1995,12,0.65,68,0.69,compliant,0.95,0.83,12.2,False,False,0.175
MEF-0042,2008,Fès-Meknès,regional_office,mountain,owned,828,1995,13,0.6336,68,0.67,compliant,0.95,0.81,12.2,False,False,0.185
MEF-0042,2009,Fès-Meknès,regional_office,mountain,owned,828,1995,14,0.6389,67,0.74,compliant,0.95,0.89,12.4,False,False,0.188
MEF-0042,2010,Fès-Meknès,regional_office,mountain,owned,828,1995,15,0.6276,67,0.77,non_compliant,0.95,0.93,12.4,False,False,0.496
MEF-0042,2011,Fès-Meknès,regional_office,mountain,owned,828,1995,16,0.5756,66,0.69,compliant,0.95,0.83,12.5,False,False,0.219
MEF-0042,2012,Fès-Meknès,regional_office,mountain,owned,828,1995,17,0.6105,65,0.73,compliant,0.95,0.88,12.7,False,False,0.211
MEF-0042,2013,Fès-Meknès,regional_office,mountain,owned,828,1995,18,0.5913,66,0.77,compliant,0.95,0.93,12.5,False,False,0.222
MEF-0042,2014,Fès-Meknès,regional_office,mountain,owned,828,1995,19,0.6015,66,0.8,compliant,0.95,0.97,12.5,False,False,0.223
MEF-0042,2015,Fès-Meknès,regional_office,mountain,owned,828,1995,20,0.579,66,0.76,compliant,0.95,0.92,12.5,False,False,0.235
MEF-0042,2016,Fès-Meknès,regional_office,mountain,owned,828,1995,21,0.5636,64,0.82,compliant,0.95,0.99,12.9,False,False,0.245
MEF-0042,2017,Fès-Meknès,regional_office,mountain,owned,828,1995,22,0.5346,65,0.82,partial,0.95,0.99,12.7,False,False,0.409
MEF-0042,2018,Fès-Meknès,regional_office,mountain,owned,828,1995,23,0.5215,64,0.82,non_compliant,0.95,0.99,12.9,False,False,0.568
MEF-0042,2019,Fès-Meknès,regional_office,mountain,owned,828,1995,24,0.5102,64,0.83,compliant,0.95,1.0,12.9,False,False,0.276
MEF-0042,2020,Fès-Meknès,regional_office,mountain,owned,828,1995,25,0.388,64,0.65,compliant,0.95,0.79,12.9,True,False,0.324
MEF-0042,2021,Fès-Meknès,regional_office,mountain,owned,828,1995,26,0.4319,64,0.8,non_compliant,0.95,0.97,12.9,True,False,0.613
MEF-0042,2022,Fès-Meknès,regional_office,mountain,owned,828,1995,27,0.4064,64,0.83,partial,0.95,1.0,12.9,True,False,0.476
MEF-0042,2023,Fès-Meknès,regional_office,mountain,owned,828,1995,28,0.3974,65,0.83,compliant,0.95,1.0,12.7,True,False,0.333
MEF-0042,2024,Fès-Meknès,regional_office,mountain,owned,828,1995,29,0.424,65,0.9,non_compliant,0.95,1.09,12.7,True,False,0.628
MEF-0043,2005,Fès-Meknès,ministry_hq,mountain,owned,3858,2017,0,0.774,220,2.82,compliant,0.95,0.73,17.5,False,False,0.079
MEF-0043,2006,Fès-Meknès,ministry_hq,mountain,owned,3858,2017,1,0.7433,224,2.94,compliant,0.95,0.76,17.2,False,False,0.094
MEF-0043,2007,Fès-Meknès,ministry_hq,mountain,owned,3858,2017,2,0.7492,227,3.22,partial,0.95,0.83,17.0,False,False,0.247
MEF-0043,2008,Fès-Meknès,ministry_hq,mountain,owned,3858,2017,3,0.747,227,3.44,compliant,0.95,0.89,17.0,False,False,0.102
MEF-0043,2009,Fès-Meknès,ministry_hq,mountain,owned,3858,2017,4,0.757,226,3.79,compliant,0.95,0.98,17.1,False,False,0.103
MEF-0043,2010,Fès-Meknès,ministry_hq,mountain,owned,3858,2017,5,0.7725,227,4.0,compliant,0.95,1.04,17.0,False,False,0.102
MEF-0043,2011,Fès-Meknès,ministry_hq,mountain,owned,3858,2017,6,0.7947,226,4.0,compliant,0.95,1.04,17.1,False,False,0.098
MEF-0043,2012,Fès-Meknès,ministry_hq,mountain,owned,3858,2017,7,0.8008,225,4.1,non_compliant,0.95,1.06,17.1,False,False,0.4
MEF-0043,2013,Fès-Meknès,ministry_hq,mountain,owned,3858,2017,8,0.7819,222,4.42,compliant,0.95,1.15,17.4,False,False,0.111
MEF-0043,2014,Fès-Meknès,ministry_hq,mountain,owned,3858,2017,9,0.7432,221,4.13,compliant,0.95,1.07,17.5,False,False,0.129
MEF-0043,2015,Fès-Meknès,ministry_hq,mountain,owned,3858,2017,10,0.7284,218,4.19,compliant,0.95,1.09,17.7,False,False,0.139
MEF-0043,2016,Fès-Meknès,ministry_hq,mountain,owned,3858,2017,11,0.7525,218,4.6,partial,0.95,1.19,17.7,False,False,0.285
MEF-0043,2017,Fès-Meknès,ministry_hq,mountain,owned,3858,2017,12,0.7854,214,4.98,compliant,0.95,1.29,18.0,False,False,0.128
MEF-0043,2018,Fès-Meknès,ministry_hq,mountain,owned,3858,2017,13,0.7811,214,5.34,compliant,0.95,1.38,18.0,False,False,0.133
MEF-0043,2019,Fès-Meknès,ministry_hq,mountain,owned,3858,2017,14,0.7548,211,5.17,partial,0.95,1.34,18.3,False,False,0.297
MEF-0043,2020,Fès-Meknès,ministry_hq,mountain,owned,3858,2017,15,0.6232,211,4.57,compliant,0.95,1.18,18.3,False,False,0.198
MEF-0043,2021,Fès-Meknès,ministry_hq,mountain,owned,3858,2017,16,0.694,210,5.63,compliant,0.95,1.46,18.4,False,False,0.177
MEF-0043,2022,Fès-Meknès,ministry_hq,mountain,owned,3858,2017,17,0.6835,210,5.46,compliant,0.95,1.42,18.4,False,False,0.185
MEF-0043,2023,Fès-Meknès,ministry_hq,mountain,owned,3858,2017,18,0.6943,207,6.11,compliant,0.95,1.58,18.6,False,False,0.186
MEF-0043,2024,Fès-Meknès,ministry_hq,mountain,owned,3858,2017,19,0.6975,207,6.32,compliant,0.95,1.64,18.6,False,False,0.189
MEF-0044,2005,Fès-Meknès,annex,mountain,owned,528,2015,0,0.5378,27,0.5,compliant,0.95,0.95,19.6,False,False,0.162
MEF-0044,2006,Fès-Meknès,annex,mountain,owned,528,2015,1,0.5521,27,0.5,partial,0.95,0.95,19.6,False,False,0.311
MEF-0044,2007,Fès-Meknès,annex,mountain,owned,528,2015,2,0.5689,27,0.5,compliant,0.95,0.95,19.6,False,False,0.16
MEF-0044,2008,Fès-Meknès,annex,mountain,owned,528,2015,3,0.5689,27,0.5,compliant,0.95,0.95,19.6,False,False,0.164
MEF-0044,2009,Fès-Meknès,annex,mountain,owned,528,2015,4,0.5644,27,0.5,partial,0.95,0.95,19.6,False,False,0.32
MEF-0044,2010,Fès-Meknès,annex,mountain,owned,528,2015,5,0.5603,27,0.5,non_compliant,0.95,0.95,19.6,False,False,0.476
MEF-0044,2011,Fès-Meknès,annex,mountain,owned,528,2015,6,0.5786,26,0.5,compliant,0.95,0.95,20.3,False,False,0.174
MEF-0044,2012,Fès-Meknès,annex,mountain,owned,528,2015,7,0.5457,26,0.5,compliant,0.95,0.95,20.3,False,False,0.19
MEF-0044,2013,Fès-Meknès,annex,mountain,owned,528,2015,8,0.5364,25,0.5,compliant,0.95,0.95,21.1,False,False,0.197
MEF-0044,2014,Fès-Meknès,annex,mountain,owned,528,2015,9,0.5204,25,0.5,partial,0.95,0.95,21.1,False,False,0.357
MEF-0044,2015,Fès-Meknès,annex,mountain,owned,528,2015,10,0.5449,25,0.5,partial,0.95,0.95,21.1,False,False,0.353
MEF-0044,2016,Fès-Meknès,annex,mountain,owned,528,2015,11,0.5362,25,0.5,compliant,0.95,0.95,21.1,False,False,0.21
MEF-0044,2017,Fès-Meknès,annex,mountain,owned,528,2015,12,0.5067,25,0.5,compliant,0.95,0.95,21.1,False,False,0.225
MEF-0044,2018,Fès-Meknès,annex,mountain,owned,528,2015,13,0.5108,25,0.5,compliant,0.95,0.95,21.1,False,False,0.228
MEF-0044,2019,Fès-Meknès,annex,mountain,owned,528,2015,14,0.5041,25,0.5,partial,0.95,0.95,21.1,False,False,0.385
MEF-0044,2020,Fès-Meknès,annex,mountain,owned,528,2015,15,0.3741,24,0.5,compliant,0.95,0.95,22.0,True,False,0.285
MEF-0044,2021,Fès-Meknès,annex,mountain,owned,528,2015,16,0.4126,24,0.5,compliant,0.95,0.95,22.0,True,False,0.276
MEF-0044,2022,Fès-Meknès,annex,mountain,owned,528,2015,17,0.4002,24,0.5,non_compliant,0.95,0.95,22.0,True,False,0.584
MEF-0044,2023,Fès-Meknès,annex,mountain,owned,528,2015,18,0.4132,24,0.5,compliant,0.95,0.95,22.0,True,False,0.284
MEF-0044,2024,Fès-Meknès,annex,mountain,owned,528,2015,19,0.4174,24,0.51,compliant,0.95,0.97,22.0,True,False,0.287
MEF-0045,2005,Marrakech-Safi,regional_office,arid,owned,2868,2007,0,0.6462,155,2.19,partial,0.9,0.76,18.5,False,False,0.274
MEF-0045,2006,Marrakech-Safi,regional_office,arid,owned,2868,2007,1,0.6615,153,2.25,compliant,0.9,0.78,18.7,False,False,0.123
MEF-0045,2007,Marrakech-Safi,regional_office,arid,owned,2868,2007,2,0.6594,152,2.36,compliant,0.9,0.82,18.9,False,False,0.128
MEF-0045,2008,Marrakech-Safi,regional_office,arid,owned,2868,2007,3,0.6525,152,2.28,compliant,0.9,0.79,18.9,False,False,0.135
MEF-0045,2009,Marrakech-Safi,regional_office,arid,owned,2868,2007,4,0.6622,152,2.35,partial,0.9,0.82,18.9,False,False,0.286
MEF-0045,2010,Marrakech-Safi,regional_office,arid,owned,2868,2007,5,0.6779,150,2.73,compliant,0.9,0.95,19.1,False,False,0.135
MEF-0045,2011,Marrakech-Safi,regional_office,arid,owned,2868,2007,6,0.6658,150,2.75,compliant,0.9,0.96,19.1,False,False,0.143
MEF-0045,2012,Marrakech-Safi,regional_office,arid,owned,2868,2007,7,0.6647,149,2.82,partial,0.9,0.98,19.2,False,False,0.298
MEF-0045,2013,Marrakech-Safi,regional_office,arid,owned,2868,2007,8,0.6456,147,2.89,compliant,0.9,1.01,19.5,False,False,0.159
MEF-0045,2014,Marrakech-Safi,regional_office,arid,owned,2868,2007,9,0.6007,148,2.8,partial,0.9,0.98,19.4,False,False,0.329
MEF-0045,2015,Marrakech-Safi,regional_office,arid,owned,2868,2007,10,0.6044,144,3.05,compliant,0.9,1.06,19.9,False,False,0.182
MEF-0045,2016,Marrakech-Safi,regional_office,arid,owned,2868,2007,11,0.6154,143,3.24,compliant,0.9,1.13,20.1,False,False,0.183
MEF-0045,2017,Marrakech-Safi,regional_office,arid,owned,2868,2007,12,0.6202,143,3.31,compliant,0.9,1.15,20.1,False,False,0.185
MEF-0045,2018,Marrakech-Safi,regional_office,arid,owned,2868,2007,13,0.5852,143,3.29,compliant,0.9,1.15,20.1,False,False,0.202
MEF-0045,2019,Marrakech-Safi,regional_office,arid,owned,2868,2007,14,0.579,144,3.36,compliant,0.9,1.17,19.9,False,False,0.209
MEF-0045,2020,Marrakech-Safi,regional_office,arid,owned,2868,2007,15,0.4192,144,2.44,compliant,0.9,0.85,19.9,True,False,0.269
MEF-0045,2021,Marrakech-Safi,regional_office,arid,owned,2868,2007,16,0.4943,143,3.15,partial,0.9,1.1,20.1,True,False,0.397
MEF-0045,2022,Marrakech-Safi,regional_office,arid,owned,2868,2007,17,0.4751,141,2.89,compliant,0.9,1.01,20.3,True,False,0.258
MEF-0045,2023,Marrakech-Safi,regional_office,arid,owned,2868,2007,18,0.498,139,3.49,compliant,0.9,1.22,20.6,True,False,0.254
MEF-0045,2024,Marrakech-Safi,regional_office,arid,owned,2868,2007,19,0.5154,139,3.44,compliant,0.9,1.2,20.6,False,False,0.253
MEF-0046,2005,Marrakech-Safi,ministry_hq,arid,owned,17761,1990,15,0.7886,1142,18.69,compliant,0.9,1.05,15.6,False,False,0.14
MEF-0046,2006,Marrakech-Safi,ministry_hq,arid,owned,17761,1990,16,0.7942,1124,18.17,compliant,0.9,1.02,15.8,False,False,0.142
MEF-0046,2007,Marrakech-Safi,ministry_hq,arid,owned,17761,1990,17,0.7908,1134,21.12,non_compliant,0.9,1.19,15.7,False,False,0.448
MEF-0046,2008,Marrakech-Safi,ministry_hq,arid,owned,17761,1990,18,0.7997,1144,19.57,partial,0.9,1.1,15.5,False,False,0.299
MEF-0046,2009,Marrakech-Safi,ministry_hq,arid,owned,17761,1990,19,0.7944,1146,21.45,compliant,0.9,1.21,15.5,False,False,0.155
MEF-0046,2010,Marrakech-Safi,ministry_hq,arid,owned,17761,1990,20,0.7997,1142,23.13,compliant,0.9,1.3,15.6,False,False,0.158
MEF-0046,2011,Marrakech-Safi,ministry_hq,arid,owned,17761,1990,21,0.7862,1155,22.67,non_compliant,0.9,1.28,15.4,False,False,0.467
MEF-0046,2012,Marrakech-Safi,ministry_hq,arid,owned,17761,1990,22,0.7853,1171,23.46,non_compliant,0.9,1.32,15.2,False,False,0.471
MEF-0046,2013,Marrakech-Safi,ministry_hq,arid,owned,17761,1990,23,0.7941,1160,25.83,compliant,0.9,1.45,15.3,False,False,0.173
MEF-0046,2014,Marrakech-Safi,ministry_hq,arid,owned,17761,1990,24,0.7968,1170,26.86,compliant,0.9,1.51,15.2,False,False,0.176
MEF-0046,2015,Marrakech-Safi,ministry_hq,arid,owned,17761,1990,25,0.8036,1162,28.17,compliant,0.9,1.59,15.3,False,False,0.178
MEF-0046,2016,Marrakech-Safi,ministry_hq,arid,owned,17761,1990,26,0.7869,1158,29.74,compliant,0.9,1.67,15.3,False,False,0.188
MEF-0046,2017,Marrakech-Safi,ministry_hq,arid,owned,17761,1990,27,0.7762,1136,29.1,compliant,0.9,1.64,15.6,False,False,0.196
MEF-0046,2018,Marrakech-Safi,ministry_hq,arid,owned,17761,1990,28,0.7659,1110,30.81,non_compliant,0.9,1.73,16.0,False,False,0.504
MEF-0046,2019,Marrakech-Safi,ministry_hq,arid,owned,17761,1990,29,0.761,1116,30.87,compliant,0.9,1.74,15.9,False,False,0.211
MEF-0046,2020,Marrakech-Safi,ministry_hq,arid,owned,17761,1990,30,0.6655,1114,27.75,non_compliant,0.9,1.56,15.9,False,False,0.548
MEF-0046,2021,Marrakech-Safi,ministry_hq,arid,owned,17761,1990,31,0.7093,1107,31.56,compliant,0.9,1.78,16.0,False,False,0.237
MEF-0046,2022,Marrakech-Safi,ministry_hq,arid,owned,17761,1990,32,0.6889,1113,31.67,partial,0.9,1.78,16.0,False,False,0.399
MEF-0046,2023,Marrakech-Safi,ministry_hq,arid,owned,17761,1990,33,0.6988,1126,33.56,partial,0.9,1.89,15.8,False,False,0.4
MEF-0046,2024,Marrakech-Safi,ministry_hq,arid,owned,17761,1990,34,0.7232,1104,38.59,compliant,0.9,2.17,16.1,False,False,0.246
MEF-0047,2005,Marrakech-Safi,regional_office,arid,owned,1955,2007,0,0.6498,125,1.34,compliant,0.9,0.69,15.6,False,False,0.123
MEF-0047,2006,Marrakech-Safi,regional_office,arid,owned,1955,2007,1,0.6526,123,1.48,partial,0.9,0.76,15.9,False,False,0.276
MEF-0047,2007,Marrakech-Safi,regional_office,arid,owned,1955,2007,2,0.6476,125,1.46,compliant,0.9,0.75,15.6,False,False,0.132
MEF-0047,2008,Marrakech-Safi,regional_office,arid,owned,1955,2007,3,0.6708,126,1.73,compliant,0.9,0.88,15.5,False,False,0.128
MEF-0047,2009,Marrakech-Safi,regional_office,arid,owned,1955,2007,4,0.6784,125,1.7,compliant,0.9,0.87,15.6,False,False,0.13
MEF-0047,2010,Marrakech-Safi,regional_office,arid,owned,1955,2007,5,0.7019,126,1.82,non_compliant,0.9,0.93,15.5,False,False,0.426
MEF-0047,2011,Marrakech-Safi,regional_office,arid,owned,1955,2007,6,0.6979,125,1.89,compliant,0.9,0.97,15.6,False,False,0.132
MEF-0047,2012,Marrakech-Safi,regional_office,arid,owned,1955,2007,7,0.7147,125,2.12,partial,0.9,1.08,15.6,False,False,0.28
MEF-0047,2013,Marrakech-Safi,regional_office,arid,owned,1955,2007,8,0.744,123,2.22,compliant,0.9,1.14,15.9,False,False,0.125
MEF-0047,2014,Marrakech-Safi,regional_office,arid,owned,1955,2007,9,0.7674,123,2.35,compliant,0.9,1.2,15.9,False,False,0.121
MEF-0047,2015,Marrakech-Safi,regional_office,arid,owned,1955,2007,10,0.7475,123,2.61,compliant,0.9,1.34,15.9,False,False,0.132
MEF-0047,2016,Marrakech-Safi,regional_office,arid,owned,1955,2007,11,0.7428,120,2.45,compliant,0.9,1.25,16.3,False,False,0.138
MEF-0047,2017,Marrakech-Safi,regional_office,arid,owned,1955,2007,12,0.7364,120,2.63,compliant,0.9,1.35,16.3,False,False,0.145
MEF-0047,2018,Marrakech-Safi,regional_office,arid,owned,1955,2007,13,0.745,117,2.84,compliant,0.9,1.45,16.7,False,False,0.146
MEF-0047,2019,Marrakech-Safi,regional_office,arid,owned,1955,2007,14,0.7572,114,2.74,compliant,0.9,1.4,17.1,False,False,0.146
MEF-0047,2020,Marrakech-Safi,regional_office,arid,owned,1955,2007,15,0.6219,115,2.56,partial,0.9,1.31,17.0,False,False,0.348
MEF-0047,2021,Marrakech-Safi,regional_office,arid,owned,1955,2007,16,0.6731,116,2.71,partial,0.9,1.39,16.9,False,False,0.334
MEF-0047,2022,Marrakech-Safi,regional_office,arid,owned,1955,2007,17,0.6367,115,2.89,compliant,0.9,1.48,17.0,False,False,0.202
MEF-0047,2023,Marrakech-Safi,regional_office,arid,owned,1955,2007,18,0.6627,116,2.92,compliant,0.9,1.49,16.9,False,False,0.197
MEF-0047,2024,Marrakech-Safi,regional_office,arid,owned,1955,2007,19,0.6535,116,3.21,compliant,0.9,1.64,16.9,False,False,0.204
MEF-0048,2005,Marrakech-Safi,regional_office,arid,owned,2976,2013,0,0.6832,218,2.25,non_compliant,0.9,0.76,13.7,False,False,0.411
MEF-0048,2006,Marrakech-Safi,regional_office,arid,owned,2976,2013,1,0.6744,215,2.22,compliant,0.9,0.75,13.8,False,False,0.118
MEF-0048,2007,Marrakech-Safi,regional_office,arid,owned,2976,2013,2,0.6766,214,2.52,compliant,0.9,0.85,13.9,False,False,0.122
MEF-0048,2008,Marrakech-Safi,regional_office,arid,owned,2976,2013,3,0.6496,214,2.35,partial,0.9,0.79,13.9,False,False,0.286
MEF-0048,2009,Marrakech-Safi,regional_office,arid,owned,2976,2013,4,0.6669,210,2.65,compliant,0.9,0.89,14.2,False,False,0.134
MEF-0048,2010,Marrakech-Safi,regional_office,arid,owned,2976,2013,5,0.69,213,2.64,compliant,0.9,0.89,14.0,False,False,0.13
MEF-0048,2011,Marrakech-Safi,regional_office,arid,owned,2976,2013,6,0.6786,211,2.95,compliant,0.9,0.99,14.1,False,False,0.139
MEF-0048,2012,Marrakech-Safi,regional_office,arid,owned,2976,2013,7,0.6714,215,2.83,partial,0.9,0.95,13.8,False,False,0.296
MEF-0048,2013,Marrakech-Safi,regional_office,arid,owned,2976,2013,8,0.6937,215,3.21,partial,0.9,1.08,13.8,False,False,0.292
MEF-0048,2014,Marrakech-Safi,regional_office,arid,owned,2976,2013,9,0.6914,212,3.44,compliant,0.9,1.16,14.0,False,False,0.147
MEF-0048,2015,Marrakech-Safi,regional_office,arid,owned,2976,2013,10,0.7019,210,3.47,compliant,0.9,1.17,14.2,False,False,0.148
MEF-0048,2016,Marrakech-Safi,regional_office,arid,owned,2976,2013,11,0.7002,211,3.49,compliant,0.9,1.17,14.1,False,False,0.153
MEF-0048,2017,Marrakech-Safi,regional_office,arid,owned,2976,2013,12,0.7281,210,4.02,compliant,0.9,1.35,14.2,False,False,0.148
MEF-0048,2018,Marrakech-Safi,regional_office,arid,owned,2976,2013,13,0.7368,208,4.02,compliant,0.9,1.35,14.3,False,False,0.149
MEF-0048,2019,Marrakech-Safi,regional_office,arid,owned,2976,2013,14,0.7464,203,4.33,partial,0.9,1.45,14.7,False,False,0.3
MEF-0048,2020,Marrakech-Safi,regional_office,arid,owned,2976,2013,15,0.6364,202,3.95,compliant,0.9,1.33,14.7,False,False,0.193
MEF-0048,2021,Marrakech-Safi,regional_office,arid,owned,2976,2013,16,0.6765,202,4.57,compliant,0.9,1.54,14.7,False,False,0.183
MEF-0048,2022,Marrakech-Safi,regional_office,arid,owned,2976,2013,17,0.6681,201,4.47,compliant,0.9,1.5,14.8,False,False,0.191
MEF-0048,2023,Marrakech-Safi,regional_office,arid,owned,2976,2013,18,0.6819,200,4.76,compliant,0.9,1.6,14.9,False,False,0.19
MEF-0048,2024,Marrakech-Safi,regional_office,arid,owned,2976,2013,19,0.6841,198,5.12,partial,0.9,1.72,15.0,False,False,0.344
MEF-0049,2005,Marrakech-Safi,regional_office,arid,owned,1776,1977,28,0.6646,117,1.92,partial,0.9,1.08,15.2,False,False,0.39
MEF-0049,2006,Marrakech-Safi,regional_office,arid,owned,1776,1977,29,0.6295,115,1.79,compliant,0.9,1.01,15.4,False,False,0.257
MEF-0049,2007,Marrakech-Safi,regional_office,arid,owned,1776,1977,30,0.5926,117,1.76,compliant,0.9,0.99,15.2,False,False,0.274
MEF-0049,2008,Marrakech-Safi,regional_office,arid,owned,1776,1977,31,0.606,116,1.82,non_compliant,0.9,1.02,15.3,False,False,0.574
MEF-0049,2009,Marrakech-Safi,regional_office,arid,owned,1776,1977,32,0.6152,114,1.91,compliant,0.9,1.08,15.6,False,False,0.275
MEF-0049,2010,Marrakech-Safi,regional_office,arid,owned,1776,1977,33,0.6143,114,1.96,non_compliant,0.9,1.1,15.6,False,False,0.579
MEF-0049,2011,Marrakech-Safi,regional_office,arid,owned,1776,1977,34,0.5892,114,1.93,non_compliant,0.9,1.09,15.6,False,False,0.593
MEF-0049,2012,Marrakech-Safi,regional_office,arid,owned,1776,1977,35,0.5766,115,1.98,compliant,0.9,1.11,15.4,False,False,0.301
MEF-0049,2013,Marrakech-Safi,regional_office,arid,owned,1776,1977,36,0.572,116,1.99,compliant,0.9,1.12,15.3,False,False,0.307
MEF-0049,2014,Marrakech-Safi,regional_office,arid,owned,1776,1977,37,0.5435,115,2.08,compliant,0.9,1.17,15.4,False,False,0.322
MEF-0049,2015,Marrakech-Safi,regional_office,arid,owned,1776,1977,38,0.5304,115,1.98,partial,0.9,1.11,15.4,False,False,0.481
MEF-0049,2016,Marrakech-Safi,regional_office,arid,owned,1776,1977,39,0.5423,114,2.28,partial,0.9,1.28,15.6,False,False,0.481
MEF-0049,2017,Marrakech-Safi,regional_office,arid,owned,1776,1977,40,0.5683,115,2.47,non_compliant,0.9,1.39,15.4,False,False,0.626
MEF-0049,2018,Marrakech-Safi,regional_office,arid,owned,1776,1977,41,0.5609,116,2.55,non_compliant,0.9,1.44,15.3,False,True,0.633
MEF-0049,2019,Marrakech-Safi,regional_office,arid,owned,1776,1977,42,0.5747,115,2.66,partial,0.9,1.5,15.4,False,True,0.483
MEF-0049,2020,Marrakech-Safi,regional_office,arid,owned,1776,1977,43,0.4204,115,2.32,compliant,0.9,1.31,15.4,True,True,0.391
MEF-0049,2021,Marrakech-Safi,regional_office,arid,owned,1776,1977,44,0.4827,115,2.61,compliant,0.9,1.47,15.4,True,True,0.374
MEF-0049,2022,Marrakech-Safi,regional_office,arid,owned,1776,1977,45,0.4686,114,2.38,non_compliant,0.9,1.34,15.6,True,True,0.683
MEF-0049,2023,Marrakech-Safi,regional_office,arid,owned,1776,1977,46,0.4744,115,2.67,compliant,0.9,1.5,15.4,True,True,0.385
MEF-0049,2024,Marrakech-Safi,regional_office,arid,owned,1776,1977,47,0.4703,116,2.66,compliant,0.9,1.5,15.3,True,True,0.391
MEF-0050,2005,Marrakech-Safi,annex,arid,leased,932,1996,9,0.4896,50,0.6,compliant,0.9,0.64,18.6,True,False,0.218
MEF-0050,2006,Marrakech-Safi,annex,arid,leased,932,1996,10,0.4714,50,0.58,non_compliant,0.9,0.62,18.6,True,False,0.529
MEF-0050,2007,Marrakech-Safi,annex,arid,leased,932,1996,11,0.4411,51,0.52,non_compliant,0.9,0.56,18.3,True,False,0.544
MEF-0050,2008,Marrakech-Safi,annex,arid,leased,932,1996,12,0.4412,50,0.59,compliant,0.9,0.63,18.6,True,False,0.248
MEF-0050,2009,Marrakech-Safi,annex,arid,leased,932,1996,13,0.4295,50,0.6,compliant,0.9,0.64,18.6,True,False,0.257
MEF-0050,2010,Marrakech-Safi,annex,arid,leased,932,1996,14,0.4251,49,0.58,partial,0.9,0.62,19.0,True,False,0.412
MEF-0050,2011,Marrakech-Safi,annex,arid,leased,932,1996,15,0.4079,50,0.61,compliant,0.9,0.65,18.6,True,False,0.273
MEF-0050,2012,Marrakech-Safi,annex,arid,leased,932,1996,16,0.4299,50,0.64,partial,0.9,0.69,18.6,True,False,0.42
MEF-0050,2013,Marrakech-Safi,annex,arid,leased,932,1996,17,0.4182,50,0.7,compliant,0.9,0.75,18.6,True,False,0.278
MEF-0050,2014,Marrakech-Safi,annex,arid,leased,932,1996,18,0.4106,49,0.69,compliant,0.9,0.74,19.0,True,False,0.285
MEF-0050,2015,Marrakech-Safi,annex,arid,leased,932,1996,19,0.4176,49,0.69,partial,0.9,0.74,19.0,True,False,0.437
MEF-0050,2016,Marrakech-Safi,annex,arid,leased,932,1996,20,0.393,49,0.73,compliant,0.9,0.78,19.0,True,False,0.3
MEF-0050,2017,Marrakech-Safi,annex,arid,leased,932,1996,21,0.3672,49,0.72,compliant,0.9,0.77,19.0,True,False,0.313
MEF-0050,2018,Marrakech-Safi,annex,arid,leased,932,1996,22,0.3743,48,0.74,compliant,0.9,0.79,19.4,True,False,0.315
MEF-0050,2019,Marrakech-Safi,annex,arid,leased,932,1996,23,0.3666,49,0.76,compliant,0.9,0.82,19.0,True,False,0.322
MEF-0050,2020,Marrakech-Safi,annex,arid,leased,932,1996,24,0.2307,49,0.5,compliant,0.9,0.54,19.0,True,False,0.374
MEF-0050,2021,Marrakech-Safi,annex,arid,leased,932,1996,25,0.2921,49,0.62,partial,0.9,0.67,19.0,True,False,0.507
MEF-0050,2022,Marrakech-Safi,annex,arid,leased,932,1996,26,0.278,49,0.64,compliant,0.9,0.69,19.0,True,False,0.366
MEF-0050,2023,Marrakech-Safi,annex,arid,leased,932,1996,27,0.2735,49,0.67,compliant,0.9,0.72,19.0,True,False,0.372
MEF-0050,2024,Marrakech-Safi,annex,arid,leased,932,1996,28,0.2579,49,0.64,compliant,0.9,0.69,19.0,True,False,0.382
MEF-0051,2005,Marrakech-Safi,annex,arid,leased,542,1989,16,0.5134,28,0.5,compliant,0.9,0.92,19.4,False,False,0.24
MEF-0051,2006,Marrakech-Safi,annex,arid,leased,542,1989,17,0.5146,28,0.5,non_compliant,0.9,0.92,19.4,False,False,0.544
MEF-0051,2007,Marrakech-Safi,annex,arid,leased,542,1989,18,0.5181,28,0.5,partial,0.9,0.92,19.4,False,False,0.397
MEF-0051,2008,Marrakech-Safi,annex,arid,leased,542,1989,19,0.5612,28,0.5,compliant,0.9,0.92,19.4,False,False,0.237
MEF-0051,2009,Marrakech-Safi,annex,arid,leased,542,1989,20,0.5233,28,0.5,non_compliant,0.9,0.92,19.4,False,False,0.554
MEF-0051,2010,Marrakech-Safi,annex,arid,leased,542,1989,21,0.5356,27,0.5,compliant,0.9,0.92,20.1,False,False,0.254
MEF-0051,2011,Marrakech-Safi,annex,arid,leased,542,1989,22,0.5335,27,0.5,compliant,0.9,0.92,20.1,False,False,0.26
MEF-0051,2012,Marrakech-Safi,annex,arid,leased,542,1989,23,0.5437,27,0.53,compliant,0.9,0.98,20.1,False,False,0.26
MEF-0051,2013,Marrakech-Safi,annex,arid,leased,542,1989,24,0.5318,28,0.54,compliant,0.9,1.0,19.4,False,False,0.269
MEF-0051,2014,Marrakech-Safi,annex,arid,leased,542,1989,25,0.5309,27,0.56,compliant,0.9,1.03,20.1,False,False,0.274
MEF-0051,2015,Marrakech-Safi,annex,arid,leased,542,1989,26,0.5437,27,0.58,non_compliant,0.9,1.07,20.1,False,False,0.573
MEF-0051,2016,Marrakech-Safi,annex,arid,leased,542,1989,27,0.5997,27,0.64,partial,0.9,1.18,20.1,False,False,0.408
MEF-0051,2017,Marrakech-Safi,annex,arid,leased,542,1989,28,0.614,26,0.69,compliant,0.9,1.27,20.8,False,False,0.258
MEF-0051,2018,Marrakech-Safi,annex,arid,leased,542,1989,29,0.5986,26,0.75,compliant,0.9,1.38,20.8,False,False,0.267
MEF-0051,2019,Marrakech-Safi,annex,arid,leased,542,1989,30,0.5908,26,0.75,partial,0.9,1.38,20.8,False,False,0.424
MEF-0051,2020,Marrakech-Safi,annex,arid,leased,542,1989,31,0.4625,26,0.61,non_compliant,0.9,1.13,20.8,True,False,0.624
MEF-0051,2021,Marrakech-Safi,annex,arid,leased,542,1989,32,0.4803,27,0.66,non_compliant,0.9,1.22,20.1,True,False,0.622
MEF-0051,2022,Marrakech-Safi,annex,arid,leased,542,1989,33,0.4744,27,0.68,compliant,0.9,1.25,20.1,True,False,0.328
MEF-0051,2023,Marrakech-Safi,annex,arid,leased,542,1989,34,0.4877,27,0.77,partial,0.9,1.42,20.1,True,False,0.478
MEF-0051,2024,Marrakech-Safi,annex,arid,leased,542,1989,35,0.4648,27,0.72,compliant,0.9,1.33,20.1,True,False,0.34
MEF-0052,2005,Souss-Massa,regional_office,arid,owned,2494,1988,17,0.6098,129,1.96,compliant,0.88,0.79,19.3,False,False,0.211
MEF-0052,2006,Souss-Massa,regional_office,arid,owned,2494,1988,18,0.6271,129,2.11,compliant,0.88,0.85,19.3,False,False,0.209
MEF-0052,2007,Souss-Massa,regional_office,arid,owned,2494,1988,19,0.669,128,2.35,compliant,0.88,0.94,19.5,False,False,0.199
MEF-0052,2008,Souss-Massa,regional_office,arid,owned,2494,1988,20,0.6686,128,2.56,compliant,0.88,1.03,19.5,False,False,0.203
MEF-0052,2009,Souss-Massa,regional_office,arid,owned,2494,1988,21,0.6777,126,2.76,partial,0.88,1.11,19.8,False,False,0.355
MEF-0052,2010,Souss-Massa,regional_office,arid,owned,2494,1988,22,0.6791,129,2.72,compliant,0.88,1.09,19.3,False,False,0.209
MEF-0052,2011,Souss-Massa,regional_office,arid,owned,2494,1988,23,0.6662,129,2.94,partial,0.88,1.18,19.3,False,False,0.367
MEF-0052,2012,Souss-Massa,regional_office,arid,owned,2494,1988,24,0.6334,127,2.82,partial,0.88,1.13,19.6,False,False,0.383
MEF-0052,2013,Souss-Massa,regional_office,arid,owned,2494,1988,25,0.6207,129,2.85,compliant,0.88,1.14,19.3,False,False,0.242
MEF-0052,2014,Souss-Massa,regional_office,arid,owned,2494,1988,26,0.5958,128,2.85,compliant,0.88,1.14,19.5,False,False,0.255
MEF-0052,2015,Souss-Massa,regional_office,arid,owned,2494,1988,27,0.6265,125,3.24,partial,0.88,1.3,20.0,False,False,0.399
MEF-0052,2016,Souss-Massa,regional_office,arid,owned,2494,1988,28,0.6245,125,3.31,non_compliant,0.88,1.33,20.0,False,False,0.554
MEF-0052,2017,Souss-Massa,regional_office,arid,owned,2494,1988,29,0.6183,124,3.68,compliant,0.88,1.48,20.1,False,False,0.26
MEF-0052,2018,Souss-Massa,regional_office,arid,owned,2494,1988,30,0.6344,124,3.49,compliant,0.88,1.4,20.1,False,False,0.259
MEF-0052,2019,Souss-Massa,regional_office,arid,owned,2494,1988,31,0.6142,123,3.72,compliant,0.88,1.49,20.3,False,False,0.271
MEF-0052,2020,Souss-Massa,regional_office,arid,owned,2494,1988,32,0.4805,122,2.91,compliant,0.88,1.17,20.4,True,False,0.322
MEF-0052,2021,Souss-Massa,regional_office,arid,owned,2494,1988,33,0.5321,123,3.31,compliant,0.88,1.33,20.3,False,False,0.308
MEF-0052,2022,Souss-Massa,regional_office,arid,owned,2494,1988,34,0.5508,123,3.7,compliant,0.88,1.48,20.3,False,False,0.306
MEF-0052,2023,Souss-Massa,regional_office,arid,owned,2494,1988,35,0.5601,122,3.95,partial,0.88,1.58,20.4,False,False,0.457
MEF-0052,2024,Souss-Massa,regional_office,arid,owned,2494,1988,36,0.5647,122,4.61,compliant,0.88,1.85,20.4,False,False,0.31
MEF-0053,2005,Souss-Massa,annex,arid,owned,647,1997,8,0.5338,53,0.5,compliant,0.88,0.77,12.2,False,False,0.198
MEF-0053,2006,Souss-Massa,annex,arid,owned,647,1997,9,0.5379,54,0.5,compliant,0.88,0.77,12.0,False,False,0.201
MEF-0053,2007,Souss-Massa,annex,arid,owned,647,1997,10,0.5236,54,0.5,partial,0.88,0.77,12.0,False,False,0.36
MEF-0053,2008,Souss-Massa,annex,arid,owned,647,1997,11,0.4985,54,0.5,compliant,0.88,0.77,12.0,True,False,0.224
MEF-0053,2009,Souss-Massa,annex,arid,owned,647,1997,12,0.5164,54,0.5,compliant,0.88,0.77,12.0,False,False,0.222
MEF-0053,2010,Souss-Massa,annex,arid,owned,647,1997,13,0.5197,53,0.5,compliant,0.88,0.77,12.2,False,False,0.225
MEF-0053,2011,Souss-Massa,annex,arid,owned,647,1997,14,0.5242,54,0.51,non_compliant,0.88,0.79,12.0,False,False,0.528
MEF-0053,2012,Souss-Massa,annex,arid,owned,647,1997,15,0.513,54,0.5,compliant,0.88,0.77,12.0,False,False,0.236
MEF-0053,2013,Souss-Massa,annex,arid,owned,647,1997,16,0.4986,53,0.53,compliant,0.88,0.82,12.2,True,False,0.245
MEF-0053,2014,Souss-Massa,annex,arid,owned,647,1997,17,0.4545,54,0.5,compliant,0.88,0.77,12.0,True,False,0.265
MEF-0053,2015,Souss-Massa,annex,arid,owned,647,1997,18,0.4505,54,0.52,compliant,0.88,0.8,12.0,True,False,0.271
MEF-0053,2016,Souss-Massa,annex,arid,owned,647,1997,19,0.4765,55,0.6,compliant,0.88,0.93,11.8,True,False,0.266
MEF-0053,2017,Souss-Massa,annex,arid,owned,647,1997,20,0.4606,55,0.55,compliant,0.88,0.85,11.8,True,False,0.276
MEF-0053,2018,Souss-Massa,annex,arid,owned,647,1997,21,0.4333,55,0.54,partial,0.88,0.83,11.8,True,False,0.44
MEF-0053,2019,Souss-Massa,annex,arid,owned,647,1997,22,0.4413,56,0.6,compliant,0.88,0.93,11.6,True,False,0.292
MEF-0053,2020,Souss-Massa,annex,arid,owned,647,1997,23,0.3326,57,0.5,partial,0.88,0.77,11.4,True,False,0.484
MEF-0053,2021,Souss-Massa,annex,arid,owned,647,1997,24,0.3725,57,0.57,compliant,0.88,0.88,11.4,True,False,0.325
MEF-0053,2022,Souss-Massa,annex,arid,owned,647,1997,25,0.3665,57,0.56,compliant,0.88,0.87,11.4,True,False,0.331
MEF-0053,2023,Souss-Massa,annex,arid,owned,647,1997,26,0.3716,57,0.64,compliant,0.88,0.99,11.4,True,False,0.334
MEF-0053,2024,Souss-Massa,annex,arid,owned,647,1997,27,0.369,58,0.62,compliant,0.88,0.96,11.2,True,False,0.339
MEF-0054,2005,Souss-Massa,regional_office,arid,owned,1032,2012,0,0.6639,54,0.74,compliant,0.88,0.72,19.1,False,False,0.118
MEF-0054,2006,Souss-Massa,regional_office,arid,owned,1032,2012,1,0.693,54,0.84,compliant,0.88,0.81,19.1,False,False,0.112
MEF-0054,2007,Souss-Massa,regional_office,arid,owned,1032,2012,2,0.7004,54,0.83,non_compliant,0.88,0.8,19.1,False,False,0.414
MEF-0054,2008,Souss-Massa,regional_office,arid,owned,1032,2012,3,0.6784,53,0.89,compliant,0.88,0.86,19.5,False,False,0.126
MEF-0054,2009,Souss-Massa,regional_office,arid,owned,1032,2012,4,0.7029,53,0.88,compliant,0.88,0.85,19.5,False,False,0.121
MEF-0054,2010,Souss-Massa,regional_office,arid,owned,1032,2012,5,0.6919,53,0.95,compliant,0.88,0.92,19.5,False,False,0.13
MEF-0054,2011,Souss-Massa,regional_office,arid,owned,1032,2012,6,0.7082,52,1.02,compliant,0.88,0.99,19.8,False,False,0.128
MEF-0054,2012,Souss-Massa,regional_office,arid,owned,1032,2012,7,0.7364,52,1.2,compliant,0.88,1.16,19.8,False,False,0.123
MEF-0054,2013,Souss-Massa,regional_office,arid,owned,1032,2012,8,0.7444,52,1.17,compliant,0.88,1.13,19.8,False,False,0.124
MEF-0054,2014,Souss-Massa,regional_office,arid,owned,1032,2012,9,0.7173,52,1.08,compliant,0.88,1.05,19.8,False,False,0.138
MEF-0054,2015,Souss-Massa,regional_office,arid,owned,1032,2012,10,0.7006,51,1.11,compliant,0.88,1.08,20.2,False,False,0.149
MEF-0054,2016,Souss-Massa,regional_office,arid,owned,1032,2012,11,0.7244,51,1.31,partial,0.88,1.27,20.2,False,False,0.295
MEF-0054,2017,Souss-Massa,regional_office,arid,owned,1032,2012,12,0.7212,51,1.39,partial,0.88,1.35,20.2,False,False,0.3
MEF-0054,2018,Souss-Massa,regional_office,arid,owned,1032,2012,13,0.7224,51,1.44,compliant,0.88,1.4,20.2,False,False,0.154
MEF-0054,2019,Souss-Massa,regional_office,arid,owned,1032,2012,14,0.736,51,1.51,compliant,0.88,1.46,20.2,False,False,0.154
MEF-0054,2020,Souss-Massa,regional_office,arid,owned,1032,2012,15,0.6283,50,1.4,compliant,0.88,1.36,20.6,False,False,0.196
MEF-0054,2021,Souss-Massa,regional_office,arid,owned,1032,2012,16,0.6834,49,1.49,partial,0.88,1.44,21.1,False,False,0.331
MEF-0054,2022,Souss-Massa,regional_office,arid,owned,1032,2012,17,0.6796,50,1.63,compliant,0.88,1.58,20.6,False,False,0.187
MEF-0054,2023,Souss-Massa,regional_office,arid,owned,1032,2012,18,0.6739,49,1.52,compliant,0.88,1.47,21.1,False,False,0.193
MEF-0054,2024,Souss-Massa,regional_office,arid,owned,1032,2012,19,0.6893,49,1.67,partial,0.88,1.62,21.1,False,False,0.342
MEF-0055,2005,Souss-Massa,regional_office,arid,owned,2326,1973,32,0.6453,109,2.28,non_compliant,0.88,0.98,21.3,False,False,0.564
MEF-0055,2006,Souss-Massa,regional_office,arid,owned,2326,1973,33,0.6787,108,2.41,compliant,0.88,1.04,21.5,False,False,0.257
MEF-0055,2007,Souss-Massa,regional_office,arid,owned,2326,1973,34,0.6866,107,2.77,compliant,0.88,1.19,21.7,False,False,0.258
MEF-0055,2008,Souss-Massa,regional_office,arid,owned,2326,1973,35,0.6869,105,2.84,compliant,0.88,1.22,22.2,False,False,0.263
MEF-0055,2009,Souss-Massa,regional_office,arid,owned,2326,1973,36,0.6774,106,2.92,compliant,0.88,1.26,21.9,False,False,0.27
MEF-0055,2010,Souss-Massa,regional_office,arid,owned,2326,1973,37,0.687,104,2.72,non_compliant,0.88,1.17,22.4,False,False,0.571
MEF-0055,2011,Souss-Massa,regional_office,arid,owned,2326,1973,38,0.6988,104,3.16,compliant,0.88,1.36,22.4,False,False,0.272
MEF-0055,2012,Souss-Massa,regional_office,arid,owned,2326,1973,39,0.6794,103,3.18,compliant,0.88,1.37,22.6,False,False,0.283
MEF-0055,2013,Souss-Massa,regional_office,arid,owned,2326,1973,40,0.6917,103,3.33,non_compliant,0.88,1.43,22.6,False,False,0.583
MEF-0055,2014,Souss-Massa,regional_office,arid,owned,2326,1973,41,0.6889,100,3.54,compliant,0.88,1.52,23.3,False,True,0.288
MEF-0055,2015,Souss-Massa,regional_office,arid,owned,2326,1973,42,0.6893,102,3.58,compliant,0.88,1.54,22.8,False,True,0.292
MEF-0055,2016,Souss-Massa,regional_office,arid,owned,2326,1973,43,0.6733,101,3.85,non_compliant,0.88,1.66,23.0,False,True,0.602
MEF-0055,2017,Souss-Massa,regional_office,arid,owned,2326,1973,44,0.666,100,4.06,non_compliant,0.88,1.75,23.3,False,True,0.609
MEF-0055,2018,Souss-Massa,regional_office,arid,owned,2326,1973,45,0.6475,99,4.1,partial,0.88,1.76,23.5,False,True,0.47
MEF-0055,2019,Souss-Massa,regional_office,arid,owned,2326,1973,46,0.6281,98,4.01,compliant,0.88,1.72,23.7,False,True,0.331
MEF-0055,2020,Souss-Massa,regional_office,arid,owned,2326,1973,47,0.5149,97,3.72,partial,0.88,1.6,24.0,False,True,0.525
MEF-0055,2021,Souss-Massa,regional_office,arid,owned,2326,1973,48,0.5588,96,4.08,non_compliant,0.88,1.75,24.2,False,True,0.664
MEF-0055,2022,Souss-Massa,regional_office,arid,owned,2326,1973,49,0.5356,97,3.88,compliant,0.88,1.67,24.0,False,True,0.377
MEF-0055,2023,Souss-Massa,regional_office,arid,owned,2326,1973,50,0.575,95,4.27,compliant,0.88,1.84,24.5,False,True,0.368
MEF-0055,2024,Souss-Massa,regional_office,arid,owned,2326,1973,51,0.5549,92,4.62,non_compliant,0.88,1.99,25.3,False,True,0.679
MEF-0056,2005,Souss-Massa,ministry_hq,arid,owned,3301,2011,0,0.8102,200,2.92,partial,0.88,0.88,16.5,False,False,0.216
MEF-0056,2006,Souss-Massa,ministry_hq,arid,owned,3301,2011,1,0.8015,198,3.33,compliant,0.88,1.01,16.7,False,False,0.074
MEF-0056,2007,Souss-Massa,ministry_hq,arid,owned,3301,2011,2,0.8212,199,3.1,compliant,0.88,0.94,16.6,False,False,0.071
MEF-0056,2008,Souss-Massa,ministry_hq,arid,owned,3301,2011,3,0.8564,200,3.47,compliant,0.88,1.05,16.5,False,False,0.063
MEF-0056,2009,Souss-Massa,ministry_hq,arid,owned,3301,2011,4,0.8644,199,3.53,partial,0.88,1.07,16.6,False,False,0.215
MEF-0056,2010,Souss-Massa,ministry_hq,arid,owned,3301,2011,5,0.8657,197,4.02,compliant,0.88,1.22,16.8,False,False,0.069
MEF-0056,2011,Souss-Massa,ministry_hq,arid,owned,3301,2011,6,0.8662,196,4.32,non_compliant,0.88,1.31,16.8,False,False,0.373
MEF-0056,2012,Souss-Massa,ministry_hq,arid,owned,3301,2011,7,0.8231,197,4.28,compliant,0.88,1.3,16.8,False,False,0.093
MEF-0056,2013,Souss-Massa,ministry_hq,arid,owned,3301,2011,8,0.8364,196,4.46,compliant,0.88,1.35,16.8,False,False,0.092
MEF-0056,2014,Souss-Massa,ministry_hq,arid,owned,3301,2011,9,0.8387,196,4.41,compliant,0.88,1.34,16.8,False,False,0.096
MEF-0056,2015,Souss-Massa,ministry_hq,arid,owned,3301,2011,10,0.8463,197,4.61,partial,0.88,1.4,16.8,False,False,0.248
MEF-0056,2016,Souss-Massa,ministry_hq,arid,owned,3301,2011,11,0.8334,197,4.48,compliant,0.88,1.36,16.8,False,False,0.106
MEF-0056,2017,Souss-Massa,ministry_hq,arid,owned,3301,2011,12,0.8264,197,5.37,partial,0.88,1.63,16.8,False,False,0.263
MEF-0056,2018,Souss-Massa,ministry_hq,arid,owned,3301,2011,13,0.8189,198,5.23,partial,0.88,1.58,16.7,False,False,0.27
MEF-0056,2019,Souss-Massa,ministry_hq,arid,owned,3301,2011,14,0.8372,196,5.37,partial,0.88,1.63,16.8,False,False,0.268
MEF-0056,2020,Souss-Massa,ministry_hq,arid,owned,3301,2011,15,0.7102,194,5.1,compliant,0.88,1.54,17.0,False,False,0.167
MEF-0056,2021,Souss-Massa,ministry_hq,arid,owned,3301,2011,16,0.7979,195,5.45,compliant,0.88,1.65,16.9,False,False,0.141
MEF-0056,2022,Souss-Massa,ministry_hq,arid,owned,3301,2011,17,0.8056,194,6.07,partial,0.88,1.84,17.0,False,False,0.292
MEF-0056,2023,Souss-Massa,ministry_hq,arid,owned,3301,2011,18,0.7826,196,6.01,compliant,0.88,1.82,16.8,False,False,0.155
MEF-0056,2024,Souss-Massa,ministry_hq,arid,owned,3301,2011,19,0.7803,197,6.45,compliant,0.88,1.95,16.8,False,False,0.16
MEF-0057,2005,Souss-Massa,annex,arid,owned,330,2001,4,0.5793,23,0.5,partial,0.88,1.52,14.3,False,False,0.315
MEF-0057,2006,Souss-Massa,annex,arid,owned,330,2001,5,0.5596,23,0.5,compliant,0.88,1.52,14.3,False,False,0.176
MEF-0057,2007,Souss-Massa,annex,arid,owned,330,2001,6,0.5597,23,0.5,compliant,0.88,1.52,14.3,False,False,0.18
MEF-0057,2008,Souss-Massa,annex,arid,owned,330,2001,7,0.5452,23,0.5,non_compliant,0.88,1.52,14.3,False,False,0.49
MEF-0057,2009,Souss-Massa,annex,arid,owned,330,2001,8,0.5505,23,0.5,partial,0.88,1.52,14.3,False,False,0.342
MEF-0057,2010,Souss-Massa,annex,arid,owned,330,2001,9,0.5275,22,0.5,compliant,0.88,1.52,15.0,False,False,0.205
MEF-0057,2011,Souss-Massa,annex,arid,owned,330,2001,10,0.5426,23,0.5,compliant,0.88,1.52,14.3,False,False,0.204
MEF-0057,2012,Souss-Massa,annex,arid,owned,330,2001,11,0.5792,22,0.5,compliant,0.88,1.52,15.0,False,False,0.195
MEF-0057,2013,Souss-Massa,annex,arid,owned,330,2001,12,0.5639,22,0.5,compliant,0.88,1.52,15.0,False,False,0.205
MEF-0057,2014,Souss-Massa,annex,arid,owned,330,2001,13,0.5858,22,0.5,partial,0.88,1.52,15.0,False,False,0.352
MEF-0057,2015,Souss-Massa,annex,arid,owned,330,2001,14,0.5788,23,0.5,partial,0.88,1.52,14.3,False,False,0.359
MEF-0057,2016,Souss-Massa,annex,arid,owned,330,2001,15,0.6057,23,0.5,compliant,0.88,1.52,14.3,False,False,0.204
MEF-0057,2017,Souss-Massa,annex,arid,owned,330,2001,16,0.645,23,0.5,non_compliant,0.88,1.52,14.3,False,False,0.494
MEF-0057,2018,Souss-Massa,annex,arid,owned,330,2001,17,0.6405,23,0.5,compliant,0.88,1.52,14.3,False,False,0.2
MEF-0057,2019,Souss-Massa,annex,arid,owned,330,2001,18,0.6129,22,0.5,compliant,0.88,1.52,15.0,False,False,0.214
MEF-0057,2020,Souss-Massa,annex,arid,owned,330,2001,19,0.5098,22,0.5,compliant,0.88,1.52,15.0,False,False,0.255
MEF-0057,2021,Souss-Massa,annex,arid,owned,330,2001,20,0.5638,22,0.5,compliant,0.88,1.52,15.0,False,False,0.24
MEF-0057,2022,Souss-Massa,annex,arid,owned,330,2001,21,0.5728,22,0.5,compliant,0.88,1.52,15.0,False,False,0.241
MEF-0057,2023,Souss-Massa,annex,arid,owned,330,2001,22,0.5666,22,0.5,compliant,0.88,1.52,15.0,False,False,0.248
MEF-0057,2024,Souss-Massa,annex,arid,owned,330,2001,23,0.5506,22,0.5,compliant,0.88,1.52,15.0,False,False,0.258
